YEAR,MONTH,COMPANY,BIZ CODE,SALES CHANNEL,MTP,MFG SOURCE,PRODUCT CODE,SET CODE,SIZE,RIM,ACT SALES VOL,BUDGET SALES VOL,ACT GROSS SALES,BUDGET GROSS SALES,ACT SALES DEDUCTION,BUDGET SALES DEDUCTION,ACT NET SALES,BUDGET NET SALES,ACT COGS,BUDGET COGS,ACT OPEX,BUDGET OPEX
2025,03,BSNZ,"","","","","","",,"",0,,0,,0,,0,,0,,0,
2025,03,BSNZ,AT,OE,PSR2,TBSC,PSR0LD16,3,094V 215/55 R17,17,0,,0,,0,,0,,0,,-3.829625,
2025,03,BSNZ,AT,OE,PSR6,TBSC,LVR0L417,3,116S 265/65 R17,17,0,,0,,0,,0,,0,,-7.592953,
2025,03,BSNZ,AT,OE,PSR6,TBSC,PSR0LXS5,3,112T 255/70 R17,17,0,,0,,0,,0,,0,,-8.373088,
2025,03,BSNZ,AT,REP,"","","","",,"",-1,,0.10609300000000002,,-6376.521482000001,,-6376.415385999999,,-0.000069,,0.04060698899999998,
2025,03,BSNZ,AT,REP,"","",PSR0L161,"",,"",0,,0,,0,,0,,0,,0,
2025,03,BSNZ,AT,REP,"","",PSR0L35D,"",,"",0,,0,,0,,0,,0,,0,
2025,03,BSNZ,AT,REP,"","",PSR0NH14,"",,"",0,,0,,0,,0,,0,,0,
2025,03,BSNZ,AT,REP,"","",PSR0V115,"",,"",0,,0,,0,,0,,0,,0,
2025,03,BSNZ,AT,REP,"","",TBR00342,"",,"",0,,0,,0,,0,,0,,0,
2025,03,BSNZ,AT,REP,"","",TBR0J289,"",,"",0,,0,,0,,0,,0,,0,
2025,03,BSNZ,AT,REP,AG01,"",11001755,3,,15,0,,0,,-0.286917,,-0.286917,,0,,-3.902618,
2025,03,BSNZ,AT,REP,AG01,"",11001773,3,,26,0,,0,,-3.226141,,-3.226141,,0,,-43.881665,
2025,03,BSNZ,AT,REP,AG01,"",11002059,3,,30,1,,1771.7172070000001,,-53.95308999999999,,1717.7641179999998,,693.5412090000002,,799.7293148437,
2025,03,BSNZ,AT,REP,AG01,"",11002070,3,,28,2,,2793.551429,,-87.99896499999998,,2705.552464,,1173.0277299999998,,1221.1809946190997,
2025,03,BSNZ,AT,REP,AG01,"",11002080,3,,24,1,,937.577079,,-33.29548,,904.2815989999999,,648.228114,,358.72237479989997,
2025,03,BSNZ,AT,REP,AG01,"",11002082,"",,28,0,,0,,0,,0,,0,,0,
2025,03,BSNZ,AT,REP,AG01,"",11002082,3,,28,0,,0,,-6.755744,,-6.755744,,0,,-91.891018,
2025,03,BSNZ,AT,REP,AG01,"",11002101,3,,24,2,,1679.112522,,-54.785275999999996,,1624.3272450000002,,1033.548189,,708.3230661729999,
2025,03,BSNZ,AT,REP,AG01,"",11002110,3,,24,2,,1846.789261,,-59.151082,,1787.638179,,1117.600237,,794.0874824868,
2025,03,BSNZ,AT,REP,AG01,"",11002111,3,,34,0,,0,,-1.10893,,-1.10893,,0,,-15.083569,
2025,03,BSNZ,AT,REP,AG01,"",11002113,"",,38,0,,0,,0,,0,,0,,0,
2025,03,BSNZ,AT,REP,AG01,"",11002113,3,,38,8,,15762.19977,,-465.871399,,15296.328373999999,,7279.034335999999,,7307.5850637594995,
2025,03,BSNZ,AT,REP,AG01,"",11002127,3,,38,1,,2595.667192,,-78.396486,,2517.270705,,808.200043,,1180.5721169169,
2025,03,BSNZ,AT,REP,AG01,"",11002139,3,,42,1,,2700.332542,,-87.600156,,2612.732386,,1178.423347,,1145.9871870947,
2025,03,BSNZ,AT,REP,AG01,"",11002146,3,,30,2,,2473.552963,,-73.65871200000001,,2399.8942509999997,,1343.968034,,1139.3079142326,
2025,03,BSNZ,AT,REP,AG01,"",11002175,3,,38,2,,3351.301328,,-109.18099000000001,,3242.120338,,2477.313008,,1415.9514193757,
2025,03,BSNZ,AT,REP,AG01,"",11002177,3,,42,0,,0,,-2.257854,,-2.257854,,0,,-30.71112,
2025,03,BSNZ,AT,REP,AG01,"",11002416,3,,38,0,,0,,-1.763295,,-1.763295,,0,,-23.98418,
2025,03,BSNZ,AT,REP,AG01,"",11002417,3,,38,2,,3174.9699459999997,,-98.088515,,3076.8814289999996,,1627.105757,,1414.1907197908,
2025,03,BSNZ,AT,REP,AG01,"",11002426,3,,24,2,,901.646349,,-27.148964999999997,,874.497383,,426.713986,,411.2236115787,
2025,03,BSNZ,AT,REP,AG01,"",11002429,3,,24,0,,0,,-4.620547,,-4.620547,,0,,-62.848259000000006,
2025,03,BSNZ,AT,REP,AG01,"",11002436,3,,28,0,,0,,-1.195195,,-1.195195,,0,,-16.256933,
2025,03,BSNZ,AT,REP,AG01,"",11002437,3,,28,0,,0,,-0.929412,,-0.929412,,0,,-12.641774,
2025,03,BSNZ,AT,REP,AG01,"",11002464,3,,32,2,,10229.230312,,-303.943608,,9925.286704,,3534.296836,,4720.6201605199,
2025,03,BSNZ,AT,REP,AG01,"",11002505,3,,165,0,,0,,-0.815043,,-0.815043,,0,,-11.086141,
2025,03,BSNZ,AT,REP,AG01,"",11002641,"",,34,0,,0,,0,,0,,0,,0,
2025,03,BSNZ,AT,REP,AG01,"",11002641,3,,34,2,,2228.431123,,-67.45039200000001,,2160.9807310000006,,1162.964982,,1011.5655837364,
2025,03,BSNZ,AT,REP,AG01,"",11002760,3,,20,0,,0,,-0.355862,,-0.355862,,0,,-4.840406,
2025,03,BSNZ,AT,REP,AG01,"",11002767,3,,24,0,,0,,-3.334207,,-3.334207,,0,,-45.351576,
2025,03,BSNZ,AT,REP,AG01,"",11006206,3,,38,0,,0,,-2.227101,,-2.227101,,0,,-30.292821,
2025,03,BSNZ,AT,REP,AG01,"",11006423,3,,26,1,,2430.000563,,-73.392886,,2356.607677,,819.617245,,1105.1430289982,
2025,03,BSNZ,AT,REP,AG01,"",11007388,3,,30,0,,0,,-5.122332,,-5.122332,,0,,-69.67349,
2025,03,BSNZ,AT,REP,AG01,"",11007390,3,,42,0,,0,,-9.251473,,-9.251473,,0,,-125.837669,
2025,03,BSNZ,AT,REP,AG01,"",11007401,3,,24,0,,0,,-1.152312,,-1.152312,,0,,-15.673635,
2025,03,BSNZ,AT,REP,AG01,"",11007402,3,,24,3,,2286.7243359999998,,-67.124929,,2219.5994069999997,,1349.669473,,1066.4534492051998,
2025,03,BSNZ,AT,REP,AG01,"",11007404,3,,28,0,,0,,-1.758936,,-1.758936,,0,,-23.924884,
2025,03,BSNZ,AT,REP,AG01,"",11007406,3,,24,0,,0,,-3.8168480000000002,,-3.8168480000000002,,0,,-51.916417,
2025,03,BSNZ,AT,REP,AG01,"",11007408,3,,34,3,,4036.023224,,-119.350369,,3916.672855,,2278.665343,,1870.3512765521,
2025,03,BSNZ,AT,REP,AG01,"",11007409,3,,38,2,,2991.603175,,-87.816072,,2903.787103,,1634.826834,,1395.1858892873,
2025,03,BSNZ,AT,REP,AG01,"",11007410,3,,38,0,,0,,-2.8466140000000006,,-2.8466140000000006,,0,,-38.719381999999996,
2025,03,BSNZ,AT,REP,AG01,"",11007411,3,,34,0,,0,,-4.366445000000001,,-4.366445000000001,,0,,-59.39197699999999,
2025,03,BSNZ,AT,REP,AG01,BRIDGESTON,004444,3,,32,,2,,11408.2793,,-57.95833999999999,,11350.32096,,5214.60606482,,2895.931142830391
2025,03,BSNZ,AT,REP,AG01,BRIDGESTON,004445,3,,32,,1,,7636.651419999999,,-38.80011,,7597.856999999999,,3954.4677226,,1676.7576499999998
2025,03,BSNZ,AT,REP,AG01,BRIDGESTON,011479,3,,50,,0,,0,,0,,0,,0,,0
2025,03,BSNZ,AT,REP,AG01,BRIDGESTON,10450,3,,38,,6,,12476.303679999999,,-84.51356999999999,,12391.790109999998,,4539.459239999999,,2734.7221099999997
2025,03,BSNZ,AT,REP,AG01,BRIDGESTON,10456,3,,30,,0,,0,,0,,0,,0,,0
2025,03,BSNZ,AT,REP,AG01,BRIDGESTON,10473,3,,24,,4,,3786.43326,,-19.23789,,3767.2010599999994,,2154.96232,,831.3772799999998
2025,03,BSNZ,AT,REP,AG01,BRIDGESTON,13390,3,,38,,4,,7520.188499999999,,-50.942569999999996,,7469.245929999999,,4627.471039069999,,1648.3759299999997
2025,03,BSNZ,AT,REP,AG01,BRIDGESTON,28023,3,,28,,1,,1307.49372,,-8.85933,,1298.63439,,937.5697499999999,,286.59391999999997
2025,03,BSNZ,AT,REP,AG01,BRIDGESTON,28024,3,,30,,0,,0,,0,,0,,0,,0
2025,03,BSNZ,AT,REP,AG01,BRIDGESTON,28035,3,,38,,1,,2436.7311199999995,,-16.50669,,2420.2244299999998,,1487.4001399999997,,534.11461
2025,03,BSNZ,AT,REP,AG01,BRIDGESTON,28038,3,,42,,0,,0,,0,,0,,0,,0
2025,03,BSNZ,AT,REP,AG01,BRIDGESTON,28078,3,,"",,0,,0,,0,,0,,0,,0
2025,03,BSNZ,AT,REP,AG01,BRIDGESTON,28087,3,,24,,0,,0,,0,,0,,0,,0
2025,03,BSNZ,AT,REP,AG01,BRIDGESTON,28100,3,,24,,0,,0,,0,,0,,0,,0
2025,03,BSNZ,AT,REP,AG01,BRIDGESTON,28112,3,,"",,0,,0,,0,,0,,0,,0
2025,03,BSNZ,AT,REP,AG01,BRIDGESTON,28135,3,,28,,0,,0,,0,,0,,0,,0
2025,03,BSNZ,AT,REP,AG01,BRIDGESTON,28142,3,,34,,0,,0,,0,,0,,0,,0
2025,03,BSNZ,AT,REP,AG01,BRIDGESTON,28146,3,,"",,1,,1181.83007,,-8.00583,,1173.82424,,625.3822099999999,,259.04862999999995
2025,03,BSNZ,AT,REP,AG01,BRIDGESTON,28154,3,,24,,0,,0,,0,,0,,0,,0
2025,03,BSNZ,AT,REP,AG01,BRIDGESTON,28156,3,,"",,0,,0,,0,,0,,0,,0
2025,03,BSNZ,AT,REP,AG01,BRIDGESTON,28160,3,,"",,1,,998.8965699999999,,-6.76541,,992.12547,,528.5782399999999,,218.9512
2025,03,BSNZ,AT,REP,AG01,BRIDGESTON,28164,3,,"",,1,,1117.94844,,-7.57339,,1110.3750499999999,,591.69741,,245.04554
2025,03,BSNZ,AT,REP,AG01,BRIDGESTON,28170,3,,"",,0,,0,,0,,0,,0,,0
2025,03,BSNZ,AT,REP,AG01,BRIDGESTON,28174,3,,"",,0,,0,,0,,0,,0,,0
2025,03,BSNZ,AT,REP,AG01,BRIDGESTON,28176,3,,"",,1,,2119.74691,,-14.361559999999997,,2105.38535,,1121.8062599999998,,464.63401999999996
2025,03,BSNZ,AT,REP,AG01,BRIDGESTON,29267,3,,42,,1,,4519.413369999999,,-30.612199999999994,,4488.80117,,2050.5053,,990.62331
2025,03,BSNZ,AT,REP,AG01,BRIDGESTON,309281,3,,24,,0,,0,,0,,0,,0,,0
2025,03,BSNZ,AT,REP,AG01,BRIDGESTON,323527,3,,26,,0,,0,,0,,0,,0,,0
2025,03,BSNZ,AT,REP,AG01,BRIDGESTON,3412,3,,24,,8,,5305.7543,,-26.953529999999997,,5278.795079999999,,3287.1357599999997,,1346.8344391857786
2025,03,BSNZ,AT,REP,AG01,BRIDGESTON,3413,3,,24,,4,,3064.71366,,-15.567839999999999,,3049.1458199999997,,1928.84172,,672.9107799999999
2025,03,BSNZ,AT,REP,AG01,BRIDGESTON,3414,3,,24,,1,,883.9471899999999,,-4.4894099999999995,,879.4577799999998,,369.04771,,194.0859
2025,03,BSNZ,AT,REP,AG01,BRIDGESTON,3416,3,,28,,0,,0,,0,,0,,0,,0
2025,03,BSNZ,AT,REP,AG01,BRIDGESTON,3417,3,,28,,3,,2514.50204,,-12.774049999999999,,2501.72799,,1466.3129999999999,,552.1007
2025,03,BSNZ,AT,REP,AG01,BRIDGESTON,3418,3,,28,,1,,877.4321399999999,,-4.45527,,872.9711799999999,,400.01838,,192.65201999999996
2025,03,BSNZ,AT,REP,AG01,BRIDGESTON,3424,3,,38,,2,,2824.02097,,-14.344489999999999,,2809.6707899999997,,1526.4790599999997,,620.06206
2025,03,BSNZ,AT,REP,AG01,BRIDGESTON,342467,3,,16.1,,1,,637.1434399999999,,-3.23761,,633.9058299999999,,337.64978928,,139.89434
2025,03,BSNZ,AT,REP,AG01,BRIDGESTON,3425,3,,38,,1,,1845.2157899999997,,-9.37712,,1835.8443599999998,,884.2430699999999,,405.15075999999993
2025,03,BSNZ,AT,REP,AG01,BRIDGESTON,3452,3,,24,,0,,0,,0,,0,,0,,0
2025,03,BSNZ,AT,REP,AG01,BRIDGESTON,3453,3,,24,,0,,0,,0,,0,,0,,0
2025,03,BSNZ,AT,REP,AG01,BRIDGESTON,359912,3,,18,,0,,0,,0,,0,,0,,0
2025,03,BSNZ,AT,REP,AG01,BRIDGESTON,371555,3,,32,,1,,4623.739519999999,,-23.488319999999998,,4600.2512,,2452.17630067,,1173.7129394263409
2025,03,BSNZ,AT,REP,AG01,BRIDGESTON,371606,3,,32,,0,,0,,0,,0,,0,,0
2025,03,BSNZ,AT,REP,AG01,BRIDGESTON,374496,3,,50,,0,,0,,0,,0,,0,,0
2025,03,BSNZ,AT,REP,AG01,BRIDGESTON,5599,3,,24,,2,,996.26779,,-5.0641,,991.2093799999999,,546.2968999999999,,252.89634698247013
2025,03,BSNZ,AT,REP,AG01,BRIDGESTON,5600,3,,24,,2,,1047.5460699999999,,-5.320149999999999,,1042.2259199999999,,660.44968,,265.9145221257224
2025,03,BSNZ,AT,REP,AG01,BRIDGESTON,5601,3,,24,,2,,1194.95121,,-6.071229999999999,,1188.87998,,759.5239599999999,,303.33189229326456
2025,03,BSNZ,AT,REP,AG01,BRIDGESTON,5602,3,,24,,0,,0,,0,,0,,0,,0
2025,03,BSNZ,AT,REP,AG01,BRIDGESTON,5603,3,,24,,0,,0,,0,,0,,0,,0
2025,03,BSNZ,AT,REP,AG01,BRIDGESTON,5607,3,,28,,2,,1374.44795,,-6.981629999999999,,1367.46632,,698.9254599999999,,348.8936404781982
2025,03,BSNZ,AT,REP,AG01,BRIDGESTON,5608,3,,28,,0,,0,,0,,0,,0,,0
2025,03,BSNZ,AT,REP,AG01,BRIDGESTON,5635,3,,34,,0,,0,,0,,0,,0,,0
2025,03,BSNZ,AT,REP,AG01,BRIDGESTON,6034,3,,36,,0,,0,,0,,0,,0,,0
2025,03,BSNZ,AT,REP,AG01,BRIDGESTON,6040,3,,46,,0,,0,,0,,0,,0,,0
2025,03,BSNZ,AT,REP,AG01,BRIDGESTON,6042,3,,48,,0,,0,,0,,0,,0,,0
2025,03,BSNZ,AT,REP,AG01,BRIDGESTON,6948,3,,28,,0,,0,,0,,0,,0,,0
2025,03,BSNZ,AT,REP,AG01,BRIDGESTON,6949,3,,28,,4,,5158.775909999999,,-34.94228999999999,,5123.833619999999,,2728.57122,,1307.2986754214094
2025,03,BSNZ,AT,REP,AG01,BRIDGESTON,6952,3,,30,,2,,2658.8232,,-18.00885,,2640.8143499999996,,1338.5952599999998,,582.7982499999999
2025,03,BSNZ,AT,REP,AG01,BRIDGESTON,6955,3,,34,,0,,0,,0,,0,,0,,0
2025,03,BSNZ,AT,REP,AG01,BRIDGESTON,6960,3,,38,,1,,2499.12766,,-16.92775,,2482.19991,,1176.3961199999999,,633.3122284014293
2025,03,BSNZ,AT,REP,AG01,BRIDGESTON,6962,3,,38,,0,,0,,0,,0,,0,,0
2025,03,BSNZ,AT,REP,AG01,BRIDGESTON,6965,3,,42,,1,,2554.2979,,-17.303289999999997,,2536.9946099999997,,1159.03593,,559.8846199999999
2025,03,BSNZ,AT,REP,AG01,BRIDGESTON,7764,3,,32,,1,,3850.3888599999996,,-26.08296,,3824.3059,,1739.7061199999998,,843.9806299999999
2025,03,BSNZ,AT,REP,AG01,BRIDGESTON,8547,3,,32,,1,,3895.68695,,-26.39022,,3869.2967299999996,,1869.8918804299997,,987.2179755296632
2025,03,BSNZ,AT,REP,AG01,BRIDGESTON,8555,3,,26,,0,,0,,0,,0,,0,,0
2025,03,BSNZ,AT,REP,AG01,BRIDGESTON,8886,3,,30,,0,,0,,0,,0,,0,,0
2025,03,BSNZ,AT,REP,AG01,BRIDGESTON,8887,3,,42,,1,,2161.14166,,-10.9817,,2150.15996,,1202.91721,,474.51754999999997
2025,03,BSNZ,AT,REP,AG01,BRIDGESTON,8943,3,,24,,2,,1570.6220799999999,,-7.977379999999999,,1562.6447,,1004.0687799999998,,344.85383
2025,03,BSNZ,AT,REP,AG01,BRIDGESTON,8950,3,,24,,8,,7506.2593799999995,,-38.13437999999999,,7468.119309999999,,4137.90456,,1648.12557
2025,03,BSNZ,AT,REP,AG01,BRIDGESTON,8954,3,,28,,4,,4352.6224,,-22.11134,,4330.51106,,2228.5226399999997,,955.6923999999999
2025,03,BSNZ,AT,REP,AG01,BRIDGESTON,8958,3,,24,,5,,5726.74602,,-29.092969999999998,,5697.65305,,3185.5465,,1257.40465
2025,03,BSNZ,AT,REP,AG01,BRIDGESTON,8961,3,,28,,2,,2340.44494,,-11.892099999999997,,2328.55853,,1348.6210399999998,,513.8866599999999
2025,03,BSNZ,AT,REP,AG01,BRIDGESTON,8969,3,,34,,2,,2805.17569,,-14.253449999999999,,2790.92224,,1526.7180399999997,,615.92543
2025,03,BSNZ,AT,REP,AG01,BRIDGESTON,8978,3,,34,,0,,0,,0,,0,,0,,0
2025,03,BSNZ,AT,REP,AG01,BRIDGESTON,8980,3,,38,,3,,5400.5610799999995,,-27.437179999999998,,5373.1239,,2867.7770699999996,,1185.78462
2025,03,BSNZ,AT,REP,AG01,BRIDGESTON,8984,3,,38,,4,,8409.916729999999,,-42.726209999999995,,8367.19052,,4739.86104,,1846.53587
2025,03,BSNZ,AT,REP,AGR1,BFNT,AGR0UA9F,3,1548 480/80 R42,42,4,,7669.689278,,-225.137476,,7444.551802,,4556.550673,,3288.435155,
2025,03,BSNZ,AT,REP,AGR1,BSEU,AGR0G001,3,B54D 540/65 R28,28,0,,0,,-4.458988000000001,,-4.458988000000001,,-1.0436889999999999,,-60.650739,
2025,03,BSNZ,AT,REP,AGR1,BSEU,AGR0G002,3,B69D 650/65 R38,38,2,,4556.139383,,-133.741757,,4422.397626,,2359.655171,,1953.477954,
2025,03,BSNZ,AT,REP,AGR1,BSEU,AGR0G004,3,B37D 380/85 R24,24,0,1,0,645.67275,-1.283284,-4.37561,-1.283284,641.2971399999999,0,353.40021,-17.45511,141.52737
2025,03,BSNZ,AT,REP,AGR1,BSEU,AGR0G005,3,B54D 460/85 R38,38,2,1,3707.649297,1817.57946,-108.835022,-12.31316,3598.814274,1805.2662999999998,1279.400197,628.4036,1589.681648,398.40241999999995
2025,03,BSNZ,AT,REP,AGR1,BSEU,AGR0G006,3,B36D 420/70 R24,24,4,1,4056.9897959849995,852.72047,-119.731530974,-5.7753499999999995,3937.2582650109994,846.94512,2061.5715609219997,496.89631999999995,1883.3162694714001,186.91081
2025,03,BSNZ,AT,REP,AGR1,BSEU,AGR0G007,3,B55D 520/70 R38,38,,0,,0,,0,,0,,0,,0
2025,03,BSNZ,AT,REP,AGR1,BSEU,AGR0G008,3,B49D 540/65 R28,28,0,4,0,5130.69007,-2.002069,-34.75452,-2.002069,5095.93555,-0.468613,3125.6535599999997,-27.231957,1124.61143
2025,03,BSNZ,AT,REP,AGR1,BSEU,AGR0G009,3,B63D 650/65 R38,38,1,2,2211.736037,5462.08136,-69.360189,-37.002069999999996,2142.375847,5425.07929,1356.431771,2684.8947799999996,887.95335,1197.2499699999998
2025,03,BSNZ,AT,REP,AGR1,BSEU,AGR0G010,3,B58D 600/70 R30,30,0,2,0,3979.2218399999992,-3.090458,-26.953529999999997,-3.090458,3952.2683099999995,-0.723366,2198.79808,-42.036124,872.2201
2025,03,BSNZ,AT,REP,AGR1,BSEU,AGR0G011,3,B73D 710/70 R42,42,-1,0,-3292.114734,0,85.024197,0,-3207.090537,0,-1929.211988,0,-1569.4791269999998,0
2025,03,BSNZ,AT,REP,AGR1,BSEU,AGR0G012,3,B35D 440/65 R24,24,,0,,0,,0,,0,,0,,0
2025,03,BSNZ,AT,REP,AGR1,BSEU,AGR0G015,3,B79D 710/70 R42,42,,0,,0,,0,,0,,0,,0
2025,03,BSNZ,AT,REP,AGR1,BSEU,AGR0G016,3,B42D 480/65 R28,28,0,4,0,4583.6933,-2.089135,-31.05033,-2.089135,4552.64297,-0.488991,2552.69332,-28.416214,1004.7117499999999
2025,03,BSNZ,AT,REP,AGR1,BSEU,AGR0G017,3,B59D 600/65 R38,38,3,2,7181.679054,4735.2692099999995,-214.846182,-32.074529999999996,6966.832872000001,4703.19468,3092.9194150000003,2257.5643999999998,3024.329183,1037.9356599999999
2025,03,BSNZ,AT,REP,AGR1,BSEU,AGR0G01F,3,B31D 440/65 R28,28,3,6,2902.0974099999994,5328.616719999999,-88.009303,-27.073019999999996,2814.088107,5301.543699999999,1737.038234,3000.3939,1205.929871,1169.9891799999998
2025,03,BSNZ,AT,REP,AGR1,BSEU,AGR0G024,3,B47D 420/85 R34,34,,1,,1277.1887799999997,,-8.6488,,1268.53998,,631.54448,,279.95369
2025,03,BSNZ,AT,REP,AGR1,BSEU,AGR0G027,3,B54D 600/65 R28,28,2,0,3687.4923529999996,0,-119.258099,0,3568.2342529999996,0,1804.108305,0,1431.2173629999998,0
2025,03,BSNZ,AT,REP,AGR1,BSEU,AGR0G028,3,B71D 710/70 R38,38,1,2,2956.454155,7673.59659,-86.784301,-51.97814999999999,2869.669853,7621.618439999999,1264.791987,2564.9837199999997,1267.601258,1681.99814
2025,03,BSNZ,AT,REP,AGR1,BSEU,AGR0G036,3,B30D 380/70 R24,24,1,4,954.13257408,2907.03238,-29.424788849,-19.693089999999998,924.707785231,2887.33929,294.559481005,1758.1417199999999,425.7022615786,637.2003399999999
2025,03,BSNZ,AT,REP,AGR1,BSEU,AGR0G038,3,B40D 480/65 R24,24,8,4,9398.3845312,4594.12307,-279.418551819,-31.118609999999997,9118.965979380999,4563.00446,4990.797611922,2171.6454,4334.994200085001,1006.9991299999999
2025,03,BSNZ,AT,REP,AGR1,BSEU,AGR0G039,3,B43D 480/70 R24,24,,1,,793.0152999999999,,-5.371359999999999,,787.6439399999999,,391.55165999999997,,173.82380999999998
2025,03,BSNZ,AT,REP,AGR1,BSEU,AGR0G040,3,B46D 540/65 R24,24,,0,,0,,0,,0,,0,,0
2025,03,BSNZ,AT,REP,AGR1,BSEU,AGR0G044,3,B39D 420/70 R28,28,2,0,1813.566597,0,-53.983222,0,1759.5833750000002,0,807.611617,0,767.413105,0
2025,03,BSNZ,AT,REP,AGR1,BSEU,AGR0G046,3,B38D 440/65 R28,28,,1,,1153.2719599999998,,-7.81237,,1145.45959,,545.01096,,252.78962999999996
2025,03,BSNZ,AT,REP,AGR1,BSEU,AGR0G047,3,B45D 480/70 R28,28,,0,,0,,0,,0,,0,,0
2025,03,BSNZ,AT,REP,AGR1,BSEU,AGR0G048,3,B57D 600/70 R28,28,0,0,0,0,-8.176162000000001,0,-8.176162000000001,0,-1.9137469999999999,0,-111.21139199999999,0
2025,03,BSNZ,AT,REP,AGR1,BSEU,AGR0G04F,3,B47D 540/65 R38,38,1,8,1669.34115,12720.84281,-52.948595000000005,-64.62701999999999,1616.3925550000001,12656.215789999998,829.2361429999999,6326.506159999999,662.0629779999999,2793.0730599999997
2025,03,BSNZ,AT,REP,AGR1,BSEU,AGR0G050,3,B45D 420/85 R30,30,,2,,2358.8748499999997,,-15.977519999999998,,2342.89733,,1004.4784599999998,,517.0503
2025,03,BSNZ,AT,REP,AGR1,BSEU,AGR0G052,3,B47D 480/70 R30,30,0,2,0,1968.75138,-1.946392,-13.33736,-1.946392,1955.4140199999997,-0.455581,1281.26282,-26.474637,431.5352899999999
2025,03,BSNZ,AT,REP,AGR1,BSEU,AGR0G053,3,B50D 540/65 R30,30,2,2,2692.655036,2891.28815,-81.471209,-19.584979999999998,2611.183826,2871.70317,1729.5009209999998,1528.59574,1121.4358120000002,633.7521999999999
2025,03,BSNZ,AT,REP,AGR1,BSEU,AGR0G055,3,B49D 480/70 R34,34,0,1,0,1407.9904999999999,-1.432168,-9.53644,-1.432168,1398.4540599999998,0,835.8609999999999,-19.480218,308.61990999999995
2025,03,BSNZ,AT,REP,AGR1,BSEU,AGR0G056,3,B52D 540/65 R34,34,0,0,0,0,-2.348881,0,-2.348881,0,0,0,-31.949259,0
2025,03,BSNZ,AT,REP,AGR1,BSEU,AGR0G057,3,B57D 600/65 R34,34,,0,,0,,0,,0,,0,,0
2025,03,BSNZ,AT,REP,AGR1,BSEU,AGR0G062,"",B60D 580/70 R38,38,0,,0,,0,,0,,0,,0,
2025,03,BSNZ,AT,REP,AGR1,BSEU,AGR0G062,3,B60D 580/70 R38,38,0,1,0,1847.50886,-3.12268,-12.512309999999998,-3.12268,1834.9908599999999,0,851.2581399999999,-42.474403,404.96299
2025,03,BSNZ,AT,REP,AGR1,BSEU,AGR0G066,3,B62D 520/85 R42,42,,0,,0,,0,,0,,0,,0
2025,03,BSNZ,AT,REP,AGR1,BSEU,AGR0G069,3,B65D 650/65 R42,42,1,4,3335.555461,12440.001479999997,-97.912511,-84.26889999999999,3237.642949,12355.732579999998,1497.701988,5767.588839999999,1430.143705,2726.7617999999998
2025,03,BSNZ,AT,REP,AGR1,BSEU,AGR0G26F,3,B40D 420/85 R30,30,0,0,0,0,-0.730252,0,-0.730252,0,-0.170926,0,-9.932823,0
2025,03,BSNZ,AT,REP,AGR1,BSEU,AGR0G27F,3,B32D 340/85 R36,36,,0,,0,,0,,0,,0,,0
2025,03,BSNZ,AT,REP,AGR1,BSEU,AGR0G28F,3,B33D 340/85 R38,38,,0,,0,,0,,0,,0,,0
2025,03,BSNZ,AT,REP,AGR1,BSEU,AGR0G29F,3,B44D 420/85 R38,38,,0,,0,,0,,0,,0,,0
2025,03,BSNZ,AT,REP,AGR1,BSEU,AGR0G33F,3,B15D 280/85 R24,24,0,,0,,-0.829144,,-0.829144,,-0.194074,,-11.277953,
2025,03,BSNZ,AT,REP,AGR1,BSEU,AGR0G34F,3,B22D 320/85 R24,24,0,,0,,-1.007029,,-1.007029,,-0.235709,,-13.697511,
2025,03,BSNZ,AT,REP,AGR1,BSEU,AGR0G35F,3,B25D 340/85 R24,24,2,,1294.511329,,-38.430909,,1256.0804210000001,,760.55694,,549.160802,
2025,03,BSNZ,AT,REP,AGR1,BSEU,AGR0G37F,3,B27D 340/85 R28,28,2,,1471.95944,,-43.743525999999996,,1428.215914,,725.618261,,623.831455,
2025,03,BSNZ,AT,REP,AGR1,BSEU,AGR0G38F,3,B33D 380/85 R28,28,0,,0,,-0.737692,,-0.737692,,-0.172667,,-10.034014,
2025,03,BSNZ,AT,REP,AGR1,BSEU,AGR0G43F,3,B39D 420/85 R28,28,2,0,1992.243109,0,-58.480672,0,1933.762437,0,809.181115,0,854.188747,0
2025,03,BSNZ,AT,REP,AGR1,BSEU,AGR0G62F,3,B31D 380/85 R24,24,0,,0,,-2.539062,,-2.539062,,-0.594303,,-34.536072000000004,
2025,03,BSNZ,AT,REP,AGR1,BSEU,AGR0G67F,3,B37D 420/85 R24,24,2,,1877.666795,,-55.117378,,1822.549417,,910.144172,,805.063318,
2025,03,BSNZ,AT,REP,AGR1,BSEU,AGR0G75F,3,B27D 380/70 R28,28,0,,0,,0,,0,,0,,0,
2025,03,BSNZ,AT,REP,AGR1,BSEU,AGR0G77F,3,B25D 380/70 R24,24,5,,3498.8211229999997,,-112.09309699999999,,3386.728028,,2102.700128,,1372.4495909999998,
2025,03,BSNZ,AT,REP,AGR1,BSEU,AGR0S001,3,B59D 600/65 R28,28,0,2,0,3707.21139,-4.7806,-25.10997,-4.7806,3682.0957299999995,-1.118967,1716.36574,-65.025281,812.5945899999999
2025,03,BSNZ,AT,REP,AGR1,BSEU,AGR0S006,3,B81D 710/75 R42,42,,0,,0,,0,,0,,0,,0
2025,03,BSNZ,AT,REP,AGR1,BSEU,AGR0S29F,3,B41D 480/70 R30,30,,0,,0,,0,,0,,0,,0
2025,03,BSNZ,AT,REP,AGR1,BSEU,AGR0S30F,3,B43D 480/70 R34,34,3,8,3573.474404,9097.90601,-111.117148,-46.21987,3462.357256,9051.68614,2038.29261,5367.172159999999,1447.5395350000001,1997.5996799999998
2025,03,BSNZ,AT,REP,AGR1,BSEU,AGR0S38F,3,B28D 320/85 R36,36,0,,0,,-0.805926,,-0.805926,,-0.188638,,-10.962134,
2025,03,BSNZ,AT,REP,AGR1,BSEU,AGR0S55F,3,1498 400/70 R20,20,,0,,0,,0,,0,,0,,0
2025,03,BSNZ,AT,REP,AGR1,BSEU,AGR0S58F,3,1588 400/70 R24,24,0,2,0,1499.32638,-6.349607,-7.61891,-6.349607,1491.7131599999998,-1.486216,1059.0683199999999,-86.366767,329.20063999999996
2025,03,BSNZ,AT,REP,AGR1,BSEU,AGR0S62F,3,1568 400/80 R24,24,24,20,21421.080332,18437.79065,-630.455881,-93.67446999999999,20790.624451,18344.12187,14606.193131,11756.677999999998,9161.898661,4048.32689
2025,03,BSNZ,AT,REP,AGR1,BSEU,AGR0SG4F,3,B48D 520/70 R34,34,2,2,2639.6662829999996,2597.2858499999998,-83.668016,-13.19511,2555.998267,2584.0907399999996,1702.865546,1655.0502999999997,1047.678766,570.2802499999999
2025,03,BSNZ,AT,REP,AGR1,BSEU,AGR0SH2F,3,B62D 520/85 R42,42,,0,,0,,0,,0,,0,,0
2025,03,BSNZ,AT,REP,AGR1,BSEU,AGR0SH4F,3,B54D 600/65 R28,28,,0,,0,,0,,0,,0,,0
2025,03,BSNZ,AT,REP,AGR1,BSEU,AGR0SH7F,3,B73D 710/70 R42,42,1,1,2418.414508,2471.60513,-70.990586,-12.55783,2347.423922,2459.0472999999997,1562.295406,1561.4213499999998,1036.91284,542.6837499999999
2025,03,BSNZ,AT,REP,AGR1,BSEU,AGR0SJ1F,3,B58D 600/70 R30,30,1,0,1381.951148,0,-40.566049,0,1341.385098,0,979.819506,0,592.521623,0
2025,03,BSNZ,AT,REP,AGR1,BSEU,AGR0SK1F,3,B45D 460/85 R30,30,2,1,1953.157622,1158.5295199999998,-57.33335,-5.8834599999999995,1895.824272,1152.6460599999998,1136.242836,502.21646999999996,837.43056,254.37713999999997
2025,03,BSNZ,AT,REP,AGR1,BSEU,AGR0SK3F,3,B49D 460/85 R38,38,1,0,1446.944729,0,-42.473883,0,1404.470846,0,817.808396,0,620.388094,0
2025,03,BSNZ,AT,REP,AGR1,BSEU,AGR0SN6F,3,B47D 460/85 R34,34,1,1,1052.739674,1170.35334,-32.932767999999996,-5.946049999999999,1019.806906,1164.4072899999999,722.2350889999999,718.75511,423.751775,256.97177999999997
2025,03,BSNZ,AT,REP,AGR1,BSEU,AGR0SN7F,3,B45D 480/70 R38,38,3,1,3725.8240480000004,1368.05808,-110.633284,-6.94749,3615.190765,1361.1048999999998,1712.486606,623.13466,1580.271105,300.38078999999993
2025,03,BSNZ,AT,REP,AGS1,BFNT,AGS0UAXF,3,       355L- 32,32,0,,0,,-12.403768,,-12.403768,,0,,-170.815005,
2025,03,BSNZ,AT,REP,AGS1,BFNT,AGS0UBAF,3,1922   305L- 32,32,0,,0,,-5.123351,,-5.123351,,-1.199193,,-70.55479,
2025,03,BSNZ,AT,REP,AGS1,BSIN,AGP0N021,3,102629X1200- 15,15,0,2,0,529.9722899999999,-1.326783,-3.5903899999999993,-1.326783,526.3819,0,113.57883,-18.271428,180.10425578446944
2025,03,BSNZ,AT,REP,AGS1,BSIN,AGP0N024,3,0786 24X850- 12,12,8,0,781.03970308,0,-23.802788006,0,757.2369150740001,0,222.5394739575,0,474.5181116032,0
2025,03,BSNZ,AT,REP,AGS1,BSIN,AGP0N026,3,0826 25X850- 14,14,1,0,103.79988619,0,-3.135049988,0,100.664836202,0,32.1546721635,0,63.4523104503,0
2025,03,BSNZ,AT,REP,AGS1,BSIN,AGP0N027,3,0856 27X850- 15,15,,0,,0,,0,,0,,0,,0
2025,03,BSNZ,AT,REP,AGS1,BSIN,AGP0N034,3,1146 31X155- 15,15,4,,1122.20016818,,-32.941271056,,1089.258897124,,289.1907336604,,699.2077678957,
2025,03,BSNZ,AT,REP,AGS1,BSIN,AGS0N063,3,0806 215/80 D15,15,,0,,0,,0,,0,,0,,0
2025,03,BSNZ,AT,REP,AGS1,BSIN,AGS0N064,3,0636      6- 12,12,0,4,0,339.53368,-0.263973,-2.2987599999999997,-0.263973,337.23491999999993,0,115.53498,-3.635231,115.38759222909886
2025,03,BSNZ,AT,REP,AGS1,BSIN,AGS0N065,3,0566      5- 12,12,,0,,0,,0,,0,,0,,0
2025,03,BSNZ,AT,REP,AGS1,BSIN,AGS0N067,3,1226 475/65 D20,20,0,0,0,0,-2.02145,0,-2.02145,0,0,0,-27.837823999999998,0
2025,03,BSNZ,AT,REP,AGS1,BSIN,AGS0N069,3,1006    136- 16,16,7,0,2210.28428985,0,-67.533926453,0,2142.750363397,0,634.4001241965,0,1340.3782661989,0
2025,03,BSNZ,AT,REP,AGS1,BSIN,AGS0N071,3,0956 315/75 D15,15,,0,,0,,0,,0,,0,,0
2025,03,BSNZ,AT,REP,AGS1,BSIN,AGS0N072,3,0976    124- 16,16,1,6,184.734762485,1191.4234099999999,-6.158373347,-8.06842,178.576389138,1183.3549899999998,94.4286283395,627.66954,104.97185003349999,404.8906795828765
2025,03,BSNZ,AT,REP,AGS1,BSIN,AGS0N076,3,0676      6- 14,14,,2,,192.52115,,-1.30301,,191.21813999999998,,64.75581,,65.42343794241575
2025,03,BSNZ,AT,REP,AGS1,BSIN,AGS0N077,3,0746      7- 14,14,0,1,0,134.9099,-0.101333,-0.91609,-0.101333,133.99381,0,36.815985,-1.39548,45.84654879265454
2025,03,BSNZ,AT,REP,AGS1,BSJ,AGP00387,3,0746205X800- 10,10,,0,,0,,0,,0,,0,,0
2025,03,BSNZ,AT,REP,AGS1,BSJ,AGP00397,3,0776 23X850- 12,12,2,0,206.840397204,0,-6.071631232,0,200.768765972,0,105.58035,0,116.0184301998,0
2025,03,BSNZ,AT,REP,AGS1,BSJ,AGS00720,3,        112- 24,24,,0,,0,,0,,0,,0,,0
2025,03,BSNZ,AT,REP,AGS1,BSJ,AGS00744,3,        149- 24,24,19,8,4297.44929565,1866.5874299999998,-130.66652858,-12.643179999999997,4166.78276707,1853.9442499999998,3998.6867654272,1535.911872,2348.1814178045,473.0188010863441
2025,03,BSNZ,AT,REP,AGS1,BSJ,AGS00751,3,        112- 24,24,0,4,0,918.47411,-0.5556380000000001,-6.219169999999999,-0.5556380000000001,912.2549399999999,0,541.584384,-7.651813000000001,232.75336159235547
2025,03,BSNZ,AT,REP,AGS1,BSJ,AGS00755,3,        136- 24,24,0,2,0,553.55165,-0.8050260000000001,-3.7497099999999994,-0.8050260000000001,549.80194,0,345.70449,-11.086188,140.2758031554641
2025,03,BSNZ,AT,REP,AGS1,BSJ,AGS00798,3,        112- 28,28,0,2,0,548.39082,-0.46726499999999993,-3.7155699999999996,-0.46726499999999993,544.67525,0,323.3318,-6.434805,138.9668640796142
2025,03,BSNZ,AT,REP,AGS1,BSJ,AGS00836,3,        149- 28,28,2,0,758.53762985,0,-22.266253721,0,736.271376129,0,414.61849,0,425.4698127265,0
2025,03,BSNZ,AT,REP,AGS1,BSJ,AGS00926,"",        124- 36,36,0,,0,,0,,0,,0,,0,
2025,03,BSNZ,AT,REP,AGS1,BSJ,AGS00926,3,        124- 36,36,1,0,523.047570675,0,-15.353635019,0,507.693935656,0,246.97299375,0,293.3815583893,0
2025,03,BSNZ,AT,REP,AGS1,BSJ,AGS01017,3,1216    136- 28,28,,0,,0,,0,,0,,0,,0
2025,03,BSNZ,AT,REP,AGS1,BSJ,AGS01022,3,1156    124- 24,24,1,2,269.29900543,537.60827,-8.362129757,-3.6416,260.936875673,533.9666699999999,159.716025,317.07225000000005,144.75745522169998,136.23657299110195
2025,03,BSNZ,AT,REP,AGS1,TBSC,AGS0L005,"",     124/11- 28,28,0,,0,,0,,0,,0,,0,
2025,03,BSNZ,AT,REP,AGS1,TBSC,AGS0L005,3,     124/11- 28,28,0,,0,,-0.8446400000000001,,-0.8446400000000001,,0,,-11.631722,
2025,03,BSNZ,AT,REP,AGS1,TBSC,AGS0L019,3,     184/15- 30,30,0,,0,,-1.703012,,-1.703012,,0,,-23.452551,
2025,03,BSNZ,AT,REP,AGS1,TBSC,AGS0L069,3,         72- 20,20,0,,0,,-0.12704,,-0.12704,,0,,-1.749489,
2025,03,BSNZ,AT,REP,AGS1,TBSC,AGS0L086,3,         83- 20,20,0,,0,,-0.137061,,-0.137061,,0,,-1.887504,
2025,03,BSNZ,AT,REP,IDR1,BSJ,1DR00200,"",1665   1000 R20,20,0,,0,,0,,0,,0,,0,
2025,03,BSNZ,AT,REP,IDR1,BSJ,1DR00200,1,1665   1000 R20,20,,6,,6965.33953,,-13.10407,,6952.23546,,0,,1853.8000777158666
2025,03,BSNZ,AT,REP,IDR1,BSJ,1DR00200,1A,1665   1000 R20,20,0,,0,,-3.750817,,-3.750817,,0,,-51.018267,
2025,03,BSNZ,AT,REP,IDR1,BSJ,1DR07000,1,1785   1200 R24,24,,0,,0,,0,,0,,0,,0
2025,03,BSNZ,AT,REP,IDR1,BSJ,1DR07001,"",1765   1200 R20,20,0,,0,,0,,0,,0,,0,
2025,03,BSNZ,AT,REP,IDR1,BSJ,1DR07001,1,1765   1200 R20,20,,2,,2510.1378099999997,,-4.7227,,2505.4151099999995,,1452.90736,,668.0642881788629
2025,03,BSNZ,AT,REP,IDR1,BSJ,1DR07001,1B,1765   1200 R20,20,0,,0,,-1.975012,,-1.975012,,0,,-26.863932,
2025,03,BSNZ,AT,REP,IDR1,BSJ,1DR07004,7,2045 450/95 R25,25,,2,,5741.1530999999995,,-10.799619999999999,,5730.35348,,4136.4592999999995,,1527.9879825037017
2025,03,BSNZ,AT,REP,IDR1,BSJ,1DR07005,"",2085 480/95 R25,25,0,,0,,0,,0,,0,,0,
2025,03,BSNZ,AT,REP,IDR1,BSJ,1DR07005,7,2085 480/95 R25,25,,4,,15056.877999999999,,-28.330509999999997,,15028.547489999999,,9488.8716,,4007.3280956330395
2025,03,BSNZ,AT,REP,IDR1,BSJ,1DR07005,7B,2085 480/95 R25,25,0,,0,,-33.643441,,-33.643441,,0,,-457.61496,
2025,03,BSNZ,AT,REP,IDR1,BSJ,1DR08002,"",2005   1600 R25,25,0,,0,,0,,0,,0,,0,
2025,03,BSNZ,AT,REP,IDR1,BSJ,1DR08002,7A,2005   1600 R25,25,4,,12566.5424346,,-368.880608211,,12197.661826389,,7324.08,,5860.6244413073,
2025,03,BSNZ,AT,REP,IDS1,BSIN,1DS0N006,1,        600-  9,9,,12,,1236.3800999999999,,-2.18496,,1234.20083,,637.03751496,,413.61012255714974
2025,03,BSNZ,AT,REP,IDS1,BSIN,1DS0N006,1C,        600-  9,9,1,,108.730241193,,-4.2531905870000015,,104.477050606,,48.5956773258,,43.0285143463,
2025,03,BSNZ,AT,REP,IDS1,BSIN,1DS0N022,"",        700- 12,12,0,,0,,0,,0,,0,,0,
2025,03,BSNZ,AT,REP,IDS1,BSIN,1DS0N022,1,        700- 12,12,,17,,3090.2389999999996,,-5.456709999999999,,3084.7822899999996,,1661.9127131199998,,1033.7842473819917
2025,03,BSNZ,AT,REP,IDS1,BSIN,1DS0N022,1Q,        700- 12,12,10,,1786.9437965119998,,-58.295174016,,1728.648622496,,729.9584906614,,864.8416600967,
2025,03,BSNZ,AT,REP,IDS1,BSIN,1DS0N038,"",       28X9- 15,15,0,,0,,0,,0,,0,,0,
2025,03,BSNZ,AT,REP,IDS1,BSIN,1DS0N038,3,       28X9- 15,15,1,3,274.26844592,796.3496399999999,-10.029999630999999,-1.40543,264.23844628899997,794.9442099999999,99.1337338882,318.519564,118.039381223,266.40475835079934
2025,03,BSNZ,AT,REP,IDS1,BSIN,1DS0N040,1,        750- 16,16,,0,,0,,0,,0,,0,,0
2025,03,BSNZ,AT,REP,IDS1,BSIN,1DS0N040,1K,        750- 16,16,0,,0,,-1.679518,,-1.679518,,0,,-22.844654,
2025,03,BSNZ,AT,REP,IDS1,BSIN,1DS0N041,1,        300- 15,15,,2,,841.1697699999999,,-1.4850899999999998,,839.68468,,439.15322131999994,,281.3983797940302
2025,03,BSNZ,AT,REP,IDS1,BSIN,1DS0N042,1,        250- 15,15,,0,,0,,0,,0,,0,,0
2025,03,BSNZ,AT,REP,IDS1,BSIN,1DS0N053,1,        500-  8,8,,7,,478.7736699999999,,-0.84781,,477.92586,,251.22374199999996,,160.16422094909447
2025,03,BSNZ,AT,REP,IDS1,BSIN,1DS0N053,1B,        500-  8,8,3,,195.31576217999998,,-5.846348967,,189.46941321300002,,118.30048140240001,,101.69264633120001,
2025,03,BSNZ,AT,REP,IDS1,BSIN,1DS0N053,3,        500-  8,8,0,,0,,-0.07828,,-0.07828,,0,,-1.06476,
2025,03,BSNZ,AT,REP,IDS1,BSIN,1DS0N057,1,        600- 15,15,,4,,689.3435,,-1.21766,,688.1258399999999,,347.68895216,,230.60742668047345
2025,03,BSNZ,AT,REP,IDS1,BSIN,1DS0N057,11,        600- 15,15,2,,265.7813116,,-8.111881722,,257.669429878,,116.097880349,,136.2550692177,
2025,03,BSNZ,AT,REP,IDS1,BSIN,1DS0N058,1,        650- 10,10,,28,,3535.91963,,-6.24193,,3529.6776999999997,,1975.35992808,,1182.8808097684569
2025,03,BSNZ,AT,REP,IDS1,BSIN,1DS0N058,1H,        650- 10,10,18,,2136.569061368,,-65.477425685,,2071.091635683,,1188.5955500716,,1091.6509195299,
2025,03,BSNZ,AT,REP,IDS1,BSIN,1DS0N058,2H,        650- 10,10,0,,0,,-0.160636,,-0.160636,,0,,-2.18495,
2025,03,BSNZ,AT,REP,IDS1,BSIN,1DS0N060,2,        750- 15,15,,0,,0,,0,,0,,0,,0
2025,03,BSNZ,AT,REP,IDS1,BSIN,1DS0N062,1,        825- 15,15,,29,,9512.126629999999,,-16.79119,,9495.329749999999,,5758.60709534,,3182.1183367617346
2025,03,BSNZ,AT,REP,IDS1,BSIN,1DS0N062,1X,        825- 15,15,12,,3902.831051616,,-123.59682016800001,,3779.2342314459997,,1816.9485778223998,,1939.309644782,
2025,03,BSNZ,AT,REP,IDS1,BSIN,1DS0N068,1,       1200- 20,20,,4,,2611.57344,,-4.608899999999999,,2606.9588499999995,,1440.4122110399996,,873.6552269245644
2025,03,BSNZ,AT,REP,IDS1,BSIN,1DS0N068,13,       1200- 20,20,0,,0,,-4.15831,,-4.15831,,0,,-56.560950999999996,
2025,03,BSNZ,AT,REP,IDS1,BSIN,1DS0N068,1N,       1200- 20,20,2,,1438.3459216,,-42.221471908,,1396.124449692,,511.9486488,,760.206072473,
2025,03,BSNZ,AT,REP,IDS1,BSIN,1DS0N075,1,       21X8-  9,9,,0,,0,,0,,0,,0,,0
2025,03,BSNZ,AT,REP,IDS1,BSIN,1DS0N075,11,       21X8-  9,9,0,,0,,-0.109791,,-0.109791,,0,,-1.493372,
2025,03,BSNZ,AT,REP,IDS1,BSIN,1DS0N084,2A,        700- 15,15,0,,0,,-1.1528800000000001,,-1.1528800000000001,,0,,-15.681369,
2025,03,BSNZ,AT,REP,IDS1,BSJ,1DS00532,2,       1400- 24,24,,6,,9934.50102,,-17.536579999999997,,9916.964439999998,,4233.564839999999,,2460.5155672485944
2025,03,BSNZ,AT,REP,IDS1,BSJ,1DS00532,2A,       1400- 24,24,4,,6680.580776,,-196.103002,,6484.477774,,2872.167889,,2864.347679,
2025,03,BSNZ,AT,REP,IDS1,BSJ,1DS00535,"",       1400- 24,24,0,,0,,0,,0,,0,,0,
2025,03,BSNZ,AT,REP,IDS1,BSJ,1DS00535,3,       1400- 24,24,1,5,1309.291227167,6785.71761,-38.433176565,-11.97745,1270.858050602,6773.7344699999985,729.57489,3987.27978,610.6106120005,1680.6430200815855
2025,03,BSNZ,AT,REP,IDS1,BSJ,1DS07349,3,        600-  9,9,2,2,414.52950784,415.61466999999993,-12.871749755,-0.7340099999999999,401.657758085,414.88066,221.589296244,244.43595,183.7530525416,102.9383306842621
2025,03,BSNZ,AT,REP,IDS1,BSJ,1DS07351,3,        300- 15,15,,5,,4304.5134499999995,,-7.601839999999999,,4296.911609999999,,2530.5960899999995,,1066.116656371253
2025,03,BSNZ,AT,REP,IDS1,BSJ,1DS07361,3,        650- 10,10,4,2,1139.487120716,440.37755,-34.687552217000004,-0.77953,1104.799568499,439.60371,529.898938785,258.957,514.5526312475,109.07043018988679
2025,03,BSNZ,AT,REP,IDS1,BSJ,1DS07414,3,        700- 12,12,0,9,0,2868.81265,-1.5603440000000002,-5.0641,-1.5603440000000002,2863.74855,0,1687.011705,-21.223667,710.5270660376017
2025,03,BSNZ,AT,REP,IDS1,BSJ,1DS07420,3,       28X9- 15,15,,2,,470.47195999999997,,-0.8307399999999999,,469.64122,,287.20797600000003,,116.52362798279653
2025,03,BSNZ,AT,REP,IDS1,BSJ,1DS07421,3,        250- 15,15,,0,,0,,0,,0,,0,,0
2025,03,BSNZ,AT,REP,IDS1,TBSC,1DS0L012,3,        900- 20,20,16,,5537.8551438,,-169.851793907,,5368.003349892,,2102.6299593000003,,2723.7154186302,
2025,03,BSNZ,AT,REP,LSR1,BSJ,LSR00013,"",106L 185/70 R155,155,0,,0,,0,,0,,0,,0,
2025,03,BSNZ,AT,REP,LSR1,BSJ,LSR00013,3,106L 185/70 R155,155,3,,553.869268995,,-16.258380844999998,,537.6108881499999,,202.6599999,,258.0646229993,
2025,03,BSNZ,AT,REP,LSR1,BSJ,LSR00014,"",109L 195/70 R155,155,0,,0,,0,,0,,0,,0,
2025,03,BSNZ,AT,REP,LSR1,BSJ,LSR00014,3,109L 195/70 R155,155,3,,583.691495576,,-18.289606994,,565.401888582,,232.41870970000002,,256.2902019634,
2025,03,BSNZ,AT,REP,LSR1,BSJ,LSR00074,3,108L 195/60 R175,175,,3,,674.3674199999999,,-19.92638,,654.44104,,351.701658,,304.97050825521967
2025,03,BSNZ,AT,REP,LSR1,BSJ,LSR00511,"",        600 R15,15,0,,0,,0,,0,,0,,0,
2025,03,BSNZ,AT,REP,LSR1,BSJ,LSR00511,3,        600 R15,15,0,0,0,0,-0.265935,0,-0.265935,0,0,0,-3.605297,0
2025,03,BSNZ,AT,REP,LSR1,BSJ,LSR00512,"",        650 R15,15,0,,0,,0,,0,,0,,0,
2025,03,BSNZ,AT,REP,LSR1,BSJ,LSR00512,3,        650 R15,15,0,0,0,0,-0.01976399999999999,0,-0.01976399999999999,0,0,0,-0.26794699999999994,0
2025,03,BSNZ,AT,REP,LSR1,BSJ,LSR00738,"",        700 R15,15,0,,0,,0,,0,,0,,0,
2025,03,BSNZ,AT,REP,LSR1,BSJ,LSR00738,3,        700 R15,15,7,8,965.573454489,1052.8776,-30.117862885999998,-66.64128,935.455591603,986.2363199999999,419.1887557308,532.75816,425.8367943094,459.2094208977944
2025,03,BSNZ,AT,REP,LSR1,BSJ,LSR00863,"",110L 215/60 R155,155,0,,0,,0,,0,,0,,0,
2025,03,BSNZ,AT,REP,LSR1,BSJ,LSR00863,3,110L 215/60 R155,155,0,,0,,-0.461252,,-0.461252,,0,,-6.25322,
2025,03,BSNZ,AT,REP,LSR1,BSJ,LSR00923,"",        650 R16,16,0,,0,,0,,0,,0,,0,
2025,03,BSNZ,AT,REP,LSR1,BSJ,LSR00923,3,        650 R16,16,2,7,284.123571964,1044.9855699999998,-10.082642378,-41.47441,274.040929586,1003.51116,145.91808,535.517906,108.65864104580001,467.4974683498258
2025,03,BSNZ,AT,REP,LSR1,BSJ,LSR00978,"",        700 R16,16,0,,0,,0,,0,,0,,0,
2025,03,BSNZ,AT,REP,LSR1,BSJ,LSR00978,3,        700 R16,16,27,33,4405.2526524370005,5408.561219999999,-134.81563367799998,-210.39912999999999,4270.437018757,5198.16209,1916.8218729000002,2683.01286,1977.9179927536,2424.194792966168
2025,03,BSNZ,AT,REP,LSR1,BSJ,LSR01153,"",121M    750 R16,16,0,,0,,0,,0,,0,,0,
2025,03,BSNZ,AT,REP,LSR1,BSJ,LSR01153,2,121M    750 R16,16,,25,,3916.33596,,-214.72352999999998,,3701.6124299999997,,2071.0964,,1722.477923681387
2025,03,BSNZ,AT,REP,LSR1,BSJ,LSR01153,28,121M    750 R16,16,10,,1672.110635706,,-52.80466366300001,,1619.3059720389997,,774.093544222,,728.6337051224001,
2025,03,BSNZ,AT,REP,LSR1,BSJ,LSR04001,"",117L 205/85 R16,16,0,,0,,0,,0,,0,,0,
2025,03,BSNZ,AT,REP,LSR1,BSJ,LSR04001,3,117L 205/85 R16,16,2,14,387.984878526,2765.7098499999997,-14.286820801000001,-317.27439999999996,373.698057724,2448.43545,190.5080399816,1362.7851160000002,141.487761756,1137.4323265633677
2025,03,BSNZ,AT,REP,LSR1,BSJ,LSR08418,"",118N 215/70 R175,175,0,,0,,0,,0,,0,,0,
2025,03,BSNZ,AT,REP,LSR1,BSJ,LSR08418,3,118N 215/70 R175,175,4,11,816.015630304,2180.84613,-25.809677565,-185.34606,790.2059527389999,1995.50007,439.9922999655,1174.533525,355.04194397509997,927.4342523615873
2025,03,BSNZ,AT,REP,LSR1,BSJ,LSR08444,"",120N 215/85 R16,16,0,,0,,0,,0,,0,,0,
2025,03,BSNZ,AT,REP,LSR1,BSJ,LSR08444,3,120N 215/85 R16,16,8,13,1764.26304677,2855.4468399999996,-55.18028408399999,-233.04532999999998,1709.0827626859998,2622.3958199999997,825.7556466566,1412.3778240000001,776.0256670204001,1219.4100169029452
2025,03,BSNZ,AT,REP,LSR1,BSJ,LSR08445,"",120N 205/80 R175,175,0,,0,,0,,0,,0,,0,
2025,03,BSNZ,AT,REP,LSR1,BSJ,LSR08445,3,120N 205/80 R175,175,2,3,473.87244438799996,802.11361,-15.186074277000001,-42.9595,458.686370111,759.15411,263.522655,404.26504800000004,203.49372008529997,353.69418183220733
2025,03,BSNZ,AT,REP,LSR1,BSJ,LSR08447,"",117N 205/85 R16,16,0,,0,,0,,0,,0,,0,
2025,03,BSNZ,AT,REP,LSR1,BSJ,LSR08447,3,117N 205/85 R16,16,79,118,15741.00985233,23802.82337,-496.593513293,-2084.66237,15244.416339032,21718.160999999996,7574.873700944001,11485.59962,6865.7586665014005,10105.33233899169
2025,03,BSNZ,AT,REP,LSR1,BSJ,LSR08449,"",114N 195/85 R16,16,0,,0,,0,,0,,0,,0,
2025,03,BSNZ,AT,REP,LSR1,BSJ,LSR08449,3,114N 195/85 R16,16,26,35,5183.79646799,6922.55642,-164.48717772700002,-592.1924399999999,5019.309290261999,6330.363979999999,2520.8948137208,3434.14148,2248.2125982997004,2943.665973589576
2025,03,BSNZ,AT,REP,LSR1,BSJ,LSR08450,3,112N 195/70 R175,175,,16,,3508.1865699999994,,-259.27623,,3248.9103399999995,,1773.4175360000002,,1510.2118869847227
2025,03,BSNZ,AT,REP,LSR1,BSJ,LSR08451,3,111N 205/60 R175,175,,4,,952.0735599999999,,-47.47167,,904.5961999999998,,471.946552,,420.62934618048644
2025,03,BSNZ,AT,REP,LSR1,BSJ,LSR08452,"",111N 185/85 R16,16,0,,0,,0,,0,,0,,0,
2025,03,BSNZ,AT,REP,LSR1,BSJ,LSR08452,3,111N 185/85 R16,16,31,27,6105.918028217,5371.71278,-186.131512269,-184.39583,5919.786515947,5187.31126,2843.3883759776,2622.5052480000004,2751.3814414998,2419.485170959902
2025,03,BSNZ,AT,REP,LSR1,BSJ,LSR08454,"",113N 195/85 R15,15,0,,0,,0,,0,,0,,0,
2025,03,BSNZ,AT,REP,LSR1,BSJ,LSR08454,3,113N 195/85 R15,15,8,8,905.175209792,1087.38176,-27.574724664999998,-4.33009,877.600485127,1083.0516699999998,462.95250204499996,488.75112,408.126902407,506.2271155210865
2025,03,BSNZ,AT,REP,LSR1,BSJ,LSR08479,"",116N 225/60 R175,175,0,,0,,0,,0,,0,,0,
2025,03,BSNZ,AT,REP,LSR1,BSJ,LSR08479,3,116N 225/60 R175,175,2,3,664.39744259,736.16082,-19.502845273,-35.608019999999996,644.894597317,700.5527999999999,239.770124,386.050104,309.5630776811,325.75724975431814
2025,03,BSNZ,AT,REP,LSR1,BSJ,LSR08618,"",112N 195/70 R175,175,0,,0,,0,,0,,0,,0,
2025,03,BSNZ,AT,REP,LSR1,BSJ,LSR08618,3,112N 195/70 R175,175,2,,492.25379055999997,,-14.609543709,,477.64424685100005,,6.1186471749999995,,227.18919714540002,
2025,03,BSNZ,AT,REP,LSR1,BSJ,LSR08621,"",111N 205/60 R175,175,0,,0,,0,,0,,0,,0,
2025,03,BSNZ,AT,REP,LSR1,BSJ,LSR08621,3,111N 205/60 R175,175,6,,1221.81232362,,-37.10902166899999,,1184.703301951,,15.186959788,,552.4185437099,
2025,03,BSNZ,AT,REP,LSR2,"",11005000,"",,175,0,,0,,0,,0,,0,,0,
2025,03,BSNZ,AT,REP,LSR2,"",11005000,3,,175,28,,5023.674394999999,,-154.621311,,4869.0530850000005,,62.185211,,2243.6338372229,
2025,03,BSNZ,AT,REP,LSR2,BRIDGESTON,11000,3,,17.5,,45,,8087.094579999999,,-62.09496999999999,,8024.99961,,6247.1079,,2918.36117
2025,03,BSNZ,AT,REP,LSR2,BSJ,LSR00004,"",124M 205/75 R175,175,0,,0,,0,,0,,0,,0,
2025,03,BSNZ,AT,REP,LSR2,BSJ,LSR00004,3,124M 205/75 R175,175,20,33,4022.421474554,7017.323369999999,-123.987112546,-198.48995999999997,3898.4343620079994,6818.833409999999,2311.5332007328,3916.6596480000003,1794.0056213147002,2714.6586870462766
2025,03,BSNZ,AT,REP,LSR2,BSJ,LSR00006,3,126M 215/75 R175,175,,78,,16887.686709999998,,-477.68118999999996,,16410.00552,,9428.783363999999,,6533.00930038151
2025,03,BSNZ,AT,REP,LSR2,BSJ,LSR00009,3,132M 235/75 R175,175,,83,,22402.906979999996,,-633.68392,,21769.223059999997,,12506.067662000001,,8666.577032428622
2025,03,BSNZ,AT,REP,LSR2,BSJ,LSR00010,3,129M     95 R175,175,,26,,7002.35867,,-198.06889999999999,,6804.289769999999,,3905.7881719999996,,2708.865917215119
2025,03,BSNZ,AT,REP,LSR2,BSJ,LSR01219,"",        750 R16,16,0,,0,,0,,0,,0,,0,
2025,03,BSNZ,AT,REP,LSR2,BSJ,LSR01219,3,        750 R16,16,9,25,1724.89837772,4623.00551,-53.507810644,-130.76757999999998,1671.390567076,4492.237929999999,845.1111933,2579.90755,764.7086425550999,1788.4092245574632
2025,03,BSNZ,AT,REP,LSR2,BSJ,LSR01271,"",        825 R16,16,0,,0,,0,,0,,0,,0,
2025,03,BSNZ,AT,REP,LSR2,BSJ,LSR01271,3,        825 R16,16,12,19,3992.4540733070003,6169.37681,-118.182836447,-174.50661,3874.27123686,5994.875889999999,1782.2049305,3432.2740759999997,1846.8174183566998,2386.6299131221103
2025,03,BSNZ,AT,REP,LSR2,BSJ,LSR03311,3,121M     85 R175,175,,3,,678.40163,,-19.18668,,659.20926,,336.4895243099999,,262.43702701832984
2025,03,BSNZ,AT,REP,LSR2,BSJ,LSR03313,3,121M     85 R175,175,,6,,1608.04521,,-45.485859999999995,,1562.55935,,925.7153820000001,,622.0721611592922
2025,03,BSNZ,AT,REP,LSR2,BSJ,LSR03474,3,129M     95 R175,175,,12,,3469.90994,,-98.14681,,3371.76313,,1935.141552,,1342.3390855936855
2025,03,BSNZ,AT,REP,LSR2,BSJ,LSR08540,"",129M     95 R175,175,0,,0,,0,,0,,0,,0,
2025,03,BSNZ,AT,REP,LSR2,BSJ,LSR08540,3,129M     95 R175,175,8,,2598.5371831439998,,-77.49756276100001,,2521.0396203830005,,1226.3092790684,,1194.1686893398999,
2025,03,BSNZ,AT,REP,LSR2,BSJ,LSR08563,"",132M 235/75 R175,175,0,,0,,0,,0,,0,,0,
2025,03,BSNZ,AT,REP,LSR2,BSJ,LSR08563,3,132M 235/75 R175,175,50,55,12330.438174915,14581.552469999999,-374.506525923,-412.45102999999995,11955.93164899,14169.101439999999,7067.527233949899,8140.491480000001,5574.8312905668,5640.881970747635
2025,03,BSNZ,AT,REP,LSR2,BSJ,LSR08566,"",121M     85 R175,175,0,,0,,0,,0,,0,,0,
2025,03,BSNZ,AT,REP,LSR2,BSJ,LSR08566,3,121M     85 R175,175,10,,2604.735024654,,-77.63726212099999,,2527.097762533,,1448.483640816,,1197.6637390474,
2025,03,BSNZ,AT,REP,LSR2,BSJ,LSR08578,"",124L 215/75 R175,175,0,,0,,0,,0,,0,,0,
2025,03,BSNZ,AT,REP,LSR2,BSJ,LSR08578,3,124L 215/75 R175,175,23,22,4583.482473157001,4979.30762,-141.018958313,-140.84456999999998,4442.463514843999,4838.46305,2672.9855882334004,2782.489864,2047.7946628294999,1926.2459862969918
2025,03,BSNZ,AT,REP,LSR2,BSJ,LSR08586,"",126M 215/75 R175,175,0,,0,,0,,0,,0,,0,
2025,03,BSNZ,AT,REP,LSR2,BSJ,LSR08586,3,126M 215/75 R175,175,18,20,4127.187330637,4670.89255,-126.018688477,-132.12179999999998,4001.1686421599998,4538.77075,2212.5654995334,2606.36244,1856.9650507648,1806.9344727731132
2025,03,BSNZ,AT,REP,LSR2,BSJ,LSR08587,"",121M     85 R175,175,0,,0,,0,,0,,0,,0,
2025,03,BSNZ,AT,REP,LSR2,BSJ,LSR08587,3,121M     85 R175,175,0,,0,,-0.278388,,-0.278388,,0,,-3.774121,
2025,03,BSNZ,AT,REP,LSR2,BTMT,LSR0J005,"",129M     95 R175,175,0,,0,,0,,0,,0,,0,
2025,03,BSNZ,AT,REP,LSR2,BTMT,LSR0J005,3,129M     95 R175,175,36,,10056.706972381999,,-302.730309377,,9753.976663004,,3954.2856870528003,,4993.8716674498,
2025,03,BSNZ,AT,REP,LSR2,BTMT,LSR0J011,"",126M 215/75 R175,175,0,,0,,0,,0,,0,,0,
2025,03,BSNZ,AT,REP,LSR2,BTMT,LSR0J011,3,126M 215/75 R175,175,90,,18617.322007942,,-574.399987449,,18042.922020489,,8691.208003434,,9054.8718299498,
2025,03,BSNZ,AT,REP,LSR2,BTMT,LSR0J013,"",132M 235/75 R175,175,0,,0,,0,,0,,0,,0,
2025,03,BSNZ,AT,REP,LSR2,BTMT,LSR0J013,3,132M 235/75 R175,175,100,,25739.256103442,,-795.3293694289999,,24943.92673401199,,10863.594194169198,,12502.2428339249,
2025,03,BSNZ,AT,REP,LSR2,BTMT,LSR0J07F,"",126M 215/75 R175,175,0,,0,,0,,0,,0,,0,
2025,03,BSNZ,AT,REP,LSR2,BTMT,LSR0J07F,3,126M 215/75 R175,175,19,,3039.28746912,,-90.63650723699999,,2948.650961882,,1803.8944665852,,1520.7473703422002,
2025,03,BSNZ,AT,REP,LVR1,BFNT,LVR0C007,"",120S 275/55 R20,20,0,,0,,0,,0,,0,,0,
2025,03,BSNZ,AT,REP,LVR1,BFNT,LVR0C007,3,120S 275/55 R20,20,162,,24343.853964773003,,-751.753130567,,23592.100834204997,,14149.899511451,,10838.3955712652,
2025,03,BSNZ,AT,REP,LVR1,BFNT,LVR0C09F,"",121R 265/70 R17,17,0,,0,,0,,0,,0,,0,
2025,03,BSNZ,AT,REP,LVR1,BFNT,LVR0C09F,3,121R 265/70 R17,17,1,,176.900914162,,-5.192782116,,171.708132046,,72.5888211,,82.4235433827,
2025,03,BSNZ,AT,REP,LVR1,BFNT,LVR0C10F,"",120Q 245/75 R16,16,0,,0,,0,,0,,0,,0,
2025,03,BSNZ,AT,REP,LVR1,BFNT,LVR0C10F,3,120Q 245/75 R16,16,20,11,3593.318663704,1827.4003999999998,-110.03306383099999,-153.71534999999997,3483.285599871,1673.6850499999998,1877.1042727821996,905.984596,1612.4022127924002,777.8806581086249
2025,03,BSNZ,AT,REP,LVR1,BFNT,LVR0C11F,3,126Q 285/75 R16,16,,1,,273.25656,,0,,273.25656,,132.195866,,127.14625696849718
2025,03,BSNZ,AT,REP,LVR1,BFNT,LVR0C21F,3,127Q 315/75 R16,16,,0,,0,,0,,0,,0,,0
2025,03,BSNZ,AT,REP,LVR1,BFNT,LVR0C24F,"",120Q 235/85 R16,16,0,,0,,0,,0,,0,,0,
2025,03,BSNZ,AT,REP,LVR1,BFNT,LVR0C24F,3,120Q 235/85 R16,16,26,22,3762.748666208,3071.8147799999997,-114.833904573,-331.90338999999994,3647.914761635,2739.91139,2283.9451571639997,1890.01758,1693.6745757929,1272.9788330777824
2025,03,BSNZ,AT,REP,LVR1,BFNT,LVR0C27F,3,123Q 265/75 R16,16,,2,,376.88284,,-4.11956,,372.76327999999995,,185.46165,,173.4202469556927
2025,03,BSNZ,AT,REP,LVR1,BRBS,LVR0Q306,"",109T 215/65 R16C,16C,0,,0,,0,,0,,0,,0,
2025,03,BSNZ,AT,REP,LVR1,BRBS,LVR0Q306,3,109T 215/65 R16C,16C,19,0,2456.790872718,0,-72.117093152,0,2384.673779565,0,1610.2084645749999,0,1144.6939663306002,0
2025,03,BSNZ,AT,REP,LVR1,BRBS,LVR0Q307,3,109T 215/60 R17C,17C,3,,469.813137381,,-13.790981630000001,,456.022155751,,217.97847370980003,,218.9003018674,
2025,03,BSNZ,AT,REP,LVR1,BSEU,LVR0G031,3,B09T 215/60 R17C,17C,0,7,0,987.78969,-0.267271,-64.55305,-0.267271,923.2366399999999,-0.062559,480.50912,-3.623413,397.40097999999995
2025,03,BSNZ,AT,REP,LVR1,BSEU,LVR0G033,3,112T 225/65 R16C,16C,14,4,1793.35381638,660.42123,-53.997895259,-86.77818999999998,1739.355921119,573.6430399999999,965.3199781559999,266.861,817.1943776387,246.65580999999997
2025,03,BSNZ,AT,REP,LVR1,BSEU,LVR0G035,3,107T 205/65 R16C,16C,1,0,161.445396,0,-5.929455,0,155.51594100000003,0,62.628896000000005,0,53.01262599999999,0
2025,03,BSNZ,AT,REP,LVR1,BSEU,LVR0G038,"",113R 205/75 R16C,16C,0,,0,,0,,0,,70.119364,,0,
2025,03,BSNZ,AT,REP,LVR1,BSEU,LVR0G038,3,113R 205/75 R16C,16C,4,4,502.471854,502.63752999999997,-16.602335,-43.505739999999996,485.86951899999997,459.13178999999997,216.17568400000005,274.30352,190.102072,197.56248999999997
2025,03,BSNZ,AT,REP,LVR1,BSEU,LVR0G039,3,115R 235/65 R16C,16C,4,5,526.777443,688.15429,-16.027114,-52.87717,510.75032999999996,635.27712,309.45112600000004,372.4389499999999,217.98352699999998,273.39880999999997
2025,03,BSNZ,AT,REP,LVR1,BSEU,LVR0G047,"",104S 195/70 R15C,15C,0,,0,,0,,0,,0,,0,
2025,03,BSNZ,AT,REP,LVR1,BSEU,LVR0G047,3,104S 195/70 R15C,15C,23,19,1505.6232129999999,1605.6440299999997,-45.095203,-111.62072999999998,1460.52801,1494.0232999999998,1338.33744,1053.9643899999999,632.703486,643.4251999999999
2025,03,BSNZ,AT,REP,LVR1,BSEU,LVR0G051,"",104T 215/65 R15C,15C,0,,0,,0,,0,,56.500863,,0,
2025,03,BSNZ,AT,REP,LVR1,BSEU,LVR0G051,3,104T 215/65 R15C,15C,1,13,127.379602,1298.93596,-5.03939,-56.78051,122.34021200000001,1242.15545,1.278965,748.50243,36.93149100000001,534.33083
2025,03,BSNZ,AT,REP,LVR1,BSEU,LVR0G064,3,109H 225/55 R17C,17C,8,15,1187.350091,2347.3298399999994,-36.241025,-153.88036,1151.1090649999999,2193.4551699999997,522.3832789999999,935.9481,489.758287,944.2953299999999
2025,03,BSNZ,AT,REP,LVR1,BSFC,LVR0F085,"",103R 215/60 R16C,16C,0,,0,,0,,0,,0,,0,
2025,03,BSNZ,AT,REP,LVR1,BSFC,LVR0F085,3,103R 215/60 R16C,16C,5,0,603.98244697,0,-18.51524733,0,585.46719964,0,285.3162727914,0,323.54420139449996,0
2025,03,BSNZ,AT,REP,LVR1,BSIN,LVR0N03S,"",106S 205/70 R15C,15C,0,,0,,0,,0,,0,,0,
2025,03,BSNZ,AT,REP,LVR1,BSIN,LVR0N03S,3,106S 205/70 R15C,15C,62,70,4182.364870999,4758.694939999999,-127.60014131799998,-94.26053999999999,4054.76472968,4664.4344,2522.6104414104,3563.55692,2143.0617363328,2574.551566055309
2025,03,BSNZ,AT,REP,LVR1,BSIN,LVR0N04S,"",108T 215/70 R16C,16C,0,,0,,0,,0,,0,,0,
2025,03,BSNZ,AT,REP,LVR1,BSIN,LVR0N04S,3,108T 215/70 R16C,16C,133,105,10937.330912697,8676.760659999998,-336.593083069,-127.90550999999998,10600.737829628,8548.84946,5797.217843509399,5558.675429999999,5564.620638759901,4721.350479851082
2025,03,BSNZ,AT,REP,LVR1,BSIN,LVR0N21S,"",106T 215/65 R16C,16C,0,,0,,0,,0,,0,,0,
2025,03,BSNZ,AT,REP,LVR1,BSIN,LVR0N21S,3,106T 215/65 R16C,16C,67,76,5226.835172817999,6133.31359,-161.05772183200003,-94.91489,5065.777450986001,6038.404389999999,2939.9205637978,3902.48144,2656.6161100947,3334.515842907451
2025,03,BSNZ,AT,REP,LVR1,BSIN,LVR0N299,"",097R    175 R13C,13C,0,,0,,0,,0,,0,,0,
2025,03,BSNZ,AT,REP,LVR1,BSIN,LVR0N299,3,097R    175 R13C,13C,4,6,384.065162544,522.4899399999999,-12.302418735,-50.16873,371.76274380899997,472.32120999999995,131.654401043,235.55347200000003,188.87801980470002,260.85079959953543
2025,03,BSNZ,AT,REP,LVR1,BSIN,LVR0N80F,"",106P    195 R14C,14C,0,,0,,0,,0,,0,,0,
2025,03,BSNZ,AT,REP,LVR1,BSIN,LVR0N80F,3,106P    195 R14C,14C,25,38,1927.093185612,3298.7433599999995,-59.295898212,-196.08877999999999,1867.7972874000002,3102.64889,1029.0412072008999,1776.934758,980.6878646094,1713.4399620394688
2025,03,BSNZ,AT,REP,LVR1,BSJ,LVR0061F,"",121R 235/65 R16C,16C,0,,0,,0,,0,,0,,0,
2025,03,BSNZ,AT,REP,LVR1,BSJ,LVR0061F,3,121R 235/65 R16C,16C,4,22,399.30291883300015,2406.06202,-25.692410887,-101.82254999999998,373.61050794599987,2304.23947,243.17257213920004,1298.8880519999998,-3.362154910900017,1071.5756742546127
2025,03,BSNZ,AT,REP,LVR1,BSJ,LVR03365,"",121R 235/65 R16C,16C,0,,0,,0,,0,,0,,0,
2025,03,BSNZ,AT,REP,LVR1,BSJ,LVR03365,3,121R 235/65 R16C,16C,153,161,20550.132841938,21538.533389999997,-613.2139303760001,-1154.62049,19936.918911559995,20383.912899999996,9776.526891765901,10796.608319,9439.522263381501,9502.710990827376
2025,03,BSNZ,AT,REP,LVR1,BSJ,LVR08552,3,102L 235/50 R135,135,0,,0,,-0.23000399999999965,,-0.23000399999999965,,0,,-3.1181610000000006,
2025,03,BSNZ,AT,REP,LVR1,BSJ,LVR08748,"",098L 225/50 R125,125,0,,0,,0,,0,,0,,0,
2025,03,BSNZ,AT,REP,LVR1,BSJ,LVR08748,3,098L 225/50 R125,125,63,,7548.702944412,,-234.884771207,,7313.818173205,,3663.8098927,,3336.8325815087996,
2025,03,BSNZ,AT,REP,LVR1,BSJ,LVR08749,"",106L 245/50 R145,145,0,,0,,0,,0,,0,,0,
2025,03,BSNZ,AT,REP,LVR1,BSJ,LVR08749,3,106L 245/50 R145,145,6,,1113.886126731,,-33.002294147,,1080.883832584,,558.6719999999999,,514.8576725108001,
2025,03,BSNZ,AT,REP,LVR1,BSJ,LVR09551,3,108T 215/70 R16C,16C,,111,,12456.34885,,-1162.1881899999998,,11294.16066,,6516.29385,,5247.750110501157
2025,03,BSNZ,AT,REP,LVR1,BSJ,LVR09591,"",106S    195 R15C,15C,0,,0,,0,,0,,0,,0,
2025,03,BSNZ,AT,REP,LVR1,BSJ,LVR09591,3,106S    195 R15C,15C,46,113,5610.124209263,13138.70503,-175.66147729699998,-1194.9682799999998,5434.462731965,11943.736749999998,2573.7265344456,6440.267760000001,2464.9752870277002,5560.262957369195
2025,03,BSNZ,AT,REP,LVR1,BSJ,LVR09651,3,117N 225/70 R16,16,1,8,240.029559308,1855.2074299999997,-11.982820027,-102.18670999999999,228.046739281,1753.0150299999998,106.5283983302,889.579152,44.90656086070002,816.5632219216099
2025,03,BSNZ,AT,REP,LVR1,BSJ,LVR09653,"",111N 205/70 R16,16,0,,0,,0,,0,,0,,0,
2025,03,BSNZ,AT,REP,LVR1,BSJ,LVR09653,3,111N 205/70 R16,16,13,29,2641.078943923,6017.732619999999,-85.010086108,-387.54589999999996,2556.068857814,5630.186719999999,1288.4388148632,2976.980094,1129.0941092435999,2621.0625422581275
2025,03,BSNZ,AT,REP,LVR1,BSJ,LVR09654,"",109N 205/65 R16,16,0,,0,,0,,0,,0,,0,
2025,03,BSNZ,AT,REP,LVR1,BSJ,LVR09654,3,109N 205/65 R16,16,22,18,3380.341845041,2886.3606099999997,-104.472394984,-282.01347,3275.8694500580004,2604.34714,1906.4355114112004,1387.1151360000001,1503.8323538547002,1210.1735284583326
2025,03,BSNZ,AT,REP,LVR1,BSJ,LVR09719,"",121N 225/75 R16C,16C,0,,0,,0,,0,,0,,0,
2025,03,BSNZ,AT,REP,LVR1,BSJ,LVR09719,3,121N 225/75 R16C,16C,26,7,5805.3227149819995,1587.80588,-171.96688447100001,-116.51413,5633.355830511,1471.2860599999997,2779.390118596,767.835243,2683.7775009496,685.5858862916914
2025,03,BSNZ,AT,REP,LVR1,BSJ,LVR09776,"",115T 235/65 R16C,16C,0,,0,,0,,0,,0,,0,
2025,03,BSNZ,AT,REP,LVR1,BSJ,LVR09776,3,115T 235/65 R16C,16C,19,14,2632.5136386289996,1966.8850599999996,-85.563386882,-119.90536999999999,2546.9502517469996,1846.974,1371.5747462230001,993.690544,1114.1485192290997,859.4198461164038
2025,03,BSNZ,AT,REP,LVR1,BSJ,LVR09777,"",109T 235/60 R17,17,0,,0,,0,,0,,0,,0,
2025,03,BSNZ,AT,REP,LVR1,BSJ,LVR09777,3,109T 235/60 R17,17,0,15,0,2390.8810999999996,-1.44064,-111.24518999999998,-1.44064,2279.6359099999995,0,1133.23815,-19.530866999999997,1061.6524615199012
2025,03,BSNZ,AT,REP,LVR1,BSJ,LVR09806,3,108T 215/70 R16C,16C,,4,,590.4854399999999,,-28.30775,,562.1719999999999,,311.357176,,261.1365269633417
2025,03,BSNZ,AT,REP,LVR1,BSJ,LVR09808,"",108T 215/70 R16C,16C,0,,0,,0,,0,,0,,0,
2025,03,BSNZ,AT,REP,LVR1,BSJ,LVR09808,3,108T 215/70 R16C,16C,102,,10509.467670149,,-325.44752521799995,,10184.020144924005,,5603.799709068,,4666.6382012978,
2025,03,BSNZ,AT,REP,LVR1,BSJ,LVR09851,3,108T 215/70 R16C,16C,14,,2025.449021827,,-60.850953764,,1964.598068062,,759.7773078,,924.7851470291,
2025,03,BSNZ,AT,REP,LVR1,TBSC,LVR0L03S,"",106S    195 R15C,15C,0,,0,,0,,0,,0,,0,
2025,03,BSNZ,AT,REP,LVR1,TBSC,LVR0L03S,3,106S    195 R15C,15C,660,544,46522.52270805301,37810.01586,-1427.0813810769996,-452.95813999999996,45095.441326973,37357.05202999999,29244.052200341,23050.523584000002,22859.908381154,19392.367652655415
2025,03,BSNZ,AT,REP,LVR1,TBSC,LVR0L04S,"",102Q    185 R14C,14C,0,,0,,0,,0,,0,,0,
2025,03,BSNZ,AT,REP,LVR1,TBSC,LVR0L04S,3,102Q    185 R14C,14C,11,,716.5430658890006,,-55.174824662,,661.3682412289992,,371.6966211999998,,-98.02468928789762,
2025,03,BSNZ,AT,REP,LVR1,TBSC,LVR0L05S,"",106Q    195 R14C,14C,0,,0,,0,,0,,0,,0,
2025,03,BSNZ,AT,REP,LVR1,TBSC,LVR0L05S,3,106Q    195 R14C,14C,144,96,7966.325789365999,4836.636559999999,-242.90459607100001,-72.31420999999999,7723.421193292,4764.328039999999,5720.2190436798,3752.7747839999997,3934.4677268762007,2473.4988259818565
2025,03,BSNZ,AT,REP,LVR1,TBSC,LVR0L13F,"",102Q    185 R14C,14C,0,,0,,0,,0,,0,,0,
2025,03,BSNZ,AT,REP,LVR1,TBSC,LVR0L13F,3,102Q    185 R14C,14C,407,82,20365.303157556,5431.9812600000005,-614.913408306,-308.67112,19750.389749244,5123.31014,15392.307067365697,3169.7273840000003,10140.537462203702,2658.7657178378763
2025,03,BSNZ,AT,REP,LVR1,TBSC,LVR0L15F,"",112R 225/70 R15C,15C,0,,0,,0,,0,,0,,0,
2025,03,BSNZ,AT,REP,LVR1,TBSC,LVR0L15F,3,112R 225/70 R15C,15C,82,94,9521.967257452998,10700.92126,-295.85146666900005,-496.00867999999997,9226.115790782,10204.912579999998,3839.8243865612994,4233.372062,4627.9100853364,5295.056140979214
2025,03,BSNZ,AT,REP,LVR1,TBSC,LVR0L17F,"",106Q    195 R15C,15C,0,,0,,0,,0,,0,,0,
2025,03,BSNZ,AT,REP,LVR1,TBSC,LVR0L17F,3,106Q    195 R15C,15C,503,577,46327.497295204994,52835.30866999999,-1418.570915267,-2562.1728599999997,44908.926379929,50273.13581,20935.495102286393,24131.41517,22798.778645403607,26087.307788601447
2025,03,BSNZ,AT,REP,LVR1,TBSC,LVR0L31F,"",108T 215/70 R16C,16C,0,,0,,0,,0,,0,,0,
2025,03,BSNZ,AT,REP,LVR1,TBSC,LVR0L31F,3,108T 215/70 R16C,16C,92,54,8843.76147067,5734.655119999999,-279.871926722,-333.75833,8563.889543946001,5400.89679,4131.334428111,2384.420544,4229.249532498201,2801.7186616537897
2025,03,BSNZ,AT,REP,LVR1,TBSC,LVR0L327,"",091R    165 R13C,13C,0,,0,,0,,0,,0,,0,
2025,03,BSNZ,AT,REP,LVR1,TBSC,LVR0L327,3,091R    165 R13C,13C,48,105,3100.271996122001,6978.30704,-103.94312168899998,-527.9125099999999,2996.328874433,6450.38884,1271.9483895051997,3021.5030999999994,1403.5400909985,3348.987041790636
2025,03,BSNZ,AT,REP,LVR1,TBSC,LVR0L328,"",104R 195/70 R15C,15C,0,,0,,0,,0,,0,,0,
2025,03,BSNZ,AT,REP,LVR1,TBSC,LVR0L328,3,104R 195/70 R15C,15C,2,,241.950331812,,-7.214077739,,234.73625407300003,,72.4077982,,121.7181278613,
2025,03,BSNZ,AT,REP,LVR1,TBSC,LVR0L329,"",109S 215/70 R15C,15C,0,,0,,0,,0,,0,,0,
2025,03,BSNZ,AT,REP,LVR1,TBSC,LVR0L329,3,109S 215/70 R15C,15C,22,7,2982.4739219450003,1080.4228899999998,-89.956924499,-58.14042,2892.516997446,1022.28247,982.1890936770001,311.48733,1486.4261251507,533.1075432638793
2025,03,BSNZ,AT,REP,LVR1,TBSC,LVR0L330,3,104R 215/65 R15C,15C,4,,744.500356376,,-21.854201003,,722.646155373,,151.469032,,379.2012078638,
2025,03,BSNZ,AT,REP,LVR1,TBSC,LVR0L331,"",106S    195 R15C,15C,0,,0,,0,,0,,0,,0,
2025,03,BSNZ,AT,REP,LVR1,TBSC,LVR0L331,3,106S    195 R15C,15C,14,10,1785.9052392859999,1127.14917,-62.241070037,-99.81397999999999,1723.664169249,1027.33519,577.3169450884,407.0341,776.5128670058999,533.5712681411679
2025,03,BSNZ,AT,REP,LVR1,TBSC,LVR0L332,"",107R 195/75 R16C,16C,0,,0,,0,,0,,0,,0,
2025,03,BSNZ,AT,REP,LVR1,TBSC,LVR0L332,3,107R 195/75 R16C,16C,100,109,13756.075729599,15254.92414,-428.16735138900003,-1534.89457,13327.908378209999,13720.029569999999,4521.560077958,4906.317591999999,6675.5478099095,7122.72553741788
2025,03,BSNZ,AT,REP,LVR1,TBSC,LVR0L333,"",113R 205/75 R16C,16C,0,,0,,0,,0,,0,,0,
2025,03,BSNZ,AT,REP,LVR1,TBSC,LVR0L333,3,113R 205/75 R16C,16C,58,87,6636.112659372,11052.415319999998,-209.05766264599998,-1007.6079599999998,6427.0549967239995,10044.807359999999,2987.37140108,4527.046392,3186.5681731416003,5214.853496049991
2025,03,BSNZ,AT,REP,LVR1,TBSC,LVR0L335,"",102H 215/65 R16C,16C,0,,0,,0,,0,,0,,0,
2025,03,BSNZ,AT,REP,LVR1,TBSC,LVR0L335,3,102H 215/65 R16C,16C,38,8,4271.915305357001,1048.0411,-128.354579514,-91.84797999999998,4143.5607258420005,956.1931199999999,1549.8910479249998,346.19974399999995,2135.6816064777,496.4653475885318
2025,03,BSNZ,AT,REP,LVR1,TBSC,LVR0L339,"",112T 225/65 R16C,16C,0,,0,,0,,0,,0,,0,
2025,03,BSNZ,AT,REP,LVR1,TBSC,LVR0L339,3,112T 225/65 R16C,16C,6,7,935.6953914979999,1073.74283,-29.184503014,-105.68036999999998,906.5108884839999,968.0624599999999,281.477826663,333.867226,453.2486186098,502.0552041583789
2025,03,BSNZ,AT,REP,LVR1,TBSC,LVR0L340,"",097N    165 R14C,14C,0,,0,,0,,0,,0,,0,
2025,03,BSNZ,AT,REP,LVR1,TBSC,LVR0L340,3,097N    165 R14C,14C,8,43,715.945616302,3802.0523099999996,-21.465541887,-234.61576999999997,694.480074414,3567.4365399999997,217.4417662824,1313.496404,358.56275441649996,1849.5919869754557
2025,03,BSNZ,AT,REP,LVR1,TBSC,LVR0L347,3,109S 205/75 R14C,14C,7,16,902.232630985,1947.84063,-27.658411332,-95.72856,874.574219653,1852.1063799999997,1379.3228595762,667.6827519999999,443.6225379959,961.5418220126528
2025,03,BSNZ,AT,REP,LVR1,TBSC,LVR0L364,"",106S 205/70 R15C,15C,0,,0,,0,,0,,0,,0,
2025,03,BSNZ,AT,REP,LVR1,TBSC,LVR0L364,3,106S 205/70 R15C,15C,34,41,3296.615148246,4337.91375,-103.10882982299998,-342.09418,3193.5063184230003,3995.8195699999997,1455.9597673575001,1741.028633,1593.0587749197,2074.479494527749
2025,03,BSNZ,AT,REP,LVR1,TBSC,LVR0L378,3,106S 215/70 R15C,15C,1,1,120.0482815,144.75359999999998,-3.523919433,0,116.524362067,144.75359999999998,44.3319104954,44.152834,61.1449718687,75.50554864665004
2025,03,BSNZ,AT,REP,LVR1,TBSC,LVR0L380,3,106S 215/65 R16C,16C,0,,0,,0.04664599999999999,,0.04664599999999999,,0,,0.6323819999999998,
2025,03,BSNZ,AT,REP,LVR1,TBSC,LVR0L399,3,108S 215/70 R16C,16C,,1,,124.51427,,-16.358749999999997,,108.15552,,46.591006,,56.06519872466684
2025,03,BSNZ,AT,REP,LVR1,TBSC,LVR0L403,"",116R 215/75 R16C,16C,0,,0,,0,,0,,0,,0,
2025,03,BSNZ,AT,REP,LVR1,TBSC,LVR0L403,3,116R 215/75 R16C,16C,109,108,12248.168808420996,12606.621749999998,-374.505454741,-964.5631099999999,11873.663353676,11642.05864,6059.804443642401,6071.04828,6035.158107068199,6040.055028204804
2025,03,BSNZ,AT,REP,LVR1,TBSC,LVR0L404,"",106S 215/65 R16C,16C,0,,0,,0,,0,,0,,0,
2025,03,BSNZ,AT,REP,LVR1,TBSC,LVR0L404,3,106S 215/65 R16C,16C,116,102,16867.475922234004,16973.59433,-517.642246569,-1765.82322,16349.833675662998,15207.771109999998,5277.284589414199,4678.244076,8285.102238889198,7886.917039293076
2025,03,BSNZ,AT,REP,LVR1,TBSC,LVR0L409,"",107T 205/65 R16C,16C,0,,0,,0,,0,,0,,0,
2025,03,BSNZ,AT,REP,LVR1,TBSC,LVR0L409,3,107T 205/65 R16C,16C,8,50,934.349734017,6016.702729999999,-35.565365283,-566.5988199999999,898.7843687339999,5450.109599999999,349.6902114926,2155.4764,365.53396196770007,2825.4263997998146
2025,03,BSNZ,AT,REP,LVR1,TBSC,LVR0L412,"",108T 215/70 R16C,16C,0,,0,,0,,0,,0,,0,
2025,03,BSNZ,AT,REP,LVR1,TBSC,LVR0L412,3,108T 215/70 R16C,16C,244,220,30980.055962367005,29266.88485,-940.4645511839999,-2796.1570399999996,30039.591411178997,26470.727809999997,11239.5474961066,10553.934600000002,15358.2795287322,13733.855373968334
2025,03,BSNZ,AT,REP,LVR1,TBSC,LVR0L416,"",107T 215/65 R17C,17C,0,,0,,0,,0,,0,,0,
2025,03,BSNZ,AT,REP,LVR1,TBSC,LVR0L416,3,107T 215/65 R17C,17C,48,14,7821.575480082,2371.63183,-240.869696314,-258.35445,7580.705783767,2113.27738,2121.7386620078,623.8721720000001,3830.5848590378,1096.295300467104
2025,03,BSNZ,AT,REP,ORR1,BSJ,1DR07003,"",1758 310/80 R225,225,0,,0,,0,,0,,0,,0,
2025,03,BSNZ,AT,REP,ORR1,BSJ,1DR07003,3,1758 310/80 R225,225,14,14,8268.14391998,8496.21696,-260.246360462,-15.983209999999998,8007.897559517999,8480.23375,4454.6794737,4321.52,3616.7499978969004,2261.238231897676
2025,03,BSNZ,AT,REP,ORR2,BSJ,0RR01347,"",       1400 R24TG,24TG,0,,0,,0,,0,,2374.186488,,0,
2025,03,BSNZ,AT,REP,ORR2,BSJ,0RR01347,7,       1400 R24TG,24TG,,4,,3973.21889,,-7.47666,,3965.74223,,2383.95068,,1057.4551977667952
2025,03,BSNZ,AT,REP,ORR2,BSJ,0RR01347,7B,       1400 R24TG,24TG,4,,3661.528422,,-107.377162,,3554.15126,,45.536643999999995,,1571.3218550000001,
2025,03,BSNZ,AT,REP,ORR2,BSJ,0RR02450,1,       1400 R24,24,,0,,0,,0,,0,,0,,0
2025,03,BSNZ,AT,REP,ORR2,BSJ,0RR09933,"",       1400 R24,24,0,,0,,0,,0,,4309.4764589999995,,0,
2025,03,BSNZ,AT,REP,ORR2,BSJ,0RR09933,1,       1400 R24,24,,2,,3591.5905899999993,,-6.75972,,3584.8308699999993,,2193.2673999999997,,955.8863562421602
2025,03,BSNZ,AT,REP,ORR2,BSJ,0RR09933,14,       1400 R24,24,4,,7605.337815,,-231.957498,,7373.380316,,92.49484,,3142.384885,
2025,03,BSNZ,AT,REP,ORR2,BSJ,0RR09934,"",       1400 R24TG,24TG,0,,0,,0,,0,,0,,0,
2025,03,BSNZ,AT,REP,ORR2,BSJ,0RR09934,7,       1400 R24TG,24TG,,5,,9493.28704,,-17.86091,,9475.42613,,5489.455949999999,,2526.602034577255
2025,03,BSNZ,AT,REP,ORR2,BSJ,0RR09934,7B,       1400 R24TG,24TG,6,,10564.8071361,,-319.54156845100005,,10245.265567649,,6435.3075,,4798.9469516947,
2025,03,BSNZ,AT,REP,ORR3,BSJ,0RR0022F,"",B762    175 R25,25,0,,0,,0,,0,,0,,0,
2025,03,BSNZ,AT,REP,ORR3,BSJ,0RR0022F,7,B762    175 R25,25,0,4,0,4701.92012,-6.101243,-26.538159999999998,-6.101243,4675.37627,-1.428083,2642.652,-82.98853700000001,1246.6808221105211
2025,03,BSNZ,AT,REP,ORR3,BSJ,0RR01954,7,        155 R25,25,,3,,2845.8079799999996,,-5.35429,,2840.45369,,1809.31758,,757.4010017462259
2025,03,BSNZ,AT,REP,ORR3,BSJ,0RR02202,7,       1600 R25,25,,0,,0,,0,,0,,0,,0
2025,03,BSNZ,AT,REP,ORR3,BSJ,0RR02347,"",        175 R25,25,0,,0,,0,,0,,5966.991456,,0,
2025,03,BSNZ,AT,REP,ORR3,BSJ,0RR02347,7,        175 R25,25,8,6,7701.047006000001,6427.685739999999,-228.476431,-12.091249999999999,7472.570573999999,6415.594489999999,95.15688,4452.918,3268.984132,1710.705957470992
2025,03,BSNZ,AT,REP,ORR3,BSJ,0RR02399,7,1822    175 R25,25,,0,,0,,0,,0,,0,,0
2025,03,BSNZ,AT,REP,ORR4,BSJ,0RR00112,"",176F 525/80 R25,25,0,,0,,0,,0,,0,,0,
2025,03,BSNZ,AT,REP,ORR4,BSJ,0RR00112,7,176F 525/80 R25,25,3,0,5090.0471356,0,-149.414183971,0,4940.632951629,0,63.26858853499999,0,2373.8315296787,0
2025,03,BSNZ,AT,REP,ORR4,BSJ,0RR00166,"",       1800 R25,25,0,,0,,0,,0,,7431.669829,,0,
2025,03,BSNZ,AT,REP,ORR4,BSJ,0RR00166,7,       1800 R25,25,4,8,14014.93891,28757.487599999997,-446.954905,-54.10621,13567.984005,28703.381389999995,165.88096299999998,14594.28,5525.353266,7653.695611516326
2025,03,BSNZ,AT,REP,ORR4,BSJ,0RR0023F,"",B862    205 R25,25,0,,0,,0,,0,,2308.6457100000002,,0,
2025,03,BSNZ,AT,REP,ORR4,BSJ,0RR0023F,7,B862    205 R25,25,3,6,3753.881844,7819.488189999999,-113.471619,-44.13732999999999,3640.410225,7775.3565499999995,45.892627999999995,4680.054,1564.897044,2073.2803542436395
2025,03,BSNZ,AT,REP,ORR4,BSJ,0RR0024F,"",B952    235 R25,25,0,,0,,0,,0,,0,,0,
2025,03,BSNZ,AT,REP,ORR4,BSJ,0RR0024F,7,B952    235 R25,25,0,2,0,3672.8437899999994,-17.038014,-20.728669999999997,-17.038014,3652.1151199999995,-3.98799,2148.542,-231.749493,973.8292303397462
2025,03,BSNZ,AT,REP,ORR4,BSJ,0RR0025F,"",B022    265 R25,25,0,,0,,0,,0,,0,,0,
2025,03,BSNZ,AT,REP,ORR4,BSJ,0RR0025F,7,B022    265 R25,25,0,6,-320.7243389999994,14373.656939999997,5.5563339999999855,-81.12802,-315.16800500000073,14292.528919999999,-4.889642000000004,7922.424,-189.9926960000002,3811.071009064324
2025,03,BSNZ,AT,REP,ORR4,BSJ,0RR03121,7,        205 R25,25,,0,,0,,0,,0,,0,,0
2025,03,BSNZ,AT,REP,ORR4,BSJ,0RR03322,7,1862    205 R25,25,,0,,0,,0,,0,,0,,0
2025,03,BSNZ,AT,REP,ORR4,BSJ,0RR03828,"",1952    235 R25,25,0,,0,,0,,0,,0,,0,
2025,03,BSNZ,AT,REP,ORR4,BSJ,0RR03828,7,1952    235 R25,25,0,5,0,18705.562049999997,-11.846282,-35.19265,-11.846282,18670.369399999996,-2.77279,10070.470000000001,-161.132028,4978.412895564115
2025,03,BSNZ,AT,REP,ORR4,BSJ,0RR03829,7,1952    235 R25,25,,0,,0,,0,,0,,0,,0
2025,03,BSNZ,AT,REP,ORR4,BSJ,0RR04691,"",193B    265 R25,25,0,,0,,0,,0,,0,,0,
2025,03,BSNZ,AT,REP,ORR4,BSJ,0RR04691,7,193B    265 R25,25,0,,0,,-5.471987,,-5.471987,,0,,-74.429462,
2025,03,BSNZ,AT,REP,ORR4,BSJ,0RR04717,7,        265 R25,25,,0,,0,,0,,0,,0,,0
2025,03,BSNZ,AT,REP,ORR4,BSJ,0RR04737,"",        265 R25,25,0,,0,,0,,0,,0,,0,
2025,03,BSNZ,AT,REP,ORR4,BSJ,0RR04737,7,        265 R25,25,1,1,4615.191970396,5218.907829999999,-135.475197725,-9.82094,4479.716772671,5209.08689,3038.89,3038.89,2152.3746093082,1388.9911834496659
2025,03,BSNZ,AT,REP,ORR4,BSJ,0RR04744,"",        265 R25,25,0,,0,,0,,0,,0,,0,
2025,03,BSNZ,AT,REP,ORR4,BSJ,0RR04744,7,        265 R25,25,0,0,0,0,-13.474435,0,-13.474435,0,0,0,-183.278014,0
2025,03,BSNZ,AT,REP,ORR4,BSJ,0RR05021,"",2022 750/65 R25,25,0,,0,,0,,0,,0,,0,
2025,03,BSNZ,AT,REP,ORR4,BSJ,0RR05021,7,2022 750/65 R25,25,0,0,0,0,-16.355261,0,-16.355261,0,-3.828181,0,-222.462745,0
2025,03,BSNZ,AT,REP,ORR4,BSJ,0RR09935,"",       1800 R25,25,0,,0,,0,,0,,3641.706497,,0,
2025,03,BSNZ,AT,REP,ORR4,BSJ,0RR09935,7,       1800 R25,25,2,4,6496.275954,13159.74096,-190.692885,-24.757189999999998,6305.58307,13134.98377,80.74782,6664.512,2785.325643,3502.417440933884
2025,03,BSNZ,AT,REP,ORR4,BSTM,0RR0L019,3,2012    235 R25,25,,1,,2702.19238,,-5.081169999999999,,2697.11121,,1307.816,,719.1759449439942
2025,03,BSNZ,AT,REP,ORR4,BSTM,0RR0L023,3,2022    265 R25,25,,0,,0,,0,,0,,0,,0
2025,03,BSNZ,AT,REP,ORR4,BSTM,0RR0L025,"",1862    205 R25,25,0,,0,,0,,0,,0,,0,
2025,03,BSNZ,AT,REP,ORR4,BSTM,0RR0L025,3,1862    205 R25,25,0,0,0,0,-5.924904,0,-5.924904,0,0,0,-80.589991,0
2025,03,BSNZ,AT,REP,ORR4,BSTM,0RR0L030,3,193B    265 R25,25,1,,3224.5526775,,-94.65411501,,3129.89856249,,2226.651314525,,1503.82591969,
2025,03,BSNZ,AT,REP,ORR4,BSTM,0RR0L046,"",        265 R25,25,0,,0,,0,,0,,0,,0,
2025,03,BSNZ,AT,REP,ORR4,BSTM,0RR0L046,3,        265 R25,25,6,,23814.228865,,-705.784491078,,23108.444373922,,13809.9249361,,11014.277514574,
2025,03,BSNZ,AT,REP,ORR5,BSJ,0RR0026F,"",B082    295 R25,25,0,,0,,0,,0,,11018.020109,,0,
2025,03,BSNZ,AT,REP,ORR5,BSJ,0RR0026F,7,B082    295 R25,25,6,1,17898.137880000002,2867.2991099999995,-530.9835139999999,-16.18236,17367.154365000002,2851.1167499999997,221.16104800000002,1690.786,7597.809882,760.243524541057
2025,03,BSNZ,AT,REP,ORR5,BSJ,0RR01427,"",B082    295 R25,25,0,,0,,0,,0,,0,,0,
2025,03,BSNZ,AT,REP,ORR5,BSJ,0RR01427,7,B082    295 R25,25,0,5,0,23251.957399999996,-8.398919,-43.744719999999994,-8.398919,23208.212679999997,0,13572.725,-114.241319,6188.417344353473
2025,03,BSNZ,AT,REP,ORR5,BSJ,0RR04745,"",        295 R25,25,0,,0,,0,,0,,6262.812757,,0,
2025,03,BSNZ,AT,REP,ORR5,BSJ,0RR04745,7,        295 R25,25,2,0,11618.440193,0,-369.40301600000004,0,11249.037177,0,137.779157,0,4595.833615,0
2025,03,BSNZ,AT,REP,ORR5,BSJ,0RR04861,7,        295 R25,25,,2,,13365.27514,,-25.144109999999998,,13340.131029999999,,8263.562,,3557.1163384818224
2025,03,BSNZ,AT,REP,ORR5,BSJ,0RR04863,7,2162    295 R25,25,,5,,31716.054309999996,,-59.671029999999995,,31656.38328,,17382.059999999998,,8441.108389389425
2025,03,BSNZ,AT,REP,ORR5,BSJ,0RR05718,"",       1800 R33,33,0,,0,,0,,0,,0,,0,
2025,03,BSNZ,AT,REP,ORR5,BSJ,0RR05718,7,       1800 R33,33,2,9,8421.35902902,36860.104499999994,-250.775488728,-69.34971999999999,8170.583540291999,36790.760469999994,5152.4262447,22492.179,3878.8419464426997,9810.176800834752
2025,03,BSNZ,AT,REP,ORR5,BSJ,0RR09936,"",       1800 R33,33,0,,0,,0,,0,,0,,0,
2025,03,BSNZ,AT,REP,ORR5,BSJ,0RR09936,7,       1800 R33,33,2,2,8917.74471392,8288.94164,-281.85067682700003,-15.596289999999998,8635.894037093,8273.34535,5037.2354111,5404.512,3885.8515011095997,2206.0696671164296
2025,03,BSNZ,AT,REP,ORR5,BSTM,0RR0L028,"",200B    295 R25,25,0,,0,,0,,0,,0,,0,
2025,03,BSNZ,AT,REP,ORR5,BSTM,0RR0L028,3,200B    295 R25,25,6,0,29567.38920576,0,-885.028466126,0,28682.360739634,0,16966.8714286,0,13556.645484876599,0
2025,03,BSNZ,AT,REP,ORR5,BSTM,0RR0L047,"",2162    295 R25,25,0,,0,,0,,0,,0,,0,
2025,03,BSNZ,AT,REP,ORR5,BSTM,0RR0L047,3,2162    295 R25,25,4,,25250.3413302,,-783.54757624,,24466.793753959002,,14025.00803743,,11199.968959512798,
2025,03,BSNZ,AT,REP,ORR6,BSJ,0RR05312,7,        295 R29,29,,4,,39186.92189,,-73.72532999999999,,39113.19656,,25470.976,,10429.44971048844
2025,03,BSNZ,AT,REP,ORR6,BSJ,0RR05474,"",B03B 875/65 R29,29,0,,0,,0,,0,,0,,0,
2025,03,BSNZ,AT,REP,ORR6,BSJ,0RR05474,7,B03B 875/65 R29,29,,0,,0,,0,,0,,0,,0
2025,03,BSNZ,AT,REP,ORR6,BSJ,0RR05474,7A,B03B 875/65 R29,29,0,,0,,-4.856976,,-4.856976,,-1.136844,,-66.064132,
2025,03,BSNZ,AT,REP,ORR6,BSJ,0RR06500,7,2242  35/65 R33,33,,0,,0,,0,,0,,0,,0
2025,03,BSNZ,AT,REP,ORR6,BSJ,0RR06864,"",       2400 R35,35,0,,0,,0,,0,,0,,0,
2025,03,BSNZ,AT,REP,ORR6,BSJ,0RR06864,7,       2400 R35,35,1,0,7995.634320975,0,-241.490758819,0,7754.143562156,0,5190.12,0,3636.344642275,0
2025,03,BSNZ,AT,REP,ORR6,BSJ,0RR07499,7,      45/65 R39,39,,0,,0,,0,,0,,0,,0
2025,03,BSNZ,AT,REP,ORR6,BSJ,0RR08350,"",       2700 R49,49,0,,0,,0,,0,,0,,0,
2025,03,BSNZ,AT,REP,ORR6,BSJ,0RR08350,7,       2700 R49,49,4,14,37287.543430718,134177.4832,-1094.545438493,-252.44253999999998,36192.997992225,133925.04066,29195.54,102184.39,17389.6908814544,35710.82544776776
2025,03,BSNZ,AT,REP,ORR6,BSJ,0RR09821,7,       3325 R29,29,,3,,21759.487469999996,,-40.93955,,21718.547919999997,,14415.888119999998,,5791.20473948798
2025,03,BSNZ,AT,REP,ORR6,BSJ,0RR09826,"",      33/65 R29,29,0,,0,,0,,0,,0,,0,
2025,03,BSNZ,AT,REP,ORR6,BSJ,0RR09826,3,      33/65 R29,29,0,8,0,73518.94231999999,-61.607868,-138.31821,-61.607868,73380.62410999999,0,47178.136,-837.984514,19566.78551354405
2025,03,BSNZ,AT,REP,ORR6,BSJ,0RRS0161,"",2258  35/65 R33,33,0,,0,,0,,0,,0,,0,
2025,03,BSNZ,AT,REP,ORR6,BSJ,0RRS0161,7,2258  35/65 R33,33,0,0,0,0,-15.35752,0,-15.35752,0,-3.594645,0,-208.891561,0
2025,03,BSNZ,AT,REP,ORR7,BSJ,0RR07710,7,      45/65 R45,45,,0,,0,,0,,0,,0,,0
2025,03,BSNZ,AT,REP,ORR7,BSJ,0RR08781,"",       3700 R57,57,0,,0,,0,,0,,0,,0,
2025,03,BSNZ,AT,REP,ORR7,BSJ,0RR08781,7,       3700 R57,57,0,6,0,176498.21811,-147.679541,-332.06271,-147.679541,176166.15539999996,0,122174.92800000001,-2008.723426,46974.323830636175
2025,03,BSNZ,AT,REP,ORS1,BSIN,0RS0N018,1,       1000- 20,20,,0,,0,,0,,0,,0,,0
2025,03,BSNZ,AT,REP,ORS1,BSIN,0RS0N079,3,     155/60- 18,18,,0,,0,,0,,0,,0,,0
2025,03,BSNZ,AT,REP,ORS1,TBSC,0RS0L014,1,       1000- 20,20,,4,,2491.8558399999997,,-4.68856,,2487.1672799999997,,0,,797.3693954070164
2025,03,BSNZ,AT,REP,ORS2,BSJ,0RS01011,"",       1400- 24,24,0,,0,,0,,0,,0,,0,
2025,03,BSNZ,AT,REP,ORS2,BSJ,0RS01011,1T,       1400- 24,24,0,,0,,-2.460236,,-2.460236,,0,,-33.4639,
2025,03,BSNZ,AT,REP,ORS3,BSJ,0RS01627,7,       1600- 25,25,,0,,0,,0,,0,,0,,0
2025,03,BSNZ,AT,REP,ORS3,BSJ,0RS05332,"",       1600- 25,25,0,,0,,0,,0,,0,,0,
2025,03,BSNZ,AT,REP,ORS3,BSJ,0RS05332,7,       1600- 25,25,0,0,0,0,-7.457471,0,-7.457471,0,-1.745527,0,-101.435834,0
2025,03,BSNZ,AT,REP,ORS4,BSJ,0RS05686,"",       1800- 25,25,0,,0,,0,,0,,0,,0,
2025,03,BSNZ,AT,REP,ORS4,BSJ,0RS05686,7,       1800- 25,25,0,,0,,-9.467549,,-9.467549,,-2.216014,,-128.776717,
2025,03,BSNZ,AT,REP,OTHR,"",88000139,6,,34,1,,118.847799,,-3.592927,,115.254871,,1.477262,,53.9615341955,
2025,03,BSNZ,AT,REP,OTHR,"",88000140,6,,30,0,,0,,-0.578629,,-0.578629,,0,,-7.844517,
2025,03,BSNZ,AT,REP,OTHR,"",88000142,6,,16,0,,0,,-0.046409,,-0.046409,,0,,-0.62917,
2025,03,BSNZ,AT,REP,OTHR,"",88000144,6,,28,0,,0,,-0.08589,,-0.08589,,0,,-1.164421,
2025,03,BSNZ,AT,REP,OTHR,"",88000192,6,,24,0,,0,,-0.043248,,-0.043248,,0,,-0.586322,
2025,03,BSNZ,AT,REP,OTHR,"",88000196,6,,26,1,,230.353109,,-6.761828,,223.591282,,2.863258,,107.3285553729,
2025,03,BSNZ,AT,REP,OTHR,"",88000200,6,,32,4,,1363.882485,,-40.035659,,1323.846827,,16.952873,,635.4745405403,
2025,03,BSNZ,AT,REP,OTHR,"",88000203,6,,38,0,,0,,-0.145463,,-0.145463,,0,,-1.97205,
2025,03,BSNZ,AT,REP,OTHR,"",88000205,6,,32,4,,1223.682843,,-38.080225,,1185.602617,,15.015754999999999,,540.8355998034,
2025,03,BSNZ,AT,REP,OTHR,"",88000207,6,,42,1,,242.430525,,-7.11635,,235.314175,,3.013378,,112.9557921299,
2025,03,BSNZ,AT,REP,OTHR,"",88000222,6,,32,2,,685.257925,,-21.589813,,663.6681130000001,,8.517662,,299.2910162608,
2025,03,BSNZ,AT,REP,OTHR,BSIN,T10CN026,6,             16,16,14,,401.486122464,,-11.83773381,,389.64838865400003,,112.1015545708,,211.31042639720002,
2025,03,BSNZ,AT,REP,OTHR,TBSC,TBRCL005,6,   1000/111-R20,20,15,,550.781515522,,-16.503384361,,534.278131161,,55.3355655407,,275.9827949304,
2025,03,BSNZ,AT,REP,OTHR,TBSC,TBRCL007,6,       1200-R20,20,7,,367.827934516,,-10.913316143,,356.914618373,,102.7673556951,,185.7752048067,
2025,03,BSNZ,AT,REP,OTHR,TBSC,TBRCL013,6,        900-R20,20,15,,519.05526736,,-15.428211209,,503.627056151,,189.3800556665,,261.773987646,
2025,03,BSNZ,AT,REP,OTHR,ZDM,1DSC8010,6,A-8/500/600-R 9,9,6,,79.533382404,,-2.3346376,,77.198744804,,33.4951,,37.0570340239,
2025,03,BSNZ,AT,REP,OTHR,ZDM,1DSC8013,6,        700-R12,12,7,,124.671536248,,-3.675856307,,120.99567994099999,,79.48604999999999,,57.86832067420001,
2025,03,BSNZ,AT,REP,OTHR,ZDM,1DSC8014,6,        650-R10,10,6,,85.228696224,,-2.512366894,,82.71632933,,52.55516,,39.567655825699994,
2025,03,BSNZ,AT,REP,OTHR,ZDM,1DSC8015,6,        500-R 8,8,1,,14.204782704,,-0.416969816,,13.787812888,,6.320515,,6.6184424713,
2025,03,BSNZ,AT,REP,OTHR,ZDM,AGSCK035,6,    112/124- 28,28,3,,170.457392448,,-5.003637789,,165.453754659,,77.73352,,95.5364684504,
2025,03,BSNZ,AT,REP,OTHR,ZDM,AGSCK049,6,95A-R24/112- 24S,24S,0,,0,,-0.085994,,-0.085994,,0,,-1.180394,
2025,03,BSNZ,AT,REP,OTHR,ZDM,T10C8030,6,      LT750 R15,15,4,,107.384583712,,-3.180409909,,104.204173803,,45.0755617899,,49.6511440636,
2025,03,BSNZ,AT,REP,OTHR,ZDM,T10CK011,6,      LT750 R16,16,1,,25.85225783,,-0.758871952,,25.093385878,,13.6108719097,,12.0453571702,
2025,03,BSNZ,AT,REP,OTHR,ZDM,T10CK012,6,             16,16,10,,192.669116346,,-5.734753834999999,,186.934362511,,113.53264547340001,,88.6979377804,
2025,03,BSNZ,AT,REP,OTHR,ZDM,T10CK015,6,             16,16,7,,169.201073223,,-5.043238562,,164.15783466099998,,82.5410518963,,77.7991131215,
2025,03,BSNZ,AT,REP,OTHR,ZDM,TBRCK013,6,        825-R15,15,14,,375.365849866,,-11.289597336000002,,364.07625253000003,,176.2969132642,,171.2118260746,
2025,03,BSNZ,AT,REP,PSR1,BFNT,PSR0U442,3,103W 245/45 R20,20,0,3,0,649.6841999999999,-0.500089,-57.17880999999999,-0.500089,592.5053899999999,0,369.12249,-6.779735,275.3596386651795
2025,03,BSNZ,AT,REP,PSR1,BFNT,PSR0U443,3,106W 275/40 R20,20,,1,,281.00065,,-14.959009999999997,,266.04164,,142.62685800000003,,123.69990242002027
2025,03,BSNZ,AT,REP,PSR1,BFNT,PSR0U453,3,110Y 275/45 R20,20,0,,0,,-0.324948,,-0.324948,,0,,-4.405346,
2025,03,BSNZ,AT,REP,PSR1,BFNT,PSR0U454,3,112Y 305/40 R20,20,0,7,0,1991.2951599999997,-1.443427,-116.40032999999998,-1.443427,1874.8891399999998,0,973.1418620000001,-19.568640000000002,873.7075822164259
2025,03,BSNZ,AT,REP,PSR1,BFNT,PSR0U474,"",110Y 275/45 R20,20,0,,0,,0,,0,,0,,0,
2025,03,BSNZ,AT,REP,PSR1,BFNT,PSR0U474,3,110Y 275/45 R20,20,3,1,618.544582698,289.04631,-18.644293951999998,0,599.900288745,289.04631,306.5378962418,112.121477,281.5908086362,135.1839888391781
2025,03,BSNZ,AT,REP,PSR1,BRIDGESTON,17652,3,,19,,1,,258.84947999999997,,-27.397349999999996,,231.45212999999998,,54.037929999999996,,107.53780525898632
2025,03,BSNZ,AT,REP,PSR1,BRIDGESTON,17654,3,,19,,4,,1207.31558,,-78.92029999999998,,1128.3952799999997,,239.54899999999998,,525.3259120643139
2025,03,BSNZ,AT,REP,PSR1,BSAF,PSR0X066,"",105W 245/50 R19,19,0,,0,,0,,0,,0,,0,
2025,03,BSNZ,AT,REP,PSR1,BSAF,PSR0X066,3,105W 245/50 R19,19,3,0,1079.055374,0,-34.137480000000004,0,1044.917893,0,302.16850669700005,0,428.794728,0
2025,03,BSNZ,AT,REP,PSR1,BSEU,PSR0G067,"",100Y 245/40 R21,21,0,,0,,0,,0,,125.715677,,0,
2025,03,BSNZ,AT,REP,PSR1,BSEU,PSR0G067,3,100Y 245/40 R21,21,11,8,4183.241502999999,3628.0350399999998,-127.18460099999997,-253.82520999999997,4056.0569019999994,3374.2098299999993,616.4028109999999,498.62608,1732.2669150000002,1455.3540599999997
2025,03,BSNZ,AT,REP,PSR1,BSEU,PSR0G068,"",103Y 275/35 R21,21,0,,0,,0,,0,,71.035081,,0,
2025,03,BSNZ,AT,REP,PSR1,BSEU,PSR0G068,3,103Y 275/35 R21,21,8,5,2944.862516,1545.7909199999997,-91.923654,-73.72532999999999,2852.938863,1472.0598999999997,532.556055,357.21819999999997,1187.057601,634.79347
2025,03,BSNZ,AT,REP,PSR1,BSEU,PSR0G120,3,102Y 275/35 R20,20,,0,,0,,0,,0,,0,,0
2025,03,BSNZ,AT,REP,PSR1,BSEU,PSR0G121,"",099Y 245/40 R20,20,0,,0,,0,,0,,126.056279,,0,
2025,03,BSNZ,AT,REP,PSR1,BSEU,PSR0G121,3,099Y 245/40 R20,20,2,2,445.574552,455.72916999999995,-13.51146,-54.100519999999996,432.063092,401.63433999999995,5.43732,126.38627999999999,203.635055,172.73132999999999
2025,03,BSNZ,AT,REP,PSR1,BSEU,PSR0G122,"",102Y 275/35 R20,20,0,,0,,0,,0,,365.142203,,0,
2025,03,BSNZ,AT,REP,PSR1,BSEU,PSR0G122,3,102Y 275/35 R20,20,5,,1050.1376970000001,,-30.825936000000002,,1019.3117609999999,,13.053068,,494.517014,
2025,03,BSNZ,AT,REP,PSR1,BSEU,PSR0G292,"",098Y 245/40 R19,19,0,,0,,0,,0,,172.283243,,0,
2025,03,BSNZ,AT,REP,PSR1,BSEU,PSR0G292,3,098Y 245/40 R19,19,3,5,939.581606,1523.05937,-30.271246,-105.1512,909.31036,1417.9081699999997,11.049100000000001,281.4274,403.90700400000003,609.6607399999999
2025,03,BSNZ,AT,REP,PSR1,BSEU,PSR0G293,"",100Y 275/35 R19,19,0,,0,,0,,0,,0,,0,
2025,03,BSNZ,AT,REP,PSR1,BSEU,PSR0G293,3,100Y 275/35 R19,19,0,6,0,2032.9857899999997,-3.55813,-184.49824999999998,-3.55813,1848.4875399999999,-0.832831,410.80661999999995,-50.977667999999994,793.55585
2025,03,BSNZ,AT,REP,PSR1,BSEU,PSR0G334,"",092Y 225/40 R18,18,0,,0,,0,,0,,1645.7614319999998,,0,
2025,03,BSNZ,AT,REP,PSR1,BSEU,PSR0G334,3,092Y 225/40 R18,18,24,,4317.170716,,-129.44709999999998,,4187.723615999999,,53.02517,,1994.014442,
2025,03,BSNZ,AT,REP,PSR1,BSEU,PSR0G335,"",094Y 255/35 R18,18,0,,0,,0,,0,,681.6341430000001,,0,
2025,03,BSNZ,AT,REP,PSR1,BSEU,PSR0G335,3,094Y 255/35 R18,18,9,16,1663.7072560000001,3747.6672899999994,-51.006434999999996,-311.1348899999999,1612.7008190000001,3436.5324,20.171813000000004,1242.87808,752.366107,1479.72433
2025,03,BSNZ,AT,REP,PSR1,BSEU,PSR0G336,"",096W 205/60 R16,16,0,,0,,0,,0,,169.826441,,0,
2025,03,BSNZ,AT,REP,PSR1,BSEU,PSR0G336,3,096W 205/60 R16,16,3,5,347.25780100000003,610.2411199999999,-10.961751,-27.107159999999997,336.29605000000004,583.1339599999999,4.136539,271.81129999999996,152.518799,250.80381999999997
2025,03,BSNZ,AT,REP,PSR1,BSEU,PSR0G337,"",098Y 225/50 R17,17,0,,0,,0,,0,,475.692711,,0,
2025,03,BSNZ,AT,REP,PSR1,BSEU,PSR0G337,3,098Y 225/50 R17,17,8,8,1487.001769,1816.07161,-45.39987599999999,-46.29953,1441.6018940000001,1769.77208,18.07358,477.9144799999999,675.164714,766.26661
2025,03,BSNZ,AT,REP,PSR1,BSEU,PSR0G338,"",095Y 225/45 R18,18,0,,0,,0,,0,,942.150079,,0,
2025,03,BSNZ,AT,REP,PSR1,BSEU,PSR0G338,3,095Y 225/45 R18,18,18,6,3227.2942439999997,1147.49661,-99.73514600000001,-62.618449999999996,3127.559098,1084.87816,38.944375,308.38662,1448.1114460000001,467.3083199999999
2025,03,BSNZ,AT,REP,PSR1,BSEU,PSR0G339,"",099Y 255/40 R18,18,0,,0,,0,,0,,483.950916,,0,
2025,03,BSNZ,AT,REP,PSR1,BSEU,PSR0G339,3,099Y 255/40 R18,18,8,2,2126.46267,632.1533099999999,-68.67569499999999,-44.17715999999999,2057.7869779999996,587.9761499999998,24.967541000000004,119.89967999999999,911.7481520000001,251.74266999999998
2025,03,BSNZ,AT,REP,PSR1,BSEU,PSR0G357,3,092Y 225/40 R18,18,,36,,5892.61521,,-424.25208999999995,,5468.363119999999,,2582.8275599999997,,2546.439108221312
2025,03,BSNZ,AT,REP,PSR1,BSEU,PSR0G362,"",091W 205/55 R16,16,0,,0,,0,,0,,657.613318,,0,
2025,03,BSNZ,AT,REP,PSR1,BSEU,PSR0G362,3,091W 205/55 R16,16,9,63,1181.939544,6725.050829999999,-42.614736,-338.98744,1139.324808,6386.057699999999,12.837591,4569.05862,443.114754,2746.9442299999996
2025,03,BSNZ,AT,REP,PSR1,BSEU,PSR0G370,"",100Y 245/45 R18,18,0,,0,,0,,0,,203.188696,,0,
2025,03,BSNZ,AT,REP,PSR1,BSEU,PSR0G370,3,100Y 245/45 R18,18,4,3,796.606894,689.2581499999999,-25.217802,-35.47146,771.389092,653.79238,9.472427999999999,153.28859999999997,348.85094000000004,280.84702
2025,03,BSNZ,AT,REP,PSR1,BSEU,PSR0G371,"",096Y 255/35 R19,19,0,,0,,0,,0,,405.768775,,0,
2025,03,BSNZ,AT,REP,PSR1,BSEU,PSR0G371,3,096Y 255/35 R19,19,7,23,2025.84546,6160.210219999999,-62.38539,-435.20534,1963.4600719999999,5724.9991899999995,24.497902,1395.33594,912.173048,2461.07294
2025,03,BSNZ,AT,REP,PSR1,BSEU,PSR0G457,"",094Y 255/40 R17,17,0,,0,,0,,0,,530.2393,,0,
2025,03,BSNZ,AT,REP,PSR1,BSEU,PSR0G457,3,094Y 255/40 R17,17,7,16,1624.398422,3599.52245,-49.97194100000001,-234.43937999999997,1574.426484,3365.0830699999997,19.655265999999997,1278.29264,732.14491,1450.11357
2025,03,BSNZ,AT,REP,PSR1,BSEU,PSR0G485,"",099W 225/50 R18,18,0,,0,,0,,0,,0,,0,
2025,03,BSNZ,AT,REP,PSR1,BSEU,PSR0G485,3,099W 225/50 R18,18,18,27,3485.381299533,5216.58062,-112.881076414,-403.12512,3372.5002231190006,4813.4555,1497.6381629,1643.6873699999999,1620.9180687790001,2066.12435
2025,03,BSNZ,AT,REP,PSR1,BSEU,PSR0G537,"",089Y 225/40 R19,19,0,,0,,0,,0,,0,,0,
2025,03,BSNZ,AT,REP,PSR1,BSEU,PSR0G537,3,089Y 225/40 R19,19,0,,0,,-0.763038,,-0.763038,,-0.178599,,-10.932117,
2025,03,BSNZ,AT,REP,PSR1,BSEU,PSR0G588,"",092Y 255/30 R20,20,0,,0,,0,,0,,0,,0,
2025,03,BSNZ,AT,REP,PSR1,BSEU,PSR0G588,3,092Y 255/30 R20,20,0,0,0,0,-0.302412,0,-0.302412,0,-0.070784,0,-4.332684,0
2025,03,BSNZ,AT,REP,PSR1,BSEU,PSR0G589,"",090Y 225/35 R20,20,0,,0,,0,,0,,0,,0,
2025,03,BSNZ,AT,REP,PSR1,BSEU,PSR0G589,3,090Y 225/35 R20,20,0,1,0,136.53154999999998,-0.6962200000000001,-14.452599999999999,-0.6962200000000001,122.08464,-0.16296,53.0308,-9.974813000000001,52.51301
2025,03,BSNZ,AT,REP,PSR1,BSEU,PSR0G758,"",093Y 225/40 R19,19,0,,0,,0,,0,,431.369769,,0,
2025,03,BSNZ,AT,REP,PSR1,BSEU,PSR0G758,3,093Y 225/40 R19,19,9,4,2188.228908,968.0624599999999,-69.433786,-59.915699999999994,2118.795122,908.1410699999999,25.982225,183.28627999999998,955.949468,389.8674199999999
2025,03,BSNZ,AT,REP,PSR1,BSEU,PSR0G861,3,*99Y 265/35ZF20,20,,0,,0,,0,,0,,0,,0
2025,03,BSNZ,AT,REP,PSR1,BSEU,PSR0G862,3,*96Y 265/30ZF21,21,,0,,0,,0,,0,,0,,0
2025,03,BSNZ,AT,REP,PSR1,BSEU,PSR0G863,3,D08Y 355/25ZF22,22,,0,,0,,0,,0,,0,,0
2025,03,BSNZ,AT,REP,PSR1,BSEU,PSR0G865,3,D11Y 345/30ZF21,21,,0,,0,,0,,0,,0,,0
2025,03,BSNZ,AT,REP,PSR1,BSEU,PSR0G869,3,096W 235/40 F19,19,,4,,1044.04672,,-125.58399,,918.46273,,460.59412,,394.99411
2025,03,BSNZ,AT,REP,PSR1,BSEU,PSR0G870,3,107W 285/40 F19,19,,4,,1191.0307999999998,,-143.26281999999998,,1047.7679799999999,,528.3278799999999,,450.60247999999996
2025,03,BSNZ,AT,REP,PSR1,BSEU,PSR0P192,"",092Y 255/35 R19,19,0,,0,,0,,0,,995.3286780000001,,0,
2025,03,BSNZ,AT,REP,PSR1,BSEU,PSR0P192,3,092Y 255/35 R19,19,14,18,4074.131573,5373.294599999999,-126.13221200000001,-459.7804499999999,3947.999363,4913.51415,49.110258,1147.71852,1824.84573,2111.71263
2025,03,BSNZ,AT,REP,PSR1,BSEU,PSR0P193,"",089Y 225/40 R19,19,0,,0,,0,,0,,815.663862,,0,
2025,03,BSNZ,AT,REP,PSR1,BSEU,PSR0P193,3,089Y 225/40 R19,19,14,23,3287.787412,5638.624989999999,-97.537467,-447.92249,3190.2499430000003,5190.702499999999,40.626329,1290.11646,1533.5254909999999,2230.7189799999996
2025,03,BSNZ,AT,REP,PSR1,BSEU,PSR0P195,"",091W 225/45 R17,17,0,,0,,0,,0,,2134.419358,,0,
2025,03,BSNZ,AT,REP,PSR1,BSEU,PSR0P195,3,091W 225/45 R17,17,37,48,4923.727221000001,6164.70532,-149.627434,-431.70599,4774.099791,5732.99933,60.008597,2718.6364799999997,2245.614041,2467.47988
2025,03,BSNZ,AT,REP,PSR1,BSEU,PSR0P221,"",091W 245/40 R17,17,0,,0,,0,,0,,550.122647,,0,
2025,03,BSNZ,AT,REP,PSR1,BSEU,PSR0P221,3,091W 245/40 R17,17,9,15,1714.8478220000002,2729.87423,-54.256389,-251.64024999999998,1660.591435,2478.23398,20.398159,908.8921499999999,751.3938649999999,1066.6530899999998
2025,03,BSNZ,AT,REP,PSR1,BSEU,PSR0P226,"",097Y 225/55 R17,17,0,,0,,0,,0,,73.357875,,0,
2025,03,BSNZ,AT,REP,PSR1,BSEU,PSR0P226,3,097Y 225/55 R17,17,1,6,215.467123,1560.9035599999997,-6.873425,-93.52653,208.593698,1467.3827199999998,2.549828,346.07718,93.60562,629.39366
2025,03,BSNZ,AT,REP,PSR1,BSEU,PSR0P326,"",089W 205/50 R17,17,0,,0,,0,,0,,115.542283,,0,
2025,03,BSNZ,AT,REP,PSR1,BSEU,PSR0P326,3,089W 205/50 R17,17,2,13,269.868537,2013.6909999999998,-8.245103,-129.78889999999998,261.62343400000003,1883.9020999999998,3.278748,598.12142,122.450523,811.5191799999999
2025,03,BSNZ,AT,REP,PSR1,BSEU,PSR0P339,"",091W 205/55 R17,17,0,,0,,0,,0,,119.339159,,0,
2025,03,BSNZ,AT,REP,PSR1,BSEU,PSR0P339,3,091W 205/55 R17,17,2,15,366.77821,3542.22415,-13.472230999999999,-52.547149999999995,353.305979,3489.6826899999996,3.925682,709.7706,133.952726,1513.6822499999998
2025,03,BSNZ,AT,REP,PSR1,BSEU,PSR0P341,"",091W 225/45 R18,18,0,,0,,0,,0,,557.096614,,0,
2025,03,BSNZ,AT,REP,PSR1,BSEU,PSR0P341,3,091W 225/45 R18,18,10,8,1630.434339,1434.5627999999997,-52.025445000000005,-121.22545,1578.4088929999998,1313.33735,19.291112,440.54256,708.1049399999999,562.8548
2025,03,BSNZ,AT,REP,PSR1,BSEU,PSR0P359,"",092Y 225/40 R18,18,0,,0,,0,,0,,229.722158,,0,
2025,03,BSNZ,AT,REP,PSR1,BSEU,PSR0P359,3,092Y 225/40 R18,18,4,11,667.312104,2157.85853,-24.371921999999998,-171.31452,642.9401799999999,1986.5440099999998,7.174946000000002,625.58705,245.707897,853.1358399999999
2025,03,BSNZ,AT,REP,PSR1,BSEU,PSR0P366,"",098Y 245/45 R19,19,0,,0,,0,,0,,254.290178,,0,
2025,03,BSNZ,AT,REP,PSR1,BSEU,PSR0P366,3,098Y 245/45 R19,19,4,4,1251.383286,1246.8781499999998,-37.90738400000001,-85.22482,1213.475903,1161.6533299999999,15.279721,248.99439999999998,572.464253,500.84517999999997
2025,03,BSNZ,AT,REP,PSR1,BSEU,PSR0P367,"",101Y 275/40 R19,19,0,,0,,0,,0,,147.944152,,0,
2025,03,BSNZ,AT,REP,PSR1,BSEU,PSR0P367,3,101Y 275/40 R19,19,2,3,663.760908,996.7172999999999,-21.328478999999998,-114.37468999999999,642.432428,882.3426099999999,7.8187690000000005,219.45191999999997,286.14581,383.2784
2025,03,BSNZ,AT,REP,PSR1,BSEU,PSR0P377,"",100Y 245/50 R18,18,0,,0,,0,,0,,617.09842,,0,
2025,03,BSNZ,AT,REP,PSR1,BSEU,PSR0P377,3,100Y 245/50 R18,18,8,5,1803.382035,1283.20311,-53.893325999999995,-151.16622999999998,1749.48871,1132.0368799999999,22.191906,382.22574999999995,835.520819,492.20775999999995
2025,03,BSNZ,AT,REP,PSR1,BSEU,PSR0P378,"",092W 225/45 R19,19,0,,0,,0,,0,,871.260173,,0,
2025,03,BSNZ,AT,REP,PSR1,BSEU,PSR0P378,3,092W 225/45 R19,19,13,9,3165.572676999999,2275.8065399999996,-101.55205299999999,-154.71679,3064.020624,2121.0897499999996,37.327836000000005,598.90095,1367.057733,913.0344699999999
2025,03,BSNZ,AT,REP,PSR1,BSEU,PSR0P393,"",093Y 225/40 R19,19,0,,0,,0,,0,,349.820693,,0,
2025,03,BSNZ,AT,REP,PSR1,BSEU,PSR0P393,3,093Y 225/40 R19,19,6,2,1362.69317,500.47533,-44.741483,-52.96821,1317.951686,447.50712,15.828455000000002,108.54243999999998,573.780561,192.49838999999997
2025,03,BSNZ,AT,REP,PSR1,BSEU,PSR0P394,"",096Y 255/35 R19,19,0,,0,,0,,0,,1062.410543,,0,
2025,03,BSNZ,AT,REP,PSR1,BSEU,PSR0P394,3,096Y 255/35 R19,19,16,9,4627.196798,2890.45741,-141.415298,-54.959709999999994,4485.7815,2835.4977,56.207539999999995,570.1721399999999,2098.922977,1229.7398699999999
2025,03,BSNZ,AT,REP,PSR1,BSJ,PSR08528,"",088Y 225/40 R18,18,0,,0,,0,,0,,0,,0,
2025,03,BSNZ,AT,REP,PSR1,BSJ,PSR08528,3,088Y 225/40 R18,18,0,,0,,-0.175676,,-0.175676,,0,,-2.516921,
2025,03,BSNZ,AT,REP,PSR1,BSJ,PSR08531,"",090Y 255/35 R18,18,0,,0,,0,,0,,0,,0,
2025,03,BSNZ,AT,REP,PSR1,BSJ,PSR08531,3,090Y 255/35 R18,18,0,,0,,-0.692514,,-0.692514,,0,,-9.921723,
2025,03,BSNZ,AT,REP,PSR1,BSJ,PSR12886,"",091W 225/45 F17,17,0,,0,,0,,0,,0,,0,
2025,03,BSNZ,AT,REP,PSR1,BSJ,PSR12886,3,091W 225/45 F17,17,4,3,626.735784045,593.20526,-18.39731799,-31.585189999999997,608.338466055,561.6257599999999,362.9573627,330.29487,318.7057015185,261.14046743916674
2025,03,BSNZ,AT,REP,PSR1,BSJ,PSR13423,"",087V 195/55 F16,16,0,,0,,0,,0,,0,,0,
2025,03,BSNZ,AT,REP,PSR1,BSJ,PSR13423,3,087V 195/55 F16,16,6,10,1012.905979246,1749.82294,-32.550165242,-89.10539999999999,980.355814004,1660.7175399999999,414.3621120246,853.97987,474.7183785628,770.674170446181
2025,03,BSNZ,AT,REP,PSR1,BSJ,PSR14671,"",092W 225/50 F16,16,0,,0,,0,,0,,0,,0,
2025,03,BSNZ,AT,REP,PSR1,BSJ,PSR14671,3,092W 225/50 F16,16,2,9,471.309553169,1885.35874,-14.008289695,-90.92051,457.301263474,1794.4325399999998,209.8707107794,985.676796,237.1847824671,833.94493313483
2025,03,BSNZ,AT,REP,PSR1,BSJ,PSR15245,"",102Y 275/40 F20,20,0,,0,,0,,0,,0,,0,
2025,03,BSNZ,AT,REP,PSR1,BSJ,PSR15245,3,102Y 275/40 F20,20,3,18,706.821946908,3159.6057899999996,-22.16363801,-266.76995999999997,684.6583088980001,2892.8358299999995,291.7276658956,1881.245124,309.0505890685,1341.6910156999156
2025,03,BSNZ,AT,REP,PSR1,BSJ,PSR16005,"",095V 225/50 F18,18,0,,0,,0,,0,,0,,0,
2025,03,BSNZ,AT,REP,PSR1,BSJ,PSR16005,3,095V 225/50 F18,18,40,8,7691.1639608860005,1517.57421,-229.84108263,-119.07463,7461.322878255,1398.49958,3769.0173233680002,799.960304,3852.6991121493,650.0306646953851
2025,03,BSNZ,AT,REP,PSR1,BSJ,PSR16308,"",099Y 245/45 F20,20,0,,0,,0,,0,,0,,0,
2025,03,BSNZ,AT,REP,PSR1,BSJ,PSR16308,3,099Y 245/45 F20,20,1,4,276.786668011,1149.65881,-8.795976987,-50.53857999999999,267.990691024,1099.11454,131.0469206662,591.40664,119.3480293902,511.1561371538548
2025,03,BSNZ,AT,REP,PSR1,BSJ,PSR16855,"",088Y 245/35 R18,18,0,,0,,0,,0,,0,,0,
2025,03,BSNZ,AT,REP,PSR1,BSJ,PSR16855,3,088Y 245/35 R18,18,16,18,3795.3906314940004,4645.33307,-113.189578771,-365.40611,3682.201052723,4279.93265,2358.9963804832,2363.376924,1904.5324451649003,1992.5863128281494
2025,03,BSNZ,AT,REP,PSR1,BSJ,PSR16948,"",111W 285/45 R19,19,0,,0,,0,,0,,0,,0,
2025,03,BSNZ,AT,REP,PSR1,BSJ,PSR16948,3,111W 285/45 R19,19,4,7,798.4718302819999,1509.56269,-25.161151618,-191.21245,773.310678664,1318.35024,470.9813648288,754.5803089999999,348.6781732682,616.8676215961378
2025,03,BSNZ,AT,REP,PSR1,BSJ,PSR16973,3,095V 225/50 F18,18,5,2,885.5096261900001,388.71804,-27.375163159,-20.694529999999997,858.134463031,368.01782,398.08891081630003,192.002624,393.8535159379,171.11731233942322
2025,03,BSNZ,AT,REP,PSR1,BSJ,PSR17010,"",096Y 245/40 F21,21,0,,0,,0,,0,,0,,0,
2025,03,BSNZ,AT,REP,PSR1,BSJ,PSR17010,3,096Y 245/40 F21,21,0,0,0,0,-0.749376,0,-0.749376,0,0,0,-10.736392,0
2025,03,BSNZ,AT,REP,PSR1,BSJ,PSR17076,"",106Y 275/40 R20,20,0,,0,,0,,0,,0,,0,
2025,03,BSNZ,AT,REP,PSR1,BSJ,PSR17076,3,106Y 275/40 R20,20,5,38,1543.513799835,9524.399959999999,-54.810698234,-881.5118699999999,1488.703101601,8642.88809,701.320715937,5141.8130980000005,590.3494631901001,4020.4318572941743
2025,03,BSNZ,AT,REP,PSR1,BSJ,PSR17134,"",084W 205/45 F17,17,0,,0,,0,,0,,0,,0,
2025,03,BSNZ,AT,REP,PSR1,BSJ,PSR17134,3,084W 205/45 F17,17,6,7,927.900628662,1354.5272599999998,-32.550259677999996,-94.34589,895.350368984,1260.1813699999998,527.0250762036,679.115745,395.72908503889994,584.0977083082204
2025,03,BSNZ,AT,REP,PSR1,BSJ,PSR17144,3,109H 255/55 R18,18,2,4,571.217641582,1081.03741,-17.68520318,-114.41452,553.5324384019999,966.6228899999999,253.32873,604.3801920000001,253.7081300888,449.10535235788916
2025,03,BSNZ,AT,REP,PSR1,BSJ,PSR17277,"",093Y 245/40 R18,18,0,,0,,0,,0,,0,,0,
2025,03,BSNZ,AT,REP,PSR1,BSJ,PSR17277,3,093Y 245/40 R18,18,6,7,1411.5556120820002,1621.3370499999999,-42.264769212000004,-120.13296999999999,1369.29084287,1501.1983899999998,690.9007686246,848.3375530000001,705.9125528215,698.3947512769778
2025,03,BSNZ,AT,REP,PSR1,BSJ,PSR17279,"",110Y 315/35 R20,20,0,,0,,0,,0,,0,,0,
2025,03,BSNZ,AT,REP,PSR1,BSJ,PSR17279,3,110Y 315/35 R20,20,11,52,3351.0109788679997,16795.110409999998,-108.63785435,-1719.9675099999997,3242.3731245179997,15075.148589999999,1784.5741054379002,9067.698068000002,1422.0848191429,7016.127086289211
2025,03,BSNZ,AT,REP,PSR1,BSJ,PSR17347,"",091W 225/45 R17,17,0,,0,,0,,0,,0,,0,
2025,03,BSNZ,AT,REP,PSR1,BSJ,PSR17347,3,091W 225/45 R17,17,6,25,1170.995606879,4975.791199999999,-34.970717378,-299.37935,1136.024889501,4676.4061599999995,540.5284724999999,2427.3318249999998,586.916347722,2172.7125947550594
2025,03,BSNZ,AT,REP,PSR1,BSJ,PSR17366,"",*97Y 255/40ZF20,20,0,,0,,0,,0,,0,,0,
2025,03,BSNZ,AT,REP,PSR1,BSJ,PSR17366,3,*97Y 255/40ZF20,20,2,2,781.70974,1216.7894299999998,-24.286978124,-85.03135999999999,757.4227618760001,1131.75238,368.90238,376.78358,378.3067371556,523.5581837233055
2025,03,BSNZ,AT,REP,PSR1,BSJ,PSR17368,"",107W 255/50 R19,19,0,,0,,0,,0,,0,,0,
2025,03,BSNZ,AT,REP,PSR1,BSJ,PSR17368,3,107W 255/50 R19,19,4,6,900.30627484,1435.41061,-29.345296718,-119.13153,870.9609781219999,1316.27908,534.3683106766,752.532234,379.9269138438,610.7250342336412
2025,03,BSNZ,AT,REP,PSR1,BSJ,PSR17596,3,088Y 225/35 R19,19,,2,,536.74339,,-42.168589999999995,,494.5748,,262.066492,,229.87965084669693
2025,03,BSNZ,AT,REP,PSR1,BSJ,PSR17604,"",091Y 255/30 R19,19,0,,0,,0,,0,,0,,0,
2025,03,BSNZ,AT,REP,PSR1,BSJ,PSR17604,3,091Y 255/30 R19,19,0,0,0,0,-0.654341,0,-0.654341,0,0,0,-9.374808,0
2025,03,BSNZ,AT,REP,PSR1,BSJ,PSR17654,"",099Y 275/35 F21,21,0,,0,,0,,0,,0,,0,
2025,03,BSNZ,AT,REP,PSR1,BSJ,PSR17654,3,099Y 275/35 F21,21,0,0,0,0,-0.794942,0,-0.794942,0,0,0,-11.389213999999999,0
2025,03,BSNZ,AT,REP,PSR1,BSJ,PSR17744,"",D00Y 285/35ZF20,20,0,,0,,0,,0,,0,,0,
2025,03,BSNZ,AT,REP,PSR1,BSJ,PSR17744,3,D00Y 285/35ZF20,20,2,0,1172.56461,0,-35.409601185,0,1137.155008814,0,418.9612865625,0,582.0861362333,0
2025,03,BSNZ,AT,REP,PSR1,BSMX,PSR0M042,3,103H 225/55 R19,19,1,6,211.603242977,1394.11259,-6.211440687,-71.70537999999999,205.39180229,1322.40152,94.6814414214,682.111638,98.5924191516,615.6017697337684
2025,03,BSNZ,AT,REP,PSR2,"",11005191,"",,19,0,,0,,0,,0,,0,,0,
2025,03,BSNZ,AT,REP,PSR2,"",11005191,3,,19,7,,1278.7207930000002,,-46.998948000000006,,1231.721844,,15.679656999999999,,514.6361287725999,
2025,03,BSNZ,AT,REP,PSR2,"",11006374,"",,20,0,,0,,0,,0,,0,,0,
2025,03,BSNZ,AT,REP,PSR2,"",11006374,3,,20,0,,137.40782200000007,,-8.191915000000002,,129.21590700000002,,1.6227419999999881,,7.633335070799973,
2025,03,BSNZ,AT,REP,PSR2,"",11006549,"",,18,0,,0,,0,,0,,0,,0,
2025,03,BSNZ,AT,REP,PSR2,"",11006549,3,,18,0,,0,,-0.9650259999999999,,-0.9650259999999999,,0,,-13.826027,
2025,03,BSNZ,AT,REP,PSR2,"",11006558,"",,19,0,,0,,0,,0,,0,,0,
2025,03,BSNZ,AT,REP,PSR2,"",11006558,3,,19,4,,631.2752849999999,,-19.838945000000002,,611.436338,,160.827261,,276.3927253946,
2025,03,BSNZ,AT,REP,PSR2,"",11006560,"",,19,0,,0,,0,,0,,0,,0,
2025,03,BSNZ,AT,REP,PSR2,"",11006560,3,,19,6,,1815.068596,,-53.704567000000004,,1761.364029,,566.452357,,839.9381418647,
2025,03,BSNZ,AT,REP,PSR2,"",11006563,"",,20,0,,0,,0,,0,,0,,0,
2025,03,BSNZ,AT,REP,PSR2,"",11006563,3,,20,10,,2825.255342,,-86.71624,,2738.539103,,637.1624610000001,,1265.0840961819,
2025,03,BSNZ,AT,REP,PSR2,"",11006564,"",,20,0,,0,,0,,0,,0,,0,
2025,03,BSNZ,AT,REP,PSR2,"",11006564,3,,20,10,,2082.681342,,-63.647819999999996,,2019.033523,,465.60475500000007,,936.3240206672001,
2025,03,BSNZ,AT,REP,PSR2,"",11006566,"",,20,0,,0,,0,,0,,0,,0,
2025,03,BSNZ,AT,REP,PSR2,"",11006566,3,,20,2,,487.005168,,-16.000524000000002,,471.004644,,185.383206,,203.7973645198,
2025,03,BSNZ,AT,REP,PSR2,"",11006570,"",,21,0,,0,,0,,0,,0,,0,
2025,03,BSNZ,AT,REP,PSR2,"",11006570,3,,21,0,,0,,-1.3747470000000002,,-1.3747470000000002,,0,,-18.637541,
2025,03,BSNZ,AT,REP,PSR2,"",11006572,"",,22,0,,0,,0,,0,,0,,0,
2025,03,BSNZ,AT,REP,PSR2,"",11006572,3,,22,0,,0,,-3.967543,,-3.967543,,0,,-53.78825700000001,
2025,03,BSNZ,AT,REP,PSR2,"",11006573,"",,17,0,,0,,0,,0,,0,,0,
2025,03,BSNZ,AT,REP,PSR2,"",11006573,3,,17,8,,668.116148,,-20.486273999999998,,647.629873,,8.304592,,327.22256677639996,
2025,03,BSNZ,AT,REP,PSR2,"",11006856,"",,18,0,,0,,0,,0,,0,,0,
2025,03,BSNZ,AT,REP,PSR2,"",11006856,3,,18,6,,1318.386978,,-37.972927,,1280.414051,,16.387370000000004,,680.8413319260999,
2025,03,BSNZ,AT,REP,PSR2,"",11006876,"",,21,0,,0,,0,,0,,0,,0,
2025,03,BSNZ,AT,REP,PSR2,"",11006876,3,,21,4,,1433.4323180000001,,-47.700298000000004,,1385.73202,,369.32990299999994,,591.6477026261,
2025,03,BSNZ,AT,REP,PSR2,"",11007216,"",,20,0,,0,,0,,0,,0,,0,
2025,03,BSNZ,AT,REP,PSR2,"",11007216,3,,20,0,,0,,-5.748959,,-5.748959,,0,,-77.939033,
2025,03,BSNZ,AT,REP,PSR2,"",11007217,"",,20,0,,0,,0,,0,,0,,0,
2025,03,BSNZ,AT,REP,PSR2,"",11007217,3,,20,0,,0,,-1.266505,,-1.266505,,0,,-18.145336,
2025,03,BSNZ,AT,REP,PSR2,"",11007218,3,,19,7,,1053.119361,,-34.999044,,1018.120317,,365.09049,,435.21280360549997,
2025,03,BSNZ,AT,REP,PSR2,"",11007220,3,,20,4,,816.685667,,-23.973142,,792.712525,,347.961572,,380.5188162706,
2025,03,BSNZ,AT,REP,PSR2,"",11007223,"",,21,0,,0,,0,,0,,0,,0,
2025,03,BSNZ,AT,REP,PSR2,"",11007223,3,,21,2,,611.140675,,-18.471367,,592.669307,,162.224165,,277.539041494,
2025,03,BSNZ,AT,REP,PSR2,"",11007224,3,,21,1,,262.431127,,-8.786951,,253.64417600000002,,83.426317,,107.5856129997,
2025,03,BSNZ,AT,REP,PSR2,"",11007225,"",,22,0,,0,,0,,0,,0,,0,
2025,03,BSNZ,AT,REP,PSR2,"",11007225,3,,22,2,,427.600811,,-14.610918000000002,,412.989893,,5.31502,,171.31766992169997,
2025,03,BSNZ,AT,REP,PSR2,"",11007226,"",,22,0,,0,,0,,0,,0,,0,
2025,03,BSNZ,AT,REP,PSR2,"",11007226,3,,22,0,,0,,-4.30138,,-4.30138,,0,,-58.31412,
2025,03,BSNZ,AT,REP,PSR2,"",11007228,"",,22,0,,0,,0,,0,,0,,0,
2025,03,BSNZ,AT,REP,PSR2,"",11007228,3,,22,0,,0,,-0.546663,,-0.546663,,0,,-7.411153,
2025,03,BSNZ,AT,REP,PSR2,"",11007229,"",,21,0,,0,,0,,0,,0,,0,
2025,03,BSNZ,AT,REP,PSR2,"",11007229,3,,21,0,,-0.16192499999999654,,-10.121187999999997,,-10.28311400000002,,-0.09384800000000837,,-137.3687545549,
2025,03,BSNZ,AT,REP,PSR2,"",11007230,"",,21,0,,0,,0,,0,,0,,0,
2025,03,BSNZ,AT,REP,PSR2,"",11007230,3,,21,0,,0,,-2.2912280000000003,,-2.2912280000000003,,0,,-31.062331,
2025,03,BSNZ,AT,REP,PSR2,"",11007243,3,,20,4,,1079.474147,,-31.687084,,1047.787064,,312.243015,,502.9600023524,
2025,03,BSNZ,AT,REP,PSR2,"",11007244,"",,20,0,,0,,0,,0,,0,,0,
2025,03,BSNZ,AT,REP,PSR2,"",11007244,3,,20,10,,2231.345782,,-67.112433,,2164.233349,,793.369761,,1017.7833141540001,
2025,03,BSNZ,AT,REP,PSR2,"",11007457,"",,17,0,,0,,0,,0,,0,,0,
2025,03,BSNZ,AT,REP,PSR2,"",11007457,3,,17,37,,2844.234138,,-84.85009500000001,,2759.3840440000004,,35.283862,,1426.8457400037,
2025,03,BSNZ,AT,REP,PSR2,"",11007462,"",,19,0,,0,,0,,0,,0,,0,
2025,03,BSNZ,AT,REP,PSR2,"",11007462,3,,19,14,,1844.9689939999998,,-64.82714100000001,,1780.1418540000002,,22.671025999999998,,785.2904554435,
2025,03,BSNZ,AT,REP,PSR2,"",11007466,"",,19,0,,0,,0,,0,,0,,0,
2025,03,BSNZ,AT,REP,PSR2,"",11007466,3,,19,0,,0,,-4.64853,,-4.64853,,0,,-66.599973,
2025,03,BSNZ,AT,REP,PSR2,"",11007468,"",,19,0,,0,,0,,0,,0,,0,
2025,03,BSNZ,AT,REP,PSR2,"",11007468,3,,19,8,,1143.909365,,-38.300817,,1105.608547,,14.098324,,514.0205947452,
2025,03,BSNZ,AT,REP,PSR2,"",11007469,"",,19,0,,0,,0,,0,,0,,0,
2025,03,BSNZ,AT,REP,PSR2,"",11007469,3,,19,2,,360.608287,,-13.869176,,346.739111,,4.482311,,136.32788624900002,
2025,03,BSNZ,AT,REP,PSR2,BFNT,PSR0U457,3,107T 265/50 R20,20,0,,8.46479975599999,,-0.8909302959999998,,7.573869460000015,,0,,-4.765762044099997,
2025,03,BSNZ,AT,REP,PSR2,BFNT,PSR0U459,3,115S 275/60 R20,20,0,7,0,1753.58972,-0.377631,-224.76637999999997,-0.377631,1528.82334,0,912.682848,-5.119571,710.0721595047816
2025,03,BSNZ,AT,REP,PSR2,BRBS,PSR0Q455,3,096H 215/60 R17,17,1,0,176.420721036,0,-5.178686438,0,171.242034598,0,52.9270282,0,82.1998067261,0
2025,03,BSNZ,AT,REP,PSR2,BRBS,PSR0Q456,3,098V 225/55 R18,18,1,0,164.7174095,0,-4.835145269,0,159.882264231,0,62.0318882,0,76.7468761371,0
2025,03,BSNZ,AT,REP,PSR2,BRBS,PSR0Q457,3,096V 225/50 R19,19,2,,307.54694628,,-9.546884878,,298.000061402,,132.978658,,136.2581213103,
2025,03,BSNZ,AT,REP,PSR2,BRIDGESTON,'-,3,,18,,12,,2149.97219,,-200.29368999999997,,1949.67281,,943.3223399999999,,903.3115926979965
2025,03,BSNZ,AT,REP,PSR2,BRIDGESTON,'-,3,,19,,24,,4489.80261,,-351.71027999999995,,4138.0866399999995,,1894.63344,,1925.0012036806884
2025,03,BSNZ,AT,REP,PSR2,BRIDGESTON,'-,3,,20,,18,,3861.0917499999996,,-335.71568999999994,,3525.37037,,1693.0538099999999,,1638.5837526210375
2025,03,BSNZ,AT,REP,PSR2,BRIDGESTON,'-,3,,21,,6,,1709.40118,,-170.27893999999998,,1539.12224,,723.0681299999999,,713.7101159501627
2025,03,BSNZ,AT,REP,PSR2,BRIDGESTON,13017,3,,18,,2,,337.57062999999994,,-20.92782,,316.64849999999996,,106.35747999999998,,136.73069999999998
2025,03,BSNZ,AT,REP,PSR2,BRIDGESTON,18668,3,,18,,1,,237.69405999999998,,-31.232409999999998,,206.46165,,42.3336,,88.77538
2025,03,BSNZ,AT,REP,PSR2,BRIDGESTON,20569,3,,20,,6,,1578.8612,,-160.03694,,1418.8242599999999,,360.62082,,609.1144999999999
2025,03,BSNZ,AT,REP,PSR2,BRIDGESTON,20574,3,,20,,6,,1500.54973,,-110.49979999999998,,1390.0499299999997,,411.93324,,597.7629499999999
2025,03,BSNZ,AT,REP,PSR2,BRIDGESTON,20575,3,,20,,2,,458.05637999999993,,-55.00523,,403.05114999999995,,148.3952,,173.33446999999998
2025,03,BSNZ,AT,REP,PSR2,BRIDGESTON,20579,3,,20,,2,,333.13243,,-40.006389999999996,,293.13172999999995,,160.11659999999998,,126.06195
2025,03,BSNZ,AT,REP,PSR2,BRIDGESTON,20585,3,,21,,2,,545.30684,,-65.48052,,479.82631999999995,,136.66242,,206.35354
2025,03,BSNZ,AT,REP,PSR2,BRIDGESTON,20586,3,,21,,10,,2926.73116,,-270.18965,,2656.5415099999996,,786.6993999999999,,1142.67149
2025,03,BSNZ,AT,REP,PSR2,BRIDGESTON,20589,3,,21,,5,,1962.0997699999998,,-217.48887,,1744.6109,,410.84644999999995,,749.74285
2025,03,BSNZ,AT,REP,PSR2,BRIDGESTON,20641,3,,18,,19,,2040.0300099999997,,-63.27848999999999,,1976.7515199999998,,601.54111,,852.0718099999999
2025,03,BSNZ,AT,REP,PSR2,BRIDGESTON,20642,3,,18,,43,,5899.02784,,-170.73414,,5728.299389999999,,2222.82695,,2466.1598
2025,03,BSNZ,AT,REP,PSR2,BRIDGESTON,20647,3,,18,,20,,2571.5556699999997,,-85.23050999999998,,2486.32516,,759.00617,,1071.64891
2025,03,BSNZ,AT,REP,PSR2,BRIDGESTON,20648,3,,18,,10,,1547.97019,,-42.85707999999999,,1505.11311,,456.77043999999995,,648.59172
2025,03,BSNZ,AT,REP,PSR2,BRIDGESTON,20659,3,,19,,10,,1586.84996,,-43.932489999999994,,1542.9231599999998,,467.7464499999999,,664.8821899999999
2025,03,BSNZ,AT,REP,PSR2,BRIDGESTON,20660,3,,19,,17,,2561.6607599999998,,-72.37679999999999,,2489.28965,,752.9576999999999,,1072.7926
2025,03,BSNZ,AT,REP,PSR2,BRIDGESTON,20662,3,,19,,15,,2172.3566499999997,,-30.094409999999996,,2142.26224,,643.3057099999999,,923.8511599999999
2025,03,BSNZ,AT,REP,PSR2,BRIDGESTON,20668,3,,20,,19,,3188.9604999999997,,-113.37324999999998,,3075.5872499999996,,938.7987899999999,,1322.1966799999998
2025,03,BSNZ,AT,REP,PSR2,BRIDGESTON,20670,3,,20,,10,,1483.1610899999998,,-41.06473,,1442.09636,,668.6318999999999,,621.43904
2025,03,BSNZ,AT,REP,PSR2,BRIDGESTON,20683,3,,21,,6,,1136.5774999999999,,-28.580869999999997,,1107.99094,,337.15525999999994,,477.66411999999997
2025,03,BSNZ,AT,REP,PSR2,BRIDGESTON,20685,3,,19,,5,,1158.15398,,-75.19335,,1082.9606299999998,,407.11949999999996,,467.34815
2025,03,BSNZ,AT,REP,PSR2,BRIDGESTON,20686,3,,19,,11,,1664.43311,,-98.04438999999999,,1566.38872,,857.42041,,674.7771
2025,03,BSNZ,AT,REP,PSR2,BRIDGESTON,20688,3,,19,,5,,971.3000699999999,,-93.98742,,877.3126499999998,,461.88575,,377.44615
2025,03,BSNZ,AT,REP,PSR2,BRIDGESTON,20689,3,,20,,8,,2308.4671399999997,,-182.84815,,2125.61899,,645.9743199999999,,914.1497099999999
2025,03,BSNZ,AT,REP,PSR2,BRIDGESTON,20690,3,,20,,6,,1275.13469,,-129.93684,,1145.19785,,453.92544,,492.65157999999997
2025,03,BSNZ,AT,REP,PSR2,BRIDGESTON,20691,3,,20,,5,,1158.3019199999999,,-128.74763,,1029.55429,,435.4556999999999,,442.8356299999999
2025,03,BSNZ,AT,REP,PSR2,BRIDGESTON,20695,3,,20,,2,,628.81897,,-60.76351,,568.0554599999999,,191.55954,,246.66718999999998
2025,03,BSNZ,AT,REP,PSR2,BRIDGESTON,21494,3,,17,,12,,920.7899399999999,,-29.627829999999996,,891.16211,,271.82837,,384.14896999999996
2025,03,BSNZ,AT,REP,PSR2,BRIDGESTON,22351,3,,17,,4,,468.04233,,-51.08481999999999,,416.95750999999996,,122.06756999999999,,179.14395999999996
2025,03,BSNZ,AT,REP,PSR2,BRIDGESTON,23295,3,,21,,10,,3624.1942899999995,,-330.71418,,3293.4801099999995,,874.4961,,1418.94375
2025,03,BSNZ,AT,REP,PSR2,BRIDGESTON,23647,3,,20,,1,,319.66419999999994,,-33.832739999999994,,285.83145999999994,,104.37167,,132.80291809794033
2025,03,BSNZ,AT,REP,PSR2,BRIDGESTON,23649,3,,20,,1,,250.28602999999998,,-26.486949999999997,,223.79907999999998,,81.91324,,103.97962588382747
2025,03,BSNZ,AT,REP,PSR2,BRIDGESTON,25790,3,,19,,7,,1227.7995799999999,,-37.48571999999999,,1190.31386,,363.72186999999997,,513.8866599999999
2025,03,BSNZ,AT,REP,PSR2,BRIDGESTON,26019,3,,19,,0,,0,,0,,0,,0,,0
2025,03,BSNZ,AT,REP,PSR2,BRIDGESTON,26041,3,,20,,3,,755.1142099999998,,-77.83350999999999,,677.27501,,259.54934999999995,,291.35644999999994
2025,03,BSNZ,AT,REP,PSR2,BRIDGESTON,26043,3,,21,,2,,561.19332,,-67.39236,,493.80665,,176.65173999999996,,212.36786999999998
2025,03,BSNZ,AT,REP,PSR2,BRIDGESTON,26044,3,,21,,4,,1205.3980499999998,,-85.69139999999999,,1119.7123399999998,,316.20468,,482.90461
2025,03,BSNZ,AT,REP,PSR2,BRIDGESTON,26046,3,,21,,5,,1592.6651399999998,,-123.50144999999999,,1469.16369,,318.58309999999994,,632.0736499999999
2025,03,BSNZ,AT,REP,PSR2,BRIDGESTON,26066,3,,22,,5,,1301.5647399999998,,-120.50281999999999,,1181.05623,,301.98537,,508.7087599999999
2025,03,BSNZ,AT,REP,PSR2,BRIDGESTON,26067,3,,22,,3,,647.2602599999999,,-80.65575,,566.6045099999999,,313.09794,,243.65717999999998
2025,03,BSNZ,AT,REP,PSR2,BRIDGESTON,26068,3,,22,,2,,511.20097999999996,,-61.628389999999996,,449.57259,,145.35674,,193.34051
2025,03,BSNZ,AT,REP,PSR2,BRIDGESTON,26072,3,,22,,3,,716.5758399999999,,-88.95177,,627.6297599999999,,183.00746999999998,,269.89946
2025,03,BSNZ,AT,REP,PSR2,BRIDGESTON,26073,3,,21,,4,,1106.92691,,-111.87678,,995.0501299999999,,350.91368,,427.31330999999994
2025,03,BSNZ,AT,REP,PSR2,BRIDGESTON,26718,3,,19,,10,,1358.60699,,-56.65532999999999,,1301.9516599999997,,401.0198199999999,,606.1175437974701
2025,03,BSNZ,AT,REP,PSR2,BRIDGESTON,26719,3,,19,,20,,2882.96368,,-95.54647999999999,,2787.4172,,850.5184399999999,,1201.4264299999998
2025,03,BSNZ,AT,REP,PSR2,BRIDGESTON,26721,3,,19,,17,,3106.74,,-95.42129999999999,,3011.3187,,918.16116,,1298.1734999999999
2025,03,BSNZ,AT,REP,PSR2,BRIDGESTON,27878,3,,21,,7,,1847.8843999999997,,-195.57668,,1652.30772,,506.51811,,710.76066
2025,03,BSNZ,AT,REP,PSR2,BRIDGESTON,27885,3,,22,,4,,1149.7214,,-90.0727,,1059.6430099999998,,329.7696399999999,,456.73629999999997
2025,03,BSNZ,AT,REP,PSR2,BRIDGESTON,29814,3,,22,,0,,0,,0,,0,,0,,0
2025,03,BSNZ,AT,REP,PSR2,BRIDGESTON,31477,3,,18,,37,,6119.242219999999,,-779.00083,,5340.241389999999,,2424.8845399999996,,2490.8092596187453
2025,03,BSNZ,AT,REP,PSR2,BRIDGESTON,31480,3,,19,,6,,1758.24983,,-134.95542,,1623.2944099999997,,440.44013999999993,,754.6022170034898
2025,03,BSNZ,AT,REP,PSR2,BRIDGESTON,31481,3,,20,,17,,3603.52821,,-355.97209,,3247.5618099999997,,972.5961609599999,,1509.721606284416
2025,03,BSNZ,AT,REP,PSR2,BRIDGESTON,32780,3,,19,,28,,3817.7680899999996,,-109.87959,,3707.8884999999996,,1597.9796,,1595.3906499999998
2025,03,BSNZ,AT,REP,PSR2,BRIDGESTON,32781,3,,19,,10,,1439.9569199999999,,-39.86414,,1400.08709,,425.04868999999997,,603.33346
2025,03,BSNZ,AT,REP,PSR2,BSEU,PSR0G054,"",094V 215/55 R17,17,0,,0,,0,,0,,365.42697,,0,
2025,03,BSNZ,AT,REP,PSR2,BSEU,PSR0G054,3,094V 215/55 R17,17,7,12,713.5837369999999,1333.9977399999998,-21.259410000000006,-154.99559999999997,692.324325,1179.00783,8.796547,522.95652,331.55077200000005,507.0814199999999
2025,03,BSNZ,AT,REP,PSR2,BSEU,PSR0G078,"",093W 225/40 R19,19,0,,0,,0,,0,,146.82184,,0,
2025,03,BSNZ,AT,REP,PSR2,BSEU,PSR0G078,3,093W 225/40 R19,19,3,12,596.299357,2792.86253,-20.026909000000003,-290.49726,576.272447,2502.36527,6.82137,591.9876,244.65381000000002,1076.46265
2025,03,BSNZ,AT,REP,PSR2,BSEU,PSR0G116,"",093T 195/50 R20,20,0,,0,,0,,0,,92.900619,,0,
2025,03,BSNZ,AT,REP,PSR2,BSEU,PSR0G116,3,093T 195/50 R20,20,2,5,273.966929,823.5819799999999,-8.042076,-77.00277,265.924853,746.5848999999998,3.405371,222.42209999999997,129.012898,322.70834999999994
2025,03,BSNZ,AT,REP,PSR2,BSEU,PSR0G117,"",089T 175/55 R20,20,0,,0,,0,,0,,0,,0,
2025,03,BSNZ,AT,REP,PSR2,BSEU,PSR0G117,3,089T 175/55 R20,20,0,12,0,1716.96319,-0.313846,-195.56529999999998,-0.313846,1521.40358,-0.073461,469.90295999999995,-4.4965,654.3670699999999
2025,03,BSNZ,AT,REP,PSR2,BSEU,PSR0G126,"",098Y 255/35 R21,21,0,,0,,0,,0,,0,,0,
2025,03,BSNZ,AT,REP,PSR2,BSEU,PSR0G126,3,098Y 255/35 R21,21,0,4,0,1413.7886099999998,-0.9473990000000001,-80.47935999999999,-0.9473990000000001,1333.3092499999998,-0.221752,296.38072,-13.573478999999999,575.7426499999999
2025,03,BSNZ,AT,REP,PSR2,BSEU,PSR0G162,"",096Y 255/35 R19,19,0,,0,,0,,0,,110.667764,,0,
2025,03,BSNZ,AT,REP,PSR2,BSEU,PSR0G162,3,096Y 255/35 R19,19,2,2,593.563373,613.1259499999999,-18.159564000000003,-57.13898,575.403808,555.9869699999999,7.205641,111.94506,268.968372,239.21329
2025,03,BSNZ,AT,REP,PSR2,BSEU,PSR0G164,"",091W 205/55 R17,17,0,,0,,0,,0,,90.075297,,0,
2025,03,BSNZ,AT,REP,PSR2,BSEU,PSR0G164,3,091W 205/55 R17,17,2,14,236.400193,1771.1092299999998,-7.86352,-182.40433,228.536673,1588.7048999999997,2.722103,640.4663999999999,98.081575,685.5368899999999
2025,03,BSNZ,AT,REP,PSR2,BSEU,PSR0G165,"",093W 225/40 R19,19,0,,0,,0,,0,,0,,0,
2025,03,BSNZ,AT,REP,PSR2,BSEU,PSR0G165,3,093W 225/40 R19,19,0,10,0,2187.7481,-3.079702,-150.45498,-3.079702,2037.2931199999998,-0.7208479999999999,505.78409999999997,-44.123174,878.06373
2025,03,BSNZ,AT,REP,PSR2,BSEU,PSR0G167,"",091W 225/45 R18,18,0,,0,,0,,0,,405.271831,,0,
2025,03,BSNZ,AT,REP,PSR2,BSEU,PSR0G167,3,091W 225/45 R18,18,8,5,1277.486807,908.3516,-42.605671,-55.83596999999999,1234.8811380000002,852.5099399999999,14.683836,256.04999999999995,528.421849,367.88125999999994
2025,03,BSNZ,AT,REP,PSR2,BSEU,PSR0G226,"",099W 245/40 R20,20,0,,0,,0,,0,,0,,0,
2025,03,BSNZ,AT,REP,PSR2,BSEU,PSR0G226,3,099W 245/40 R20,20,0,1,0,638.56025,-1.428439,0,-1.428439,638.56025,-0.33434600000000003,43.53988,-20.465378,276.64211
2025,03,BSNZ,AT,REP,PSR2,BSEU,PSR0G275,"",101V 235/55 R19,19,0,,0,,0,,0,,322.32126,,0,
2025,03,BSNZ,AT,REP,PSR2,BSEU,PSR0G275,3,101V 235/55 R19,19,4,6,903.773716,1467.51359,-27.691059999999997,-80.49074,876.082656,1387.0228499999998,10.961913000000001,392.13203999999996,371.358071,596.72737
2025,03,BSNZ,AT,REP,PSR2,BSEU,PSR0G291,"",089Y 215/40 R18,18,0,,0,,0,,0,,404.35053,,0,
2025,03,BSNZ,AT,REP,PSR2,BSEU,PSR0G291,3,089Y 215/40 R18,18,9,10,1000.030103,1302.80516,-33.803899,-150.8988,966.226204,1151.90636,11.388925,452.4688,407.18222,497.76688999999993
2025,03,BSNZ,AT,REP,PSR2,BSEU,PSR0G342,3,113W 275/50 R20,20,,0,,0,,0,,0,,0,,0
2025,03,BSNZ,AT,REP,PSR2,BSEU,PSR0G346,"",093Y 245/35 R19,19,0,,0,,0,,0,,52.681653,,0,
2025,03,BSNZ,AT,REP,PSR2,BSEU,PSR0G346,3,093Y 245/35 R19,19,1,0,214.970179,0,-7.423113,0,207.547065,0,2.411574,0,85.287166,0
2025,03,BSNZ,AT,REP,PSR2,BSEU,PSR0G354,"",095W 215/45 R20,20,0,,0,,0,,0,,78.891264,,0,
2025,03,BSNZ,AT,REP,PSR2,BSEU,PSR0G354,3,095W 215/45 R20,20,2,0,816.116136,0,-23.956424,0,792.159712,0,10.144212,0,384.314662,0
2025,03,BSNZ,AT,REP,PSR2,BSEU,PSR0G432,3,103Y 245/45 R20,20,0,1,0,261.90501,-1.334095,-27.721679999999996,-1.334095,234.18901999999997,-0.312264,61.16180999999999,-18.086422,100.73575999999998
2025,03,BSNZ,AT,REP,PSR2,BSEU,PSR0G452,"",097Y 245/40 R18,18,0,,0,,0,,0,,0,,0,
2025,03,BSNZ,AT,REP,PSR2,BSEU,PSR0G452,3,097Y 245/40 R18,18,0,1,0,223.43491999999998,-0.717705,-11.897789999999999,-0.717705,211.53712999999996,-0.167989,49.39489,-10.282622,91.06845
2025,03,BSNZ,AT,REP,PSR2,BSEU,PSR0G454,"",095V 235/45 R19,19,0,,0,,0,,0,,267.668583,,0,
2025,03,BSNZ,AT,REP,PSR2,BSEU,PSR0G454,3,095V 235/45 R19,19,4,7,1202.861446,2055.6832,-36.645426,-142.10206,1166.216021,1913.5811399999998,14.638597,468.20165,547.2888330000001,824.5037599999999
2025,03,BSNZ,AT,REP,PSR2,BSEU,PSR0G468,"",113W 275/50 R20,20,0,,0,,0,,0,,0,,0,
2025,03,BSNZ,AT,REP,PSR2,BSEU,PSR0G468,3,113W 275/50 R20,20,3,,763.540572,,-25.530331999999998,,738.01024,,307.016843,,284.779732,
2025,03,BSNZ,AT,REP,PSR2,BSEU,PSR0G480,3,097W 225/55 R17,17,,6,,900.5847499999999,,-54.11758999999999,,846.46716,,189.71598,,364.88831999999996
2025,03,BSNZ,AT,REP,PSR2,BSEU,PSR0G488,3,100Y 245/40 R21,21,4,1,1194.899174,405.55474999999996,-35.573053,-35.89821,1159.326121,369.65653999999995,288.86478,69.91302999999999,505.05168599999996,161.81222
2025,03,BSNZ,AT,REP,PSR2,BSEU,PSR0G503,"",103H 255/45 R18,18,0,,0,,0,,0,,617.924799,,0,
2025,03,BSNZ,AT,REP,PSR2,BSEU,PSR0G503,3,103H 255/45 R18,18,11,6,1768.032005,941.7632799999999,-54.04244099999999,-40.097429999999996,1713.989564,901.66585,21.474725999999997,343.48254,801.871078,389.03099
2025,03,BSNZ,AT,REP,PSR2,BSEU,PSR0G512,"",092W 215/50 R18,18,0,,0,,0,,0,,1379.695356,,0,
2025,03,BSNZ,AT,REP,PSR2,BSEU,PSR0G512,3,092W 215/50 R18,18,25,10,4748.86992,2031.4096599999998,-141.67023700000001,-173.07273,4607.199683000001,1858.3312399999998,58.496237,540.4361999999999,2203.7379870000004,800.4179899999999
2025,03,BSNZ,AT,REP,PSR2,BSEU,PSR0G545,"",095H 215/50 R17,17,0,,0,,0,,0,,0,,0,
2025,03,BSNZ,AT,REP,PSR2,BSEU,PSR0G545,3,095H 215/50 R17,17,6,12,648.668325893,1497.30074,-19.509682875,-111.8085,629.158643018,1385.4922399999998,8.06285842,419.44404,323.145756431,597.15981
2025,03,BSNZ,AT,REP,PSR2,BSEU,PSR0G552,3,102V 225/65 R17,17,4,2,589.788831548,293.29105,-17.312770321,-23.112779999999997,572.476061227,270.17826999999994,248.68,108.34897999999998,274.8006451745,116.26946
2025,03,BSNZ,AT,REP,PSR2,BSEU,PSR0G559,"",103T 235/50 R19,19,0,,0,,0,,0,,0,,0,
2025,03,BSNZ,AT,REP,PSR2,BSEU,PSR0G559,3,103T 235/50 R19,19,4,3,744.723702,765.6065699999999,-22.9806,-24.797019999999996,721.743102,740.80955,236.7905,165.18639,303.79867499999995,320.40389999999996
2025,03,BSNZ,AT,REP,PSR2,BSEU,PSR0G560,3,096H 215/60 R17,17,-1,6,-117.697568639,828.9248899999999,2.4915380629999997,-82.5619,-115.20603057600002,746.36299,-1.486343711,301.45619999999997,-67.90334264120001,321.57034999999996
2025,03,BSNZ,AT,REP,PSR2,BSEU,PSR0G577,"",095H 225/45 R18,18,0,,0,,0,,0,,0,,0,
2025,03,BSNZ,AT,REP,PSR2,BSEU,PSR0G577,3,095H 225/45 R18,18,0,1,0,148.03104,-0.613694,-15.66457,-0.613694,132.36077999999998,-0.143644,56.79757999999999,-8.792456,56.93982999999999
2025,03,BSNZ,AT,REP,PSR2,BSEU,PSR0G579,"",098H 215/55 R17,17,0,,0,,0,,0,,0,,0,
2025,03,BSNZ,AT,REP,PSR2,BSEU,PSR0G579,3,098H 215/55 R17,17,0,5,0,692.84854,-0.087137,-30.094409999999996,-0.087137,662.7541299999999,-0.020396,233.63139999999999,-1.248413,285.83715
2025,03,BSNZ,AT,REP,PSR2,BSEU,PSR0G582,"",091W 225/45 R18,18,0,,0,,0,,0,,92.046322,,0,
2025,03,BSNZ,AT,REP,PSR2,BSEU,PSR0G582,3,091W 225/45 R18,18,3,3,459.544821,590.87236,-14.094197999999999,-13.502369999999999,445.45062399999995,577.3699899999999,5.570556,92.3487,207.740143,249.22199999999998
2025,03,BSNZ,AT,REP,PSR2,BSEU,PSR0G583,"",095Y 225/45 R18,18,0,,0,,0,,0,,51.793854,,0,
2025,03,BSNZ,AT,REP,PSR2,BSEU,PSR0G583,3,095Y 225/45 R18,18,1,3,158.832252,515.8895399999999,-4.672020000000001,-20.92782,154.160232,494.96171999999996,1.9720090000000001,156.58310999999998,74.657241,213.97814
2025,03,BSNZ,AT,REP,PSR2,BSEU,PSR0G584,"",097Y 245/40 R18,18,0,,0,,0,,0,,0,,0,
2025,03,BSNZ,AT,REP,PSR2,BSEU,PSR0G584,3,097Y 245/40 R18,18,0,5,0,1025.46887,-0.737801,-49.59403999999999,-0.737801,975.8748299999999,-0.172692,286.8329,-10.570540000000001,421.3786399999999
2025,03,BSNZ,AT,REP,PSR2,BSEU,PSR0G593,3,101T 235/55 R19,19,0,0,0,0,-0.666196,0,-0.666196,0,0,0,-9.03168,0
2025,03,BSNZ,AT,REP,PSR2,BSEU,PSR0G595,"",103T 255/50 R19,19,0,,0,,0,,0,,0,,0,
2025,03,BSNZ,AT,REP,PSR2,BSEU,PSR0G595,3,103T 255/50 R19,19,0,0,0,0,-1.344322,0,-1.344322,0,-0.314656,0,-19.260212000000003,0
2025,03,BSNZ,AT,REP,PSR2,BSEU,PSR0G607,3,092Y 225/40 R18,18,,104,,13936.01059,,-1509.43182,,12426.57877,,6182.708479999999,,5771.393820519552
2025,03,BSNZ,AT,REP,PSR2,BSEU,PSR0G608,"",093Y 225/40 R19,19,0,,0,,0,,0,,1469.8209070000003,,0,
2025,03,BSNZ,AT,REP,PSR2,BSEU,PSR0G608,3,093Y 225/40 R19,19,22,43,3918.8281830000005,7906.158269999999,-116.126979,-927.55535,3802.7012020000006,6978.608609999999,48.45467000000001,2697.4867499999996,1829.743785,3008.00143
2025,03,BSNZ,AT,REP,PSR2,BSEU,PSR0G610,"",095Y 225/45 R18,18,0,,0,,0,,0,,64.999165,,0,
2025,03,BSNZ,AT,REP,PSR2,BSEU,PSR0G610,3,095Y 225/45 R18,18,1,18,124.727373,2691.49518,-8.070070999999999,-346.92499,116.657301,2344.57019,0.5183999999999999,1178.54694,-4.430353999999998,1006.6577299999999
2025,03,BSNZ,AT,REP,PSR2,BSEU,PSR0G611,"",096Y 225/45 R19,19,0,,0,,0,,0,,2341.8404560000004,,0,
2025,03,BSNZ,AT,REP,PSR2,BSEU,PSR0G611,3,096Y 225/45 R19,19,35,41,6733.837544,6907.449469999999,-204.222507,-749.9704499999999,6529.615035,6157.48471,82.166107,2656.93981,3077.078839,2653.0307799999996
2025,03,BSNZ,AT,REP,PSR2,BSEU,PSR0G613,"",099Y 225/50 R18,18,0,,0,,0,,0,,11122.395106,,0,
2025,03,BSNZ,AT,REP,PSR2,BSEU,PSR0G613,3,099Y 225/50 R18,18,166,15,22118.800944000002,2479.73045,-673.9119270000001,-301.74069999999995,21444.889020000002,2177.9897499999997,269.168066,926.30355,10062.981523999999,942.2810699999999
2025,03,BSNZ,AT,REP,PSR2,BSEU,PSR0G615,3,*91Y 235/35ZR19,19,,70,,10328.931819999998,,-1040.14907,,9288.782749999998,,4025.2197999999994,,4315.269908410741
2025,03,BSNZ,AT,REP,PSR2,BSEU,PSR0G616,3,092Y 235/35 R20,20,,5,,1614.7309599999999,,-136.74208,,1477.99457,,322.9644,,687.7402335729645
2025,03,BSNZ,AT,REP,PSR2,BSEU,PSR0G618,"",*96Y 235/40ZR19,19,0,,0,,0,,0,,231.83277400000003,,0,
2025,03,BSNZ,AT,REP,PSR2,BSEU,PSR0G618,3,*96Y 235/40ZR19,19,4,16,904.516341,3968.85466,-36.36676,-343.14683,868.1495779999999,3625.7078299999994,8.945575999999999,914.8609599999999,285.3164529999999,1558.4284099999998
2025,03,BSNZ,AT,REP,PSR2,BSEU,PSR0G620,3,098Y 235/45 R18,18,,10,,2035.46094,,-259.49814,,1775.9627999999998,,653.6102999999999,,769.1855799999998
2025,03,BSNZ,AT,REP,PSR2,BSEU,PSR0G623,"",092Y 245/35 R18,18,0,,0,,0,,0,,263.653944,,0,
2025,03,BSNZ,AT,REP,PSR2,BSEU,PSR0G623,3,092Y 245/35 R18,18,4,3,690.149195,570.20628,-22.303573999999998,-85.72554,667.84562,484.48073999999997,8.099844000000001,209.63666999999998,295.699846,211.8387
2025,03,BSNZ,AT,REP,PSR2,BSEU,PSR0G625,"",*95Y 245/35ZR20,20,0,,0,,0,,0,,245.440108,,0,
2025,03,BSNZ,AT,REP,PSR2,BSEU,PSR0G625,3,*95Y 245/35ZR20,20,4,11,770.542458,2734.7448699999995,-23.354640999999997,-228.91438999999997,747.187817,2505.8304799999996,9.405468,815.5476999999998,352.309032,1077.7542799999999
2025,03,BSNZ,AT,REP,PSR2,BSEU,PSR0G629,"",*98Y 245/40ZR19,19,0,,0,,0,,0,,2157.0777740000003,,0,
2025,03,BSNZ,AT,REP,PSR2,BSEU,PSR0G629,3,*98Y 245/40ZR19,19,36,25,6209.840754999999,4444.32244,-186.977619,-549.48899,6022.863138,3894.8334499999996,76.08905299999999,1470.2959999999998,2857.0221579999998,1673.85575
2025,03,BSNZ,AT,REP,PSR2,BSEU,PSR0G631,"",D00Y 245/45ZR18,18,0,,0,,0,,0,,1087.469922,,0,
2025,03,BSNZ,AT,REP,PSR2,BSEU,PSR0G631,3,D00Y 245/45ZR18,18,16,15,2957.654639,2046.1353799999997,-87.25742799999999,-195.42305,2870.397211,1850.7066399999999,36.660749,1033.5031499999998,1386.506132,796.2415299999999
2025,03,BSNZ,AT,REP,PSR2,BSEU,PSR0G632,"",102Y 245/45 R19,19,0,,0,,0,,0,,4065.9236240000005,,0,
2025,03,BSNZ,AT,REP,PSR2,BSEU,PSR0G632,3,102Y 245/45 R19,19,57,28,11192.023113,4999.416079999999,-333.31382300000007,-464.57142999999996,10858.709292,4534.84465,137.996227,1457.0496799999999,5201.90074,1950.8620199999998
2025,03,BSNZ,AT,REP,PSR2,BSEU,PSR0G633,"",104Y 245/50 R18,18,0,,0,,0,,0,,0,,0,
2025,03,BSNZ,AT,REP,PSR2,BSEU,PSR0G633,3,104Y 245/50 R18,18,0,4,0,1082.1526499999998,-2.545211,-57.61694,-2.545211,1024.5413999999998,-0.595743,212.1232,-36.465486,441.08311
2025,03,BSNZ,AT,REP,PSR2,BSEU,PSR0G634,"",*91Y 255/30ZR19,19,0,,0,,0,,0,,58.650565,,0,
2025,03,BSNZ,AT,REP,PSR2,BSEU,PSR0G634,3,*91Y 255/30ZR19,19,1,15,267.797006,5030.7793599999995,-11.095199000000001,-455.70071999999993,256.701807,4575.07864,2.5716609999999998,869.2043999999999,79.770264,1969.9690399999997
2025,03,BSNZ,AT,REP,PSR2,BSEU,PSR0G636,"",*94Y 255/35ZR18,18,0,,0,,0,,0,,2825.7243670000003,,0,
2025,03,BSNZ,AT,REP,PSR2,BSEU,PSR0G636,3,*94Y 255/35ZR18,18,42,9,4758.769711999999,1258.059,-144.58569899999998,-107.67756,4614.184015000002,1150.3814399999999,58.004903,607.8114899999999,2170.793166,494.30737
2025,03,BSNZ,AT,REP,PSR2,BSEU,PSR0G638,"",*97Y 255/35ZR20,20,0,,0,,0,,0,,0,,0,
2025,03,BSNZ,AT,REP,PSR2,BSEU,PSR0G638,3,*97Y 255/35ZR20,20,0,13,-279.986095,2352.46791,3.9115650000000013,-238.38823999999997,-276.0745300000002,2114.0796699999996,-4.488352000000001,940.7504599999999,-193.55701099999996,909.4668399999998
2025,03,BSNZ,AT,REP,PSR2,BSEU,PSR0G639,"",*99Y 255/40ZR18,18,0,,0,,0,,0,,750.3687630000001,,0,
2025,03,BSNZ,AT,REP,PSR2,BSEU,PSR0G639,3,*99Y 255/40ZR18,18,11,11,2629.805572,2257.52457,-80.457311,-278.38325,2549.348261,1979.14132,31.924718,763.47282,1191.66539,848.5496999999999
2025,03,BSNZ,AT,REP,PSR2,BSEU,PSR0G644,"",093Y 265/30 R19,19,0,,0,,0,,0,,142.868622,,0,
2025,03,BSNZ,AT,REP,PSR2,BSEU,PSR0G644,3,093Y 265/30 R19,19,2,7,671.349076,1939.73238,-19.927222,-245.92748999999998,651.4218539999999,1693.80489,8.293209000000001,490.82509,312.986359,736.08685
2025,03,BSNZ,AT,REP,PSR2,BSEU,PSR0G646,"",097Y 265/35 R18,18,0,,0,,0,,0,,272.358841,,0,
2025,03,BSNZ,AT,REP,PSR2,BSEU,PSR0G646,3,097Y 265/35 R18,18,4,6,667.803464,950.77055,-20.779872,-79.89329,647.023592,870.8772599999999,8.025202,426.47687999999994,297.609556,374.74908999999997
2025,03,BSNZ,AT,REP,PSR2,BSEU,PSR0G647,"",*98Y 265/35ZR19,19,0,,0,,0,,0,,429.482498,,0,
2025,03,BSNZ,AT,REP,PSR2,BSEU,PSR0G647,3,*98Y 265/35ZR19,19,7,8,2333.0350529999996,1928.3466899999999,-72.494195,-212.12888999999998,2260.540858,1716.2177999999997,28.060743999999996,478.46072,1041.192601,741.48097
2025,03,BSNZ,AT,REP,PSR2,BSEU,PSR0G650,"",D01Y 265/40ZR18,18,0,,0,,0,,0,,0,,0,
2025,03,BSNZ,AT,REP,PSR2,BSEU,PSR0G650,3,D01Y 265/40ZR18,18,0,1,0,319.02691999999996,-0.5208,-22.293419999999998,-0.5208,296.7335,-0.12190100000000001,53.15598,-7.461558,127.04632
2025,03,BSNZ,AT,REP,PSR2,BSEU,PSR0G652,"",104Y 265/40 R20,20,0,,0,,0,,0,,632.961544,,0,
2025,03,BSNZ,AT,REP,PSR2,BSEU,PSR0G652,3,104Y 265/40 R20,20,8,4,1390.438282,614.7191499999999,-41.710614,-65.05946,1348.727667,549.65969,17.073369,311.83475999999996,641.937944,236.44226
2025,03,BSNZ,AT,REP,PSR2,BSEU,PSR0G655,"",096Y 275/30 R19,19,0,,0,,0,,0,,0,,0,
2025,03,BSNZ,AT,REP,PSR2,BSEU,PSR0G655,3,096Y 275/30 R19,19,0,2,0,429.78276999999997,-1.394696,-22.879489999999997,-1.394696,406.90328,-0.326448,149.56734,-19.981939,175.17802999999998
2025,03,BSNZ,AT,REP,PSR2,BSEU,PSR0G656,"",*97Y 275/30ZR20,20,0,,0,,0,,0,,415.21629500000006,,0,
2025,03,BSNZ,AT,REP,PSR2,BSEU,PSR0G656,3,*97Y 275/30ZR20,20,6,11,1727.790704,3031.3702599999997,-52.375704999999996,-286.39477,1675.415,2744.9698,21.088167,744.75841,789.876756,1180.1003099999998
2025,03,BSNZ,AT,REP,PSR2,BSEU,PSR0G660,"",D02Y 275/35ZR20,20,0,,0,,0,,0,,889.222747,,0,
2025,03,BSNZ,AT,REP,PSR2,BSEU,PSR0G660,3,D02Y 275/35ZR20,20,13,26,2458.315207,8136.546369999999,-76.056055,-694.84573,2382.259152,7441.700639999999,29.645027,1790.22194,1101.8446490000001,3222.05923
2025,03,BSNZ,AT,REP,PSR2,BSEU,PSR0G661,"",D03Y 275/40ZR18,18,0,,0,,0,,0,,452.654609,,0,
2025,03,BSNZ,AT,REP,PSR2,BSEU,PSR0G661,3,D03Y 275/40ZR18,18,6,3,1254.476623,650.0255999999999,-37.937334,-74.61296999999999,1216.53929,575.4126299999999,15.332414,241.67705999999998,574.792758,247.48654999999997
2025,03,BSNZ,AT,REP,PSR2,BSEU,PSR0G665,"",*98Y 285/30ZR19,19,0,,0,,0,,0,,128.267401,,0,
2025,03,BSNZ,AT,REP,PSR2,BSEU,PSR0G665,3,*98Y 285/30ZR19,19,2,7,798.566752,2181.21598,-24.118969,-249.46667,774.4477830000001,1931.7549999999999,9.767451000000001,418.65313,366.34117100000003,834.86525
2025,03,BSNZ,AT,REP,PSR2,BSEU,PSR0G669,"",D03Y 285/35ZR19,19,0,,0,,0,,0,,0,,0,
2025,03,BSNZ,AT,REP,PSR2,BSEU,PSR0G669,3,D03Y 285/35ZR19,19,0,2,0,571.3727299999999,-0.532647,-50.17442,-0.532647,521.204,-0.124674,185.60779999999997,-7.63128,223.66820999999996
2025,03,BSNZ,AT,REP,PSR2,BSEU,PSR0G671,"",105Y 285/35 R21,21,0,,0,,0,,0,,0,,0,
2025,03,BSNZ,AT,REP,PSR2,BSEU,PSR0G671,3,105Y 285/35 R21,21,0,4,0,1229.9731599999998,-1.021017,-95.43836999999999,-1.021017,1134.5291,-0.238983,365.82147999999995,-14.628205,489.03842999999995
2025,03,BSNZ,AT,REP,PSR2,BSEU,PSR0G673,3,D10Y 285/40ZR22,22,0,8,0,3333.80514,-0.659563,-273.60365,-0.659563,3060.20149,-0.15438,673.1497599999999,-8.941743,1313.08699
2025,03,BSNZ,AT,REP,PSR2,BSEU,PSR0G674,"",D00Y 295/30ZR19,19,0,,0,,0,,0,,0,,0,
2025,03,BSNZ,AT,REP,PSR2,BSEU,PSR0G674,3,D00Y 295/30ZR19,19,1,2,280.857142,645.2744499999999,-8.772998,0,272.08414400000004,645.2744499999999,3.367274,136.96967999999998,124.68329299999999,279.5497
2025,03,BSNZ,AT,REP,PSR2,BSEU,PSR0G675,"",D01Y 295/30ZR20,20,0,,0,,0,,0,,138.703226,,0,
2025,03,BSNZ,AT,REP,PSR2,BSEU,PSR0G675,3,D01Y 295/30ZR20,20,2,5,850.997141,1341.05903,-26.518449,-151.00122,824.4786919999999,1190.0578099999998,10.217758,353.349,378.703557,511.86102
2025,03,BSNZ,AT,REP,PSR2,BSEU,PSR0G678,3,D02Y 305/30ZR19,19,,2,,796.2358399999998,,-145.34536,,650.89617,,141.25993999999997,,288.26108999999997
2025,03,BSNZ,AT,REP,PSR2,BSEU,PSR0G684,"",103H 235/55 R17,17,0,,0,,0,,0,,0,,0,
2025,03,BSNZ,AT,REP,PSR2,BSEU,PSR0G684,3,103H 235/55 R17,17,0,4,0,618.2867799999999,-0.236253,-34.708999999999996,-0.236253,583.5777799999998,-0.055298,240.52768,-3.384816,252.01009999999997
2025,03,BSNZ,AT,REP,PSR2,BSEU,PSR0G687,"",091Y 225/45 R17,17,0,,0,,0,,0,,35.126686,,0,
2025,03,BSNZ,AT,REP,PSR2,BSEU,PSR0G687,3,091Y 225/45 R17,17,1,5,134.180477,651.0782499999999,-4.449211,-39.17564999999999,129.731266,611.9026,1.548367,178.97895,55.873216,262.89507
2025,03,BSNZ,AT,REP,PSR2,BSEU,PSR0G688,3,*95Y 245/35ZR20,20,,1,,215.03079,,-22.759999999999998,,192.27079,,70.53323999999999,,82.70984
2025,03,BSNZ,AT,REP,PSR2,BSEU,PSR0G689,3,D03Y 305/30ZR20,20,,1,,353.94644999999997,,-37.462959999999995,,316.48349,,79.72828,,136.13894
2025,03,BSNZ,AT,REP,PSR2,BSEU,PSR0G690,"",110Y 265/50 R19,19,0,,0,,0,,0,,86.272837,,0,
2025,03,BSNZ,AT,REP,PSR2,BSEU,PSR0G690,3,110Y 265/50 R19,19,1,8,357.034756,1854.29134,-13.256635,-188.14554,343.778121,1666.1457999999998,3.7880909999999997,663.81816,115.28857199999999,720.0922599999999
2025,03,BSNZ,AT,REP,PSR2,BSEU,PSR0G694,3,094Y 225/50 R17,17,,1,,169.43112999999997,,-17.93488,,151.50194,,50.88567,,65.16757
2025,03,BSNZ,AT,REP,PSR2,BSEU,PSR0G695,3,105H 265/40 R21,21,,0,,0,,0,,0,,0,,0
2025,03,BSNZ,AT,REP,PSR2,BSEU,PSR0G698,"",099W 225/50 R18,18,0,,0,,0,,0,,107.278494,,0,
2025,03,BSNZ,AT,REP,PSR2,BSEU,PSR0G698,3,099W 225/50 R18,18,2,9,313.454438,1693.45211,-11.521521,-103.88232999999998,301.93291700000003,1589.57547,3.353089,492.2817299999999,114.36436799999998,683.3519299999999
2025,03,BSNZ,AT,REP,PSR2,BSEU,PSR0G704,"",091W 215/45 R17,17,0,,0,,0,,0,,36.193161,,0,
2025,03,BSNZ,AT,REP,PSR2,BSEU,PSR0G704,3,091W 215/45 R17,17,1,12,89.461096,1731.3759599999998,-2.626058,-60.62126,86.835039,1670.7547,1.111989,442.59096,42.127841,721.3952699999999
2025,03,BSNZ,AT,REP,PSR2,BSEU,PSR0G705,"",*90Y 245/30ZR20,20,0,,0,,0,,0,,0,,0,
2025,03,BSNZ,AT,REP,PSR2,BSEU,PSR0G705,3,*90Y 245/30ZR20,20,0,1,0,296.67659999999995,-0.497544,-31.397419999999997,-0.497544,265.27918,-0.116457,37.246739999999996,-7.128357,114.11295
2025,03,BSNZ,AT,REP,PSR2,BSEU,PSR0G706,"",D03Y 305/30ZR20,20,0,,0,,0,,0,,0,,0,
2025,03,BSNZ,AT,REP,PSR2,BSEU,PSR0G706,3,D03Y 305/30ZR20,20,0,0,0,0,-0.56104,0,-0.56104,0,-0.131319,0,-8.038072,0
2025,03,BSNZ,AT,REP,PSR2,BSEU,PSR0G717,3,*91Y 245/35ZR20,20,,1,,220.70940999999996,,-23.357449999999996,,197.34626999999998,,110.96068999999999,,84.88910999999999
2025,03,BSNZ,AT,REP,PSR2,BSEU,PSR0G718,3,D00Y 285/35ZR20,20,,1,,311.20886,,-32.939409999999995,,278.27513999999996,,93.61188,,119.70052999999999
2025,03,BSNZ,AT,REP,PSR2,BSEU,PSR0G725,"",094W 245/40 R19,19,0,,0,,0,,0,,452.09066,,0,
2025,03,BSNZ,AT,REP,PSR2,BSEU,PSR0G725,3,094W 245/40 R19,19,9,6,2568.30735,1728.0302399999998,-80.87525099999999,-171.12675,2487.4321010000003,1556.90349,30.63994,313.37106,1130.853918,669.1269299999999
2025,03,BSNZ,AT,REP,PSR2,BSEU,PSR0G727,3,093T 215/50 R19,19,0,0,0,0,-0.595593,0,-0.595593,0,-0.139407,0,-8.074498,0
2025,03,BSNZ,AT,REP,PSR2,BSEU,PSR0G739,"",106Y 285/35 R22,22,0,,0,,0,,0,,0,,0,
2025,03,BSNZ,AT,REP,PSR2,BSEU,PSR0G739,3,106Y 285/35 R22,22,1,4,323.639,1249.11432,-12.460336999999999,-95.39853999999998,311.17866300000003,1153.7157799999998,87.12920000000001,358.37896,98.489901,496.52077999999995
2025,03,BSNZ,AT,REP,PSR2,BSEU,PSR0G744,"",092W 215/50 R18,18,0,,0,,0,,0,,151.445095,,0,
2025,03,BSNZ,AT,REP,PSR2,BSEU,PSR0G744,3,092W 215/50 R18,18,3,1,596.299357,193.31206,-18.36459,-20.46124,577.9347660000001,172.85081999999997,7.210459,49.62248999999999,268.46999300000004,74.35692
2025,03,BSNZ,AT,REP,PSR2,BSEU,PSR0G745,"",*93Y 265/30ZR19,19,0,,0,,0,,0,,93.65441,,0,
2025,03,BSNZ,AT,REP,PSR2,BSEU,PSR0G745,3,*93Y 265/30ZR19,19,2,1,711.160436,279.68626,-22.467437999999998,-14.89073,688.692998,264.79553,8.467019,38.99357,312.082957,113.99914999999999
2025,03,BSNZ,AT,REP,PSR2,BSEU,PSR0G746,"",*93Y 245/35ZR19,19,0,,0,,0,,0,,143.91276299999998,,0,
2025,03,BSNZ,AT,REP,PSR2,BSEU,PSR0G746,3,*93Y 245/35ZR19,19,3,2,639.477653,349.49687,-18.91714,-32.438689999999994,620.560513,317.05818,7.9144939999999995,94.454,299.045581,136.41774999999998
2025,03,BSNZ,AT,REP,PSR2,BSEU,PSR0G755,"",094Y 225/45 R17,17,0,,0,,0,,0,,0,,0,
2025,03,BSNZ,AT,REP,PSR2,BSEU,PSR0G755,3,094Y 225/45 R17,17,0,1,0,102.15825999999998,-0.17931500000000006,-10.811,-0.17931500000000006,91.34725999999999,-0.04197100000000001,41.01351999999999,-2.5690600000000003,39.295139999999996
2025,03,BSNZ,AT,REP,PSR2,BSEU,PSR0G757,3,102Y 245/45 R19,19,,1,,186.51251,,-19.738609999999998,,166.7739,,54.191559999999996,,71.73952
2025,03,BSNZ,AT,REP,PSR2,BSEU,PSR0G764,"",101Y 255/40 R20,20,0,,0,,0,,0,,0,,0,
2025,03,BSNZ,AT,REP,PSR2,BSEU,PSR0G764,3,101Y 255/40 R20,20,0,,0,,-2.0381810000000002,,-2.0381810000000002,,-0.4770650000000001,,-29.201214,
2025,03,BSNZ,AT,REP,PSR2,BSEU,PSR0G766,"",103Y 255/45 R18,18,0,,0,,0,,0,,772.770331,,0,
2025,03,BSNZ,AT,REP,PSR2,BSEU,PSR0G766,3,103Y 255/45 R18,18,11,8,1595.352322,1087.8540299999997,-49.081067000000004,-90.22632999999999,1546.271257,997.6333899999998,19.303181000000002,570.5931999999999,719.0149060000001,428.09283999999997
2025,03,BSNZ,AT,REP,PSR2,BSEU,PSR0G767,"",*88Y 225/35ZR19,19,0,,0,,0,,0,,339.027515,,0,
2025,03,BSNZ,AT,REP,PSR2,BSEU,PSR0G767,3,*88Y 225/35ZR19,19,6,14,1429.869954,2787.10425,-43.471422,-267.64052999999996,1386.398534,2519.4637199999997,17.422283,787.6780799999999,651.862741,1088.57666
2025,03,BSNZ,AT,REP,PSR2,BSEU,PSR0G769,"",096Y 235/40 R20,20,0,,0,,0,,0,,142.103663,,0,
2025,03,BSNZ,AT,REP,PSR2,BSEU,PSR0G769,3,096Y 235/40 R20,20,2,1,555.013915,280.63079999999997,-17.196772,-29.7018,537.817143,250.92899999999997,6.686968,72.40525,248.396823,107.93929999999999
2025,03,BSNZ,AT,REP,PSR2,BSEU,PSR0G770,"",*90Y 245/30ZR20,20,0,,0,,0,,0,,232.21804600000002,,0,
2025,03,BSNZ,AT,REP,PSR2,BSEU,PSR0G770,3,*90Y 245/30ZR20,20,4,4,1025.843275,1226.95177,-30.497153,-111.55814,995.346123,1115.3936299999998,12.661126,360.70616999999993,477.569846,481.45365999999996
2025,03,BSNZ,AT,REP,PSR2,BSEU,PSR0G771,"",*92Y 255/30ZR20,20,0,,0,,0,,0,,124.97305300000001,,0,
2025,03,BSNZ,AT,REP,PSR2,BSEU,PSR0G771,3,*92Y 255/30ZR20,20,2,1,569.391791,227.62276,-17.109205,-24.09146,552.282586,203.5313,6.984966,60.325379999999996,262.46880200000004,87.55203
2025,03,BSNZ,AT,REP,PSR2,BSEU,PSR0G772,"",*94Y 265/30ZR20,20,0,,0,,0,,0,,0,,0,
2025,03,BSNZ,AT,REP,PSR2,BSEU,PSR0G772,3,*94Y 265/30ZR20,20,0,5,0,1855.3041599999997,-0.556879,-166.57475,-0.556879,1688.7350999999999,-0.130346,317.75805,-7.978465,731.4381199999999
2025,03,BSNZ,AT,REP,PSR2,BSEU,PSR0G773,"",D05Y 295/35ZR20,20,0,,0,,0,,0,,143.789923,,0,
2025,03,BSNZ,AT,REP,PSR2,BSEU,PSR0G773,3,D05Y 295/35ZR20,20,2,2,580.464152,636.80773,-17.039052,0,563.4251,636.80773,7.21509,147.01821999999999,273.344532,275.87964999999997
2025,03,BSNZ,AT,REP,PSR2,BSEU,PSR0G774,"",*96Y 245/35ZR21,21,0,,0,,0,,0,,0,,0,
2025,03,BSNZ,AT,REP,PSR2,BSEU,PSR0G774,3,*96Y 245/35ZR21,21,0,1,0,289.12028,-0.532656,-30.60082,-0.532656,258.51946,-0.124676,64.40511,-7.631416,111.20535999999998
2025,03,BSNZ,AT,REP,PSR2,BSEU,PSR0G775,"",101Y 265/35 R21,21,0,,0,,0,,0,,81.174973,,0,
2025,03,BSNZ,AT,REP,PSR2,BSEU,PSR0G775,3,101Y 265/35 R21,21,1,3,283.715966,867.3665299999999,-8.860902,-91.79677,274.855065,775.5640699999999,3.401876,248.16365999999996,125.97243800000001,333.62176999999997
2025,03,BSNZ,AT,REP,PSR2,BSEU,PSR0G776,"",D00Y 285/30ZR21,21,0,,0,,0,,0,,756.918373,,0,
2025,03,BSNZ,AT,REP,PSR2,BSEU,PSR0G776,3,D00Y 285/30ZR21,21,10,4,2379.1894300000004,1202.34252,-71.839737,-127.25115999999998,2307.349693,1075.09136,29.104736,352.97346,1091.714172,462.46612999999996
2025,03,BSNZ,AT,REP,PSR2,BSEU,PSR0G777,"",D07Y 295/35ZR21,21,0,,0,,0,,0,,0,,0,
2025,03,BSNZ,AT,REP,PSR2,BSEU,PSR0G777,3,D07Y 295/35ZR21,21,0,4,0,1204.77784,-2.2400740000000003,-127.50720999999999,-2.2400740000000003,1077.2649399999998,-0.524323,315.36256,-30.368858000000003,463.39928999999995
2025,03,BSNZ,AT,REP,PSR2,BSEU,PSR0G778,"",099V 235/45 R19,19,0,,0,,0,,0,,0,,0,
2025,03,BSNZ,AT,REP,PSR2,BSEU,PSR0G778,3,099V 235/45 R19,19,0,1,0,259.03155999999996,-0.438805,-27.414419999999996,-0.438805,231.61713999999998,-0.102708,54.32243,-6.286804999999999,99.63189999999999
2025,03,BSNZ,AT,REP,PSR2,BSEU,PSR0G781,"",*99Y 245/40ZR20,20,0,,0,,0,,0,,844.575955,,0,
2025,03,BSNZ,AT,REP,PSR2,BSEU,PSR0G781,3,*99Y 245/40ZR20,20,12,2,3357.57734,555.0196699999999,-101.871782,-54.345189999999995,3255.7055579999997,500.67447999999996,40.95881000000001,145.5502,1533.6427780000001,214.76904999999996
2025,03,BSNZ,AT,REP,PSR2,BSEU,PSR0G782,"",100Y 255/40 R19,19,0,,0,,0,,0,,1585.391106,,0,
2025,03,BSNZ,AT,REP,PSR2,BSEU,PSR0G782,3,100Y 255/40 R19,19,21,20,4388.077373,3852.86401,-130.117912,-444.32071999999994,4257.95946,3408.5432899999996,54.236699,1407.3645999999999,2047.614581,1473.22635
2025,03,BSNZ,AT,REP,PSR2,BSEU,PSR0G783,"",D01Y 255/40ZR20,20,0,,0,,0,,0,,1174.133612,,0,
2025,03,BSNZ,AT,REP,PSR2,BSEU,PSR0G783,3,D01Y 255/40ZR20,20,16,27,3605.150399,6317.680969999999,-111.63998000000001,-584.8580299999999,3493.510417,5732.82294,43.450739999999996,2028.9914099999999,1614.3961049999998,2461.3688199999997
2025,03,BSNZ,AT,REP,PSR2,BSEU,PSR0G784,"",D00Y 275/35ZR19,19,0,,0,,0,,0,,2122.911473,,0,
2025,03,BSNZ,AT,REP,PSR2,BSEU,PSR0G784,3,D00Y 275/35ZR19,19,30,20,5433.731407,4402.4269699999995,-161.65250200000003,-569.40399,5272.078913000001,3833.0286699999997,67.037362,1414.4202,2527.9817019999996,1649.12132
2025,03,BSNZ,AT,REP,PSR2,BSEU,PSR0G785,"",D05Y 275/40ZR19,19,0,,0,,0,,0,,157.224163,,0,
2025,03,BSNZ,AT,REP,PSR2,BSEU,PSR0G785,3,D05Y 275/40ZR19,19,2,4,582.99354,1011.90391,-18.648825,-95.26767,564.344715,916.6362399999999,6.887119,324.33,252.536035,395.86467999999996
2025,03,BSNZ,AT,REP,PSR2,BSEU,PSR0G786,"",D06Y 275/40ZR20,20,0,,0,,0,,0,,162.746384,,0,
2025,03,BSNZ,AT,REP,PSR2,BSEU,PSR0G786,3,D06Y 275/40ZR20,20,4,6,910.2004870000001,1341.8727,-27.800848,-95.38147,882.3996389999999,1246.4912299999999,173.80664,518.1427799999999,375.17994,536.5783799999999
2025,03,BSNZ,AT,REP,PSR2,BSEU,PSR0G787,"",*99Y 285/30ZR20,20,0,,0,,0,,0,,1.429411999999985,,0,
2025,03,BSNZ,AT,REP,PSR2,BSEU,PSR0G787,3,*99Y 285/30ZR20,20,0,5,286.786969,1585.0917499999998,-10.132953000000004,-179.33173,276.65401599999996,1405.75433,3.1634069999999994,337.7299499999999,110.48535000000004,604.6307799999998
2025,03,BSNZ,AT,REP,PSR2,BSEU,PSR0G788,"",D04Y 285/35ZR20,20,0,,0,,0,,0,,436.99807999999996,,0,
2025,03,BSNZ,AT,REP,PSR2,BSEU,PSR0G788,3,D04Y 285/35ZR20,20,6,2,1534.3175430000001,597.14843,-45.93252199999999,-71.62003,1488.385021,525.5283999999999,18.862132,117.93093999999998,709.71387,226.01248999999996
2025,03,BSNZ,AT,REP,PSR2,BSEU,PSR0G789,"",D10Y 315/35ZR20,20,0,,0,,0,,0,,155.018625,,0,
2025,03,BSNZ,AT,REP,PSR2,BSEU,PSR0G789,3,D10Y 315/35ZR20,20,2,6,774.283497,1833.4090399999998,-23.808955,-147.50755999999998,750.4745429999999,1685.8957899999998,9.371332,474.44358,316.993195,730.3740899999999
2025,03,BSNZ,AT,REP,PSR2,BSEU,PSR0G798,"",091Y 235/35 R19,19,0,,0,,0,,0,,143.90717999999998,,0,
2025,03,BSNZ,AT,REP,PSR2,BSEU,PSR0G798,3,091Y 235/35 R19,19,3,3,585.9584550000001,593.5068299999999,-17.998137,-44.91685999999999,567.9603159999999,548.58997,7.096646000000001,145.57296,264.50161699999995,235.67410999999998
2025,03,BSNZ,AT,REP,PSR2,BSEU,PSR0G799,"",092Y 225/40 R18,18,0,,0,,0,,0,,0,,0,
2025,03,BSNZ,AT,REP,PSR2,BSEU,PSR0G799,3,092Y 225/40 R18,18,-1,17,-151.562351,2423.97414,-2.7651879999999998,-154.11365,-154.32753900000003,2269.86049,-3.572481,838.7458299999998,-174.72994399999996,976.1365699999999
2025,03,BSNZ,AT,REP,PSR2,BSEU,PSR0G806,"",104Y 285/35 R20,20,0,,0,,0,,0,,0,,0,
2025,03,BSNZ,AT,REP,PSR2,BSEU,PSR0G806,3,104Y 285/35 R20,20,0,,0,,-0.443695,,-0.443695,,-0.103853,,-6.356866,
2025,03,BSNZ,AT,REP,PSR2,BSEU,PSR0G809,3,*91Y 245/35ZR20,20,,1,,317.21180999999996,,-33.571,,283.63512,,91.19931999999999,,122.01066999999999
2025,03,BSNZ,AT,REP,PSR2,BSEU,PSR0G810,3,D04Y 305/35ZR20,20,,1,,359.18125,,-38.01489,,321.16636,,116.18410999999999,,138.1532
2025,03,BSNZ,AT,REP,PSR2,BSEU,PSR0G814,"",103Y 275/35 R21,21,0,,0,,0,,0,,0,,0,
2025,03,BSNZ,AT,REP,PSR2,BSEU,PSR0G814,3,103Y 275/35 R21,21,4,0,941.468876,0,-29.170527999999997,0,912.2983479999999,0,326.891466,0,381.26587,0
2025,03,BSNZ,AT,REP,PSR2,BSEU,PSR0G815,3,D08Y 325/30ZR21,21,,3,,903.5833799999999,,-95.63183,,807.95155,,337.08128999999997,,347.5508899999999
2025,03,BSNZ,AT,REP,PSR2,BSEU,PSR0G816,"",106Y 265/40 R22,22,0,,0,,0,,0,,0,,0,
2025,03,BSNZ,AT,REP,PSR2,BSEU,PSR0G816,3,106Y 265/40 R22,22,2,2,679.020998,886.2118099999999,-23.728775,-78.44803,655.292224,807.76947,158.35444999999999,147.8262,239.36696600000002,353.5936699999999
2025,03,BSNZ,AT,REP,PSR2,BSEU,PSR0G819,"",105Y 255/45 R20,20,0,,0,,0,,0,,0,,0,
2025,03,BSNZ,AT,REP,PSR2,BSEU,PSR0G819,3,105Y 255/45 R20,20,0,2,0,480.85621,-2.636139,-57.52021,-2.636139,423.33030999999994,-0.6170260000000001,162.72262,-35.738322999999994,182.05723999999998
2025,03,BSNZ,AT,REP,PSR2,BSEU,PSR0G820,"",108Y 285/40 R20,20,0,,0,,0,,0,,161.462147,,0,
2025,03,BSNZ,AT,REP,PSR2,BSEU,PSR0G820,3,108Y 285/40 R20,20,2,2,668.39533,509.07291999999995,-19.6202,-61.133359999999996,648.77513,447.93956,8.308062,164.53204,286.287459,192.64064
2025,03,BSNZ,AT,REP,PSR2,BSEU,PSR0G821,3,102Y 255/40 R21,21,,2,,552.8745399999999,,-66.39092,,486.48362,,157.69266,,209.21560999999997
2025,03,BSNZ,AT,REP,PSR2,BSEU,PSR0G822,"",105Y 285/35 R21,21,0,,0,,0,,0,,0,,0,
2025,03,BSNZ,AT,REP,PSR2,BSEU,PSR0G822,3,105Y 285/35 R21,21,0,2,0,503.69586999999996,-0.7826550000000001,-60.4847,-0.7826550000000001,443.2111699999999,-0.183191,160.46937999999997,-11.213178000000001,190.60931
2025,03,BSNZ,AT,REP,PSR2,BSEU,PSR0G846,"",101T 235/45 R21,21,0,,0,,0,,0,,289.478284,,0,
2025,03,BSNZ,AT,REP,PSR2,BSEU,PSR0G846,3,101T 235/45 R21,21,4,0,1108.045639,0,-32.777268,0,1075.268369,0,13.71399,0,470.995576,0
2025,03,BSNZ,AT,REP,PSR2,BSEU,PSR0G847,"",102T 255/40 R21,21,0,,0,,0,,0,,286.463118,,0,
2025,03,BSNZ,AT,REP,PSR2,BSEU,PSR0G847,3,102T 255/40 R21,21,4,0,1290.898713,0,-39.312129,0,1251.586586,0,15.713591000000001,0,532.590483,0
2025,03,BSNZ,AT,REP,PSR2,BSEU,PSR0G848,"",100T 235/50 R20,20,0,,0,,0,,0,,0,,0,
2025,03,BSNZ,AT,REP,PSR2,BSEU,PSR0G848,3,100T 235/50 R20,20,1,0,193.752343,0,-6.581016,0,187.171327,0,76.05398100000001,0,70.18578600000001,0
2025,03,BSNZ,AT,REP,PSR2,BSEU,PSR0G849,"",101T 255/45 R20,20,0,,0,,0,,0,,0,,0,
2025,03,BSNZ,AT,REP,PSR2,BSEU,PSR0G849,3,101T 255/45 R20,20,4,0,1291.473829,0,-39.103432999999995,0,1252.3703959999998,0,315.42521999999997,0,536.068679,0
2025,03,BSNZ,AT,REP,PSR2,BSEU,PSR0G854,"",102Y 225/55 R18,18,0,,0,,0,,0,,233.770298,,0,
2025,03,BSNZ,AT,REP,PSR2,BSEU,PSR0G854,3,102Y 225/55 R18,18,4,2,853.520947,243.60596999999999,-25.054412,-29.252289999999995,828.466535,214.35368,10.609148,119.20549999999999,365.580566,92.18368999999998
2025,03,BSNZ,AT,REP,PSR2,BSEU,PSR0G864,3,*99Y 265/35ZR20,20,,1,,292.9781,,-31.010499999999997,,261.97328999999996,,90.99447999999998,,112.69045
2025,03,BSNZ,AT,REP,PSR2,BSEU,PSR0G866,3,D11Y 345/30ZR21,21,,1,,346.87946999999997,,-36.711879999999994,,310.16758999999996,,109.03746999999998,,133.41912
2025,03,BSNZ,AT,REP,PSR2,BSEU,PSR0G867,3,*99Y 255/35ZR22,22,,1,,314.81062999999995,,-33.32064,,281.48999,,132.10473,,121.08888999999999
2025,03,BSNZ,AT,REP,PSR2,BSEU,PSR0G868,3,D08Y 315/30ZR23,23,,0,,0,,0,,0,,0,,0
2025,03,BSNZ,AT,REP,PSR2,BSEU,PSR0G872,"",113V 285/45 R21,21,0,,0,,0,,0,,0,,0,
2025,03,BSNZ,AT,REP,PSR2,BSEU,PSR0G872,3,113V 285/45 R21,21,0,1,0,322.25883999999996,-1.7108500000000002,0,-1.7108500000000002,322.25883999999996,-0.40044900000000005,85.92468999999998,-23.194108999999997,139.60984
2025,03,BSNZ,AT,REP,PSR2,BSEU,PSR0G873,"",115V 315/40 R21,21,0,,0,,0,,0,,0,,0,
2025,03,BSNZ,AT,REP,PSR2,BSEU,PSR0G873,3,115V 315/40 R21,21,0,1,0,334.70286999999996,-0.662856,0,-0.662856,334.70286999999996,-0.155151,89.37852,-8.986391,144.99827
2025,03,BSNZ,AT,REP,PSR2,BSEU,PSR0G875,3,086H 205/40 R18,18,,1,,238.35979,,-25.22946,,213.13033,,70.13494,,91.68296999999998
2025,03,BSNZ,AT,REP,PSR2,BSEU,PSR0G881,3,101Y 255/40 R20,20,,0,,0,,0,,0,,0,,0
2025,03,BSNZ,AT,REP,PSR2,BSEU,PSR0G882,3,104Y 285/35 R20,20,,0,,0,,0,,0,,0,,0
2025,03,BSNZ,AT,REP,PSR2,BSEU,PSR0G883,3,D08Y 265/45ZR20,20,0,1,0,226.04662999999996,-0.810911,-23.926449999999996,-0.810911,202.12018,-0.189805,79.86484,-10.99358,86.9432
2025,03,BSNZ,AT,REP,PSR2,BSEU,PSR0G884,3,D10Y 295/40ZR20,20,0,1,0,294.55422999999996,-0.981194,-31.175509999999996,-0.981194,263.37872,-0.229662,92.83803999999999,-13.302122,113.29359
2025,03,BSNZ,AT,REP,PSR2,BSEU,PSR0G893,3,D03Y 275/35ZR21,21,,1,,325.51351999999997,,-34.452949999999994,,291.06057,,70.94292,,125.20275999999998
2025,03,BSNZ,AT,REP,PSR2,BSEU,PSR0G894,3,D08Y 325/30ZR21,21,,1,,356.54109,,-37.736079999999994,,318.8050099999999,,110.63067,,137.13468999999998
2025,03,BSNZ,AT,REP,PSR2,BSEU,PSR0G895,3,094W 235/45 R18,18,,2,,352.05737,,-42.2767,,309.78066999999993,,157.07814,,133.22565999999998
2025,03,BSNZ,AT,REP,PSR2,BSEU,PSR0G918,"",092Y 235/35 R20,20,0,,0,,0,,0,,-152.427816,,0,
2025,03,BSNZ,AT,REP,PSR2,BSEU,PSR0G918,3,092Y 235/35 R20,20,-2,,-18.414848000000347,,-2.091718,,-20.506567000000132,,-0.8450150000000001,,-46.38449200000002,
2025,03,BSNZ,AT,REP,PSR2,BSEU,PSR0G919,"",D04Y 255/45ZR19,19,0,,0,,0,,0,,0,,0,
2025,03,BSNZ,AT,REP,PSR2,BSEU,PSR0G919,3,D04Y 255/45ZR19,19,0,,0,,-0.507921,,-0.507921,,-0.118886,,-7.277035,
2025,03,BSNZ,AT,REP,PSR2,BSEU,PSR0G920,"",*93Y 245/35 R19,19,0,,0,,0,,0,,2756.8054869999996,,0,
2025,03,BSNZ,AT,REP,PSR2,BSEU,PSR0G920,3,*93Y 245/35 R19,19,48,44,7397.403025000002,6688.7031099999995,-221.82247199999995,-486.75674,7175.580552000001,6201.94637,90.85381499999997,2586.7195199999996,3416.4692319999995,2668.02393
2025,03,BSNZ,AT,REP,PSR2,BSEU,PSR0G921,"",*99Y 265/35ZR20,20,0,,0,,0,,0,,0,,0,
2025,03,BSNZ,AT,REP,PSR2,BSEU,PSR0G921,3,*99Y 265/35ZR20,20,6,,1549.9796561130001,,-47.372301175000004,,1502.6073549379998,,471.558,,761.3430575145001,
2025,03,BSNZ,AT,REP,PSR2,BSEU,PSR0G922,"",092Y 225/40 R18,18,0,,0,,0,,0,,6957.004508,,0,
2025,03,BSNZ,AT,REP,PSR2,BSEU,PSR0G922,3,092Y 225/40 R18,18,114,,17129.192347000004,,-517.4862320000001,,16611.706114000008,,209.479145,,7856.035745000001,
2025,03,BSNZ,AT,REP,PSR2,BSEU,PSR0G923,"",097Y 245/40 R18,18,0,,0,,0,,0,,783.630514,,0,
2025,03,BSNZ,AT,REP,PSR2,BSEU,PSR0G923,3,097Y 245/40 R18,18,12,,2269.381546,,-70.57921,,2198.8023359999997,,27.28042,,1011.88379,
2025,03,BSNZ,AT,REP,PSR2,BSEU,PSR0G926,"",*96Y 255/35ZR19,19,0,,0,,0,,0,,4038.446524,,0,
2025,03,BSNZ,AT,REP,PSR2,BSEU,PSR0G926,3,*96Y 255/35ZR19,19,66,75,13716.169441999999,17658.51101,-413.665923,-2237.2169599999997,13302.503520000002,15421.294049999999,167.906281,4565.371499999999,6300.88174,6647.36526
2025,03,BSNZ,AT,REP,PSR2,BSEU,PSR0G928,3,102Y 245/45 R19,19,,1,,181.44271999999998,,-19.20375,,162.23897,,46.413329999999995,,69.78784999999999
2025,03,BSNZ,AT,REP,PSR2,BSEU,PSR0G929,3,105Y 275/40 R19,19,,2,,462.31249999999994,,-55.306799999999996,,407.01138999999995,,115.67200999999999,,175.04146999999998
2025,03,BSNZ,AT,REP,PSR2,BSEU,PSR0G930,"",099Y 245/40 R20,20,0,,0,,0,,0,,0,,0,
2025,03,BSNZ,AT,REP,PSR2,BSEU,PSR0G930,3,099Y 245/40 R20,20,0,2,0,462.31249999999994,-0.25479,-55.306799999999996,-0.25479,407.01138999999995,-0.059637,113.09443999999999,-3.650398,175.04146999999998
2025,03,BSNZ,AT,REP,PSR2,BSEU,PSR0G931,"",102Y 275/35 R20,20,0,,0,,0,,0,,0,,0,
2025,03,BSNZ,AT,REP,PSR2,BSEU,PSR0G931,3,102Y 275/35 R20,20,0,2,0,415.96744999999993,-1.3609,-49.759049999999995,-1.3609,366.2084,-0.318538,103.74577,-19.497754,157.49351
2025,03,BSNZ,AT,REP,PSR2,BSEU,PSR0G932,3,098Y 275/30 R21,21,,2,,395.2046399999999,,-47.278209999999994,,347.93212,,94.13535999999999,,149.62993
2025,03,BSNZ,AT,REP,PSR2,BSEU,PSR0G934,3,096Y 245/35 R21,21,,2,,608.3065199999999,,-72.76941,,535.53711,,145.47053999999997,,230.31412999999998
2025,03,BSNZ,AT,REP,PSR2,BSEU,PSR0G935,3,095Y 225/45 R18,18,,4,,613.9794499999999,,-36.040459999999996,,577.93899,,144.99257999999998,,249.54063999999997
2025,03,BSNZ,AT,REP,PSR2,BSEU,PSR0G936,3,093Y 225/40 R19,19,,2,,391.83615999999995,,-46.874219999999994,,344.96193999999997,,93.17375,,148.35537
2025,03,BSNZ,AT,REP,PSR2,BSEU,PSR0G937,"",096Y 235/40 R19,19,0,,0,,0,,0,,64.083448,,0,
2025,03,BSNZ,AT,REP,PSR2,BSEU,PSR0G937,3,096Y 235/40 R19,19,1,4,238.577813,905.6203999999999,-7.003257,-54.05499999999999,231.574555,851.5653999999998,2.96549,215.10476,112.347921,367.65934999999996
2025,03,BSNZ,AT,REP,PSR2,BSEU,PSR0P198,"",095W 235/45 R19,19,0,,0,,0,,0,,780.447838,,0,
2025,03,BSNZ,AT,REP,PSR2,BSEU,PSR0P198,3,095W 235/45 R19,19,13,13,2995.098535,3016.5534999999995,-91.96816999999999,-313.94575,2903.1303660000003,2702.6077499999997,36.280822,785.5613999999999,1352.3948540000001,1163.85536
2025,03,BSNZ,AT,REP,PSR2,BSEU,PSR0P234,"",091W 225/45 R17,17,0,,0,,0,,0,,185.840324,,0,
2025,03,BSNZ,AT,REP,PSR2,BSEU,PSR0P234,3,091W 225/45 R17,17,3,6,313.426521,716.0125299999999,-14.308242,-45.38344,299.11827800000003,670.6290899999999,2.7002829999999998,361.23533999999995,74.413885,288.67076999999995
2025,03,BSNZ,AT,REP,PSR2,BSEU,PSR0P291,"",080Q 155/60 R20,20,0,,0,,0,,0,,0,,0,
2025,03,BSNZ,AT,REP,PSR2,BSEU,PSR0P291,3,080Q 155/60 R20,20,0,9,0,2542.1326799999997,-1.128476,-298.45757,-1.128476,2243.6751099999997,-0.264136,232.54460999999998,-16.167794,967.15775
2025,03,BSNZ,AT,REP,PSR2,BSEU,PSR0P307,"",102Y 245/45 R19,19,0,,0,,0,,0,,242.263016,,0,
2025,03,BSNZ,AT,REP,PSR2,BSEU,PSR0P307,3,102Y 245/45 R19,19,4,3,1147.393556,968.52904,-35.151148,-65.34965,1112.242408,903.1793899999999,13.917788,157.69266,519.249671,389.44066999999995
2025,03,BSNZ,AT,REP,PSR2,BSEU,PSR0P308,3,101Y 275/40 R19,19,,0,,0,,0,,0,,0,,0
2025,03,BSNZ,AT,REP,PSR2,BSEU,PSR0P316,"",095Y 225/45 R18,18,0,,0,,0,,0,,365.203623,,0,
2025,03,BSNZ,AT,REP,PSR2,BSEU,PSR0P316,3,095Y 225/45 R18,18,6,2,907.6096769999999,319.68696,-26.892469,-29.673349999999996,880.7172089999999,290.01360999999997,11.222872,101.71443999999998,423.813149,124.7817
2025,03,BSNZ,AT,REP,PSR2,BSEU,PSR0P340,"",091W 205/55 R17,17,0,,0,,0,,0,,0,,0,
2025,03,BSNZ,AT,REP,PSR2,BSEU,PSR0P340,3,091W 205/55 R17,17,0,,0,,-0.310439,,-0.310439,,-0.072663,,-4.447688,
2025,03,BSNZ,AT,REP,PSR2,BSEU,PSR0P348,"",087Y 225/35 R18,18,0,,0,,0,,0,,210.017489,,0,
2025,03,BSNZ,AT,REP,PSR2,BSEU,PSR0P348,3,087Y 225/35 R18,18,4,2,805.350876,439.9337299999999,-26.026094,-34.56106,779.3247819999999,405.36697999999996,9.451998,86.21488,345.065432,174.44970999999998
2025,03,BSNZ,AT,REP,PSR2,BSEU,PSR0P363,"",092W 225/40 R18,18,0,,0,,0,,0,,444.223311,,0,
2025,03,BSNZ,AT,REP,PSR2,BSEU,PSR0P363,3,092W 225/40 R18,18,8,48,1373.1569140000001,6590.095409999999,-41.654216,-449.53844999999995,1331.502696,6140.55696,16.753028,2662.10064,627.3401759999999,2639.22115
2025,03,BSNZ,AT,REP,PSR2,BSEU,PSR0P374,"",101W 255/45 R20,20,0,,0,,0,,0,,151.768946,,0,
2025,03,BSNZ,AT,REP,PSR2,BSEU,PSR0P374,3,101W 255/45 R20,20,5,33,1291.116476,9433.9062,-44.688095000000004,-717.6853899999999,1246.4283810000002,8716.220809999999,242.082184,2515.93023,460.98060599999997,3756.4014399999996
2025,03,BSNZ,AT,REP,PSR2,BSEU,PSR0P396,"",096W 235/40 R19,19,0,,0,,0,,0,,14193.392071999999,,0,
2025,03,BSNZ,AT,REP,PSR2,BSEU,PSR0P396,3,096W 235/40 R19,19,273,349,54580.922737000015,73051.26984,-1724.1208179999999,-8583.268269999999,52856.80192099999,64468.00156999999,649.8910560000002,18160.23245,23955.449967999986,27733.57779
2025,03,BSNZ,AT,REP,PSR2,BSEU,PSR0P398,"",089Q 175/55 R20,20,0,,0,,0,,0,,0,,0,
2025,03,BSNZ,AT,REP,PSR2,BSEU,PSR0P398,3,089Q 175/55 R20,20,0,1,0,294.7704499999999,-0.313713,-15.693019999999997,-0.313713,279.07743,-0.073429,34.16844999999999,-4.494599,120.15003999999999
2025,03,BSNZ,AT,REP,PSR2,BSEU,PSR0P424,"",097W 225/55 R17,17,0,,0,,0,,0,,1102.260988,,0,
2025,03,BSNZ,AT,REP,PSR2,BSEU,PSR0P424,3,097W 225/55 R17,17,37,,4385.804831,,-139.196609,,4246.608222000001,,52.06783700000001,,1915.517337,
2025,03,BSNZ,AT,REP,PSR2,BSEU,PSR0P425,"",D01Y 255/40ZR20,20,0,,0,,0,,0,,0,,0,
2025,03,BSNZ,AT,REP,PSR2,BSEU,PSR0P425,3,D01Y 255/40ZR20,20,0,,0,,-0.440767,,-0.440767,,-0.103168,,-6.31491,
2025,03,BSNZ,AT,REP,PSR2,BSEU,PSR0P434,"",092Y 225/40 R18,18,0,,0,,0,,0,,628.980407,,0,
2025,03,BSNZ,AT,REP,PSR2,BSEU,PSR0P434,3,092Y 225/40 R18,18,14,41,2067.57201,5886.111539999999,-63.647041,-334.6061399999999,2003.9249679999998,5551.51109,25.007941,1886.8495199999998,931.2950719999999,2389.9308699999997
2025,03,BSNZ,AT,REP,PSR2,BSEU,PSR0P437,"",091Y 225/45 R17,17,0,,0,,0,,0,,0,,0,
2025,03,BSNZ,AT,REP,PSR2,BSEU,PSR0P437,3,091Y 225/45 R17,17,0,,0,,-0.13447,,-0.13447,,0,,-1.926557,
2025,03,BSNZ,AT,REP,PSR2,BSEU,PSR0P438,"",096Y 235/40 R19,19,0,,0,,0,,0,,1036.597367,,0,
2025,03,BSNZ,AT,REP,PSR2,BSEU,PSR0P438,3,096Y 235/40 R19,19,18,2,4305.523242,476.253,-129.154804,-43.682129999999994,4176.368436,432.57086999999996,52.868782,111.08017999999998,1987.818835,186.1199
2025,03,BSNZ,AT,REP,PSR2,BSEU,PSR0P439,"",084Q 155/70 R19,19,0,,0,,0,,0,,144.04677,,0,
2025,03,BSNZ,AT,REP,PSR2,BSEU,PSR0P439,3,084Q 155/70 R19,19,4,3,921.7418729999999,925.26797,-29.577719000000002,-134.64816,892.164154,790.6198099999999,10.86711,108.71882999999998,397.939705,345.98044999999996
2025,03,BSNZ,AT,REP,PSR2,BSEU,PSR0S204,3,103V 235/55 R17,17,10,6,977.3046850000001,680.9450599999999,-28.770918,-77.13364,948.533762,603.81711,589.141813,539.4575199999999,417.47528600000004,259.50951999999995
2025,03,BSNZ,AT,REP,PSR2,BSEU,PSR0S220,"",086Q 175/60 R19,19,0,,0,,0,,0,,244.66956399999998,,0,
2025,03,BSNZ,AT,REP,PSR2,BSEU,PSR0S220,3,086Q 175/60 R19,19,6,19,1425.4365440000001,5538.9874,-44.263461,-774.55125,1381.1730810000001,4764.4361499999995,17.151328000000003,774.0676,636.5628449999999,2042.1694499999999
2025,03,BSNZ,AT,REP,PSR2,BSFC,PSR0F12S,"",093W 245/35 R19,19,0,,0,,0,,0,,0,,0,
2025,03,BSNZ,AT,REP,PSR2,BSFC,PSR0F12S,3,093W 245/35 R19,19,0,8,0,975.6017099999999,-0.6444369999999999,-10.264759999999999,-0.6444369999999999,965.3369499999999,0,338.829392,-9.23292,533.5729155230432
2025,03,BSNZ,AT,REP,PSR2,BSFC,PSR0F13S,"",098W 245/40 R19,19,0,,0,,0,,0,,0,,0,
2025,03,BSNZ,AT,REP,PSR2,BSFC,PSR0F13S,3,098W 245/40 R19,19,17,32,1920.0466306699998,3636.5245199999995,-58.984856513000004,-52.13746999999999,1861.061774156,3584.39274,885.2310740503999,1433.603776,1106.5885263719001,1980.3094458838166
2025,03,BSNZ,AT,REP,PSR2,BSFC,PSR0F14S,"",102W 245/45 R19,19,0,,0,,0,,0,,0,,0,
2025,03,BSNZ,AT,REP,PSR2,BSFC,PSR0F14S,3,102W 245/45 R19,19,0,3,0,495.99161,-0.802363,0,-0.802363,495.99161,0,129.784578,-11.495528,274.180903257718
2025,03,BSNZ,AT,REP,PSR2,BSFC,PSR0F54F,"",093W 245/35 R19,19,0,,0,,0,,0,,0,,0,
2025,03,BSNZ,AT,REP,PSR2,BSFC,PSR0F54F,3,093W 245/35 R19,19,2,2,242.933052628,312.46635,-11.276910706999999,0,231.656141921,312.46635,89.2490357286,90.01590399999999,85.36882374429999,172.7313558076562
2025,03,BSNZ,AT,REP,PSR2,BSFC,PSR0F55F,"",098W 245/40 R19,19,0,,0,,0,,0,,0,,0,
2025,03,BSNZ,AT,REP,PSR2,BSFC,PSR0F55F,3,098W 245/40 R19,19,13,5,2164.8334521099996,775.0292099999999,-67.160672093,-31.9209,2097.672780017,743.10831,663.3532623718,222.02564999999998,1238.2713654983002,410.6065261062386
2025,03,BSNZ,AT,REP,PSR2,BSFC,PSR0F58F,"",096W 235/40 R19,19,0,,0,,0,,0,,0,,0,
2025,03,BSNZ,AT,REP,PSR2,BSFC,PSR0F58F,3,096W 235/40 R19,19,0,8,21.474683286000015,1313.5820199999998,-0.7507968199999979,-34.88539,20.723886465999954,1278.69094,0,337.232896,11.07164463640001,706.6571909729828
2025,03,BSNZ,AT,REP,PSR2,BSFC,PSR0FB00,3,093W 215/45 R18,18,,0,,0,,0,,0,,0,,0
2025,03,BSNZ,AT,REP,PSR2,BSIN,PSR0N39S,"",093V 205/50 R17,17,0,,0,,0,,0,,0,,0,
2025,03,BSNZ,AT,REP,PSR2,BSIN,PSR0N39S,3,093V 205/50 R17,17,0,,0,,-0.006434999999999982,,-0.006434999999999982,,0,,-0.09219400000000011,
2025,03,BSNZ,AT,REP,PSR2,BSIN,PSR0N50S,"",101V 225/55 R17,17,0,,0,,0,,0,,0,,0,
2025,03,BSNZ,AT,REP,PSR2,BSIN,PSR0N50S,3,101V 225/55 R17,17,95,92,6891.793164403001,6756.106849999999,-212.94198521300004,-113.33341999999999,6678.851179189001,6642.773429999999,3688.5426619162,4216.358344,3780.3161140883003,3668.294511957967
2025,03,BSNZ,AT,REP,PSR2,BSIN,PSR0N77S,"",094V 215/55 R17,17,0,,0,,0,,0,,0,,0,
2025,03,BSNZ,AT,REP,PSR2,BSIN,PSR0N77S,3,094V 215/55 R17,17,272,349,18337.520173790996,26112.84957,-573.1831375639999,-341.83813,17764.337036225,25771.01144,9383.4445841804,15320.863028999998,9963.4198836666,14231.079271482435
2025,03,BSNZ,AT,REP,PSR2,BSIN,PSR0NB5D,"",091V 215/45 R17,17,0,,0,,0,,0,,0,,0,
2025,03,BSNZ,AT,REP,PSR2,BSIN,PSR0NB5D,3,091V 215/45 R17,17,1,,49.208628133,,-1.444479161,,47.764148972,,33.1592254,,28.082258319799998,
2025,03,BSNZ,AT,REP,PSR2,BSIN,PSR0NB6D,"",092W 225/40 R18,18,0,,0,,0,,0,,0,,0,
2025,03,BSNZ,AT,REP,PSR2,BSIN,PSR0NB6D,3,092W 225/40 R18,18,307,308,17659.470728955996,18079.49135,-545.076552467,-303.73788999999994,17114.394176480997,17775.747769999998,9985.496956638297,12916.37424,9693.966800422599,9815.478070230283
2025,03,BSNZ,AT,REP,PSR2,BSIN,PSR0NB7D,"",095W 225/45 R18,18,0,,0,,0,,0,,0,,0,
2025,03,BSNZ,AT,REP,PSR2,BSIN,PSR0NB7D,3,095W 225/45 R18,18,209,239,14460.79264385,17453.05649,-439.30336697200005,-241.61446999999998,14021.489276869,17211.44202,7304.7846701674,10190.312788,8039.615504121899,9503.373966836869
2025,03,BSNZ,AT,REP,PSR2,BSIN,PSR0NB9D,"",091W 235/35 R19,19,0,,0,,0,,0,,0,,0,
2025,03,BSNZ,AT,REP,PSR2,BSIN,PSR0NB9D,3,091W 235/35 R19,19,32,9,2147.2505666009997,619.88567,-66.12772073900001,-8.785359999999999,2081.1228458620003,611.1003099999999,1178.0853970996,394.081182,1180.9691219106,337.4640458084125
2025,03,BSNZ,AT,REP,PSR2,BSIN,PSR0NC3D,"",093W 245/35 R19,19,0,,0,,0,,0,,0,,0,
2025,03,BSNZ,AT,REP,PSR2,BSIN,PSR0NC3D,3,093W 245/35 R19,19,32,46,2565.610452167,3948.70068,-77.997017192,-47.64237,2487.613434974,3901.0583099999994,1177.513151568,2117.4440780000004,1425.6591928405,2154.994143691671
2025,03,BSNZ,AT,REP,PSR2,BSIN,PSR0NC4D,"",098W 245/40 R19,19,0,,0,,0,,0,,0,,0,
2025,03,BSNZ,AT,REP,PSR2,BSIN,PSR0NC4D,3,098W 245/40 R19,19,37,65,2816.33268399,5141.557969999999,-87.468669698,-41.06473,2728.864014291,5100.493239999999,1493.4737683239002,3174.5732850000004,1538.458009086,2816.2947804662767
2025,03,BSNZ,AT,REP,PSR2,BSIN,PSR0NC5D,"",089W 215/40 R18,18,0,,0,,0,,0,,0,,0,
2025,03,BSNZ,AT,REP,PSR2,BSIN,PSR0NC5D,3,089W 215/40 R18,18,2,36,155.850587592,2682.73827,-6.215661941,-49.60542,149.634925651,2633.1328499999995,58.8339177668,1435.022424,65.43259825839999,1454.7506936839263
2025,03,BSNZ,AT,REP,PSR2,BSIN,PSR0ND55,"",100W 245/45 R18,18,0,,0,,0,,0,,0,,0,
2025,03,BSNZ,AT,REP,PSR2,BSIN,PSR0ND55,3,100W 245/45 R18,18,79,79,12825.165518438,12973.251209999999,-395.78525226700003,-1368.6100099999999,12429.380266169,11604.64689,3085.308025914399,3903.1204519999997,7042.2022604173,6403.028028091294
2025,03,BSNZ,AT,REP,PSR2,BSIN,PSR0ND58,"",084W 205/40 R17,17,0,,0,,0,,0,,0,,0,
2025,03,BSNZ,AT,REP,PSR2,BSIN,PSR0ND58,3,084W 205/40 R17,17,23,16,2591.127691537,1584.1301399999998,-78.03943646100001,-199.73606999999996,2513.0882550750002,1384.39407,745.8435436584001,619.6058879999999,1450.3042300688,771.3301924484788
2025,03,BSNZ,AT,REP,PSR2,BSIN,PSR0ND61,"",098W 235/45 R18,18,0,,0,,0,,0,,0,,0,
2025,03,BSNZ,AT,REP,PSR2,BSIN,PSR0ND61,3,098W 235/45 R18,18,31,45,6017.149303599,9545.930919999999,-184.501721288,-1257.8313999999998,5832.647582311,8288.09383,1230.8057469554,2133.2609100000004,3321.0516826532003,4573.772379205153
2025,03,BSNZ,AT,REP,PSR2,BSIN,PSR0ND69,"",099W 245/45 R17,17,0,,0,,0,,0,,0,,0,
2025,03,BSNZ,AT,REP,PSR2,BSIN,PSR0ND69,3,099W 245/45 R17,17,16,15,2138.59033941,2530.37145,-67.71851991300001,-273.25086999999996,2070.8718194969997,2257.1262699999997,641.4355101902,713.47551,1149.6417849548002,1239.374634220416
2025,03,BSNZ,AT,REP,PSR2,BSIN,PSR0ND70,"",101W 235/50 R18,18,0,,0,,0,,0,,0,,0,
2025,03,BSNZ,AT,REP,PSR2,BSIN,PSR0ND70,3,101W 235/50 R18,18,94,45,12449.241304471998,6440.70446,-386.967931056,-732.99718,12062.273373414,5707.712969999999,3972.0124207147996,2359.90854,6795.269844845299,3143.699819868193
2025,03,BSNZ,AT,REP,PSR2,BSIN,PSR0NE23,"",100W 275/35 R19,19,0,,0,,0,,0,,0,,0,
2025,03,BSNZ,AT,REP,PSR2,BSIN,PSR0NE23,3,100W 275/35 R19,19,3,11,574.791171822,2493.19868,-22.935286246000004,-350.09432,551.8558855750001,2143.10436,136.57806698360002,604.346116,241.15865576559997,1181.2624013028399
2025,03,BSNZ,AT,REP,PSR2,BSIN,PSR0NF6D,"",097W 245/40 R18,18,0,,0,,0,,0,,0,,0,
2025,03,BSNZ,AT,REP,PSR2,BSIN,PSR0NF6D,3,097W 245/40 R18,18,48,79,3352.8647476799997,5447.697039999999,-107.07397273800001,-83.50643999999998,3245.79077494,5364.190599999999,1685.6954690774,3584.463366,1789.1548956274,2961.0210396784214
2025,03,BSNZ,AT,REP,PSR2,BSIN,PSR0NF9D,"",088W 205/45 R17,17,0,,0,,0,,0,,0,,0,
2025,03,BSNZ,AT,REP,PSR2,BSIN,PSR0NF9D,3,088W 205/45 R17,17,24,24,1484.533799952,1224.97734,-44.661157863,-31.972109999999997,1439.872642088,1193.00523,737.1037467552001,903.6994559999999,831.6383308164001,658.7216103532846
2025,03,BSNZ,AT,REP,PSR2,BSIN,PSR0NG0D,"",100W 255/40 R19,19,0,,0,,0,,0,,0,,0,
2025,03,BSNZ,AT,REP,PSR2,BSIN,PSR0NG0D,3,100W 255/40 R19,19,9,3,934.037050121,260.39146999999997,-30.009440126,-10.145269999999998,904.0276099949999,250.2462,356.5323176052,151.241112,495.9046509822,138.15348797320252
2025,03,BSNZ,AT,REP,PSR2,BSIN,PSR0NG1D,"",101W 235/50 R18,18,0,,0,,0,,0,,0,,0,
2025,03,BSNZ,AT,REP,PSR2,BSIN,PSR0NG1D,3,101W 235/50 R18,18,66,66,5285.602994343,5610.76675,-162.903444005,-39.943799999999996,5122.6995503339995,5570.822949999999,2405.5572865126,3118.7508000000003,2905.3042654269993,3076.44279161673
2025,03,BSNZ,AT,REP,PSR2,BSIN,PSR0NG2D,"",099W 225/50 R18,18,0,,0,,0,,0,,0,,0,
2025,03,BSNZ,AT,REP,PSR2,BSIN,PSR0NG2D,3,099W 225/50 R18,18,38,23,3238.126508771,2025.1961799999997,-103.83110390400002,-4.25043,3134.295404866,2020.9457499999999,1513.0190699162001,1064.220718,1722.1228387888002,1116.3694204361575
2025,03,BSNZ,AT,REP,PSR2,BSIN,PSR0NH14,3,,"",0,,-47.27110470599999,,1.3876047409999996,,-45.883499965,,0,,-26.976557237899996,
2025,03,BSNZ,AT,REP,PSR2,BSIN,PSR0NJ96,3,094W 215/55 R17,17,,0,,0,,0,,0,,0,,0
2025,03,BSNZ,AT,REP,PSR2,BSIN,PSR0NJ97,3,098W 225/50 R17,17,,0,,0,,0,,0,,0,,0
2025,03,BSNZ,AT,REP,PSR2,BSIN,PSR0NJA1,3,095W 205/55 R17,17,,0,,0,,0,,0,,0,,0
2025,03,BSNZ,AT,REP,PSR2,BSIN,PSR0NJA3,3,101W 225/55 R17,17,,0,,0,,0,,0,,0,,0
2025,03,BSNZ,AT,REP,PSR2,BSIN,PSR0NJA4,3,101W 235/50 R18,18,,0,,0,,0,,0,,0,,0
2025,03,BSNZ,AT,REP,PSR2,BSIN,PSR0NJB6,3,100H 215/60 R17,17,,0,,0,,0,,0,,0,,0
2025,03,BSNZ,AT,REP,PSR2,BSIN,PSR0NJB7,3,093W 205/50 R17,17,,0,,0,,0,,0,,0,,0
2025,03,BSNZ,AT,REP,PSR2,BSIN,PSR0NJC1,3,100H 225/60 R18,18,,0,,0,,0,,0,,0,,0
2025,03,BSNZ,AT,REP,PSR2,BSIN,PSR0NJC3,3,107W 235/60 R18,18,,0,,0,,0,,0,,0,,0
2025,03,BSNZ,AT,REP,PSR2,BSIN,PSR0NM4F,"",097W 235/45 R17,17,0,,0,,0,,0,,0,,0,
2025,03,BSNZ,AT,REP,PSR2,BSIN,PSR0NM4F,3,097W 235/45 R17,17,14,48,1380.650159147,4301.4124,-44.349540209,-229.94996999999998,1336.3006189379998,4071.4624299999996,498.9940369128,2078.191104,733.1447354956999,2246.862877271968
2025,03,BSNZ,AT,REP,PSR2,BSJ,PSR11833,"",081W 195/45 R17,17,0,,0,,0,,0,,0,,0,
2025,03,BSNZ,AT,REP,PSR2,BSJ,PSR11833,3,081W 195/45 R17,17,28,21,4112.385098346,3081.7779699999996,-129.33757245599998,-337.417,3983.047525887,2744.3609699999997,1846.684794542,1486.4326890000002,1967.6385124981,1278.4750437851237
2025,03,BSNZ,AT,REP,PSR2,BSJ,PSR12718,"",102Y 245/45 R19,19,0,,0,,0,,0,,0,,0,
2025,03,BSNZ,AT,REP,PSR2,BSJ,PSR12718,3,102Y 245/45 R19,19,12,9,3965.714016558,3044.9978099999994,-119.981647785,-383.55721,3845.7323687719995,2661.44629,1997.5575450000001,1480.8297779999998,1965.4251736749998,1236.1639368447406
2025,03,BSNZ,AT,REP,PSR2,BSJ,PSR14254,"",095W 245/35 R20,20,0,,0,,0,,0,,0,,0,
2025,03,BSNZ,AT,REP,PSR2,BSJ,PSR14254,3,095W 245/35 R20,20,46,23,8573.451826219,4982.06158,-260.605372392,-446.00496,8312.846453825001,4536.056619999999,4452.2604514344,2201.927816,4231.658838940701,2119.842173262369
2025,03,BSNZ,AT,REP,PSR2,BSJ,PSR14255,"",097W 275/30 R20,20,0,,0,,0,,0,,0,,0,
2025,03,BSNZ,AT,REP,PSR2,BSJ,PSR14255,3,097W 275/30 R20,20,11,1,2987.800715459,313.79212,-92.562108177,-41.22973999999999,2895.2386072810004,272.56237999999996,1573.1200145760001,146.780436,1449.7508606231,126.58748048985824
2025,03,BSNZ,AT,REP,PSR2,BSJ,PSR14493,"",097Y 275/30 R20,20,0,,0,,0,,0,,0,,0,
2025,03,BSNZ,AT,REP,PSR2,BSJ,PSR14493,3,097Y 275/30 R20,20,2,8,647.702356,3028.4285299999997,-19.012774617,-308.08505,628.689581383,2720.34348,383.3432527102,1541.214288,329.3675564721,1264.9418028315583
2025,03,BSNZ,AT,REP,PSR2,BSJ,PSR15221,"",091W 225/45 R17,17,0,,0,,0,,0,,0,,0,
2025,03,BSNZ,AT,REP,PSR2,BSJ,PSR15221,3,091W 225/45 R17,17,2,8,214.400647118,941.6381,-6.475505205,-56.19444,207.925141913,885.44366,108.1685864138,487.336608,106.4195339428,411.65070661410374
2025,03,BSNZ,AT,REP,PSR2,BSJ,PSR15529,"",090Y 255/35 R18,18,0,,0,,0,,0,,0,,0,
2025,03,BSNZ,AT,REP,PSR2,BSJ,PSR15529,3,090Y 255/35 R18,18,2,,481.991058402,,-14.563984573,,467.427073829,,230.65,,239.1472377741,
2025,03,BSNZ,AT,REP,PSR2,BSJ,PSR15775,"",094W 245/40 R19,19,0,,0,,0,,0,,0,,0,
2025,03,BSNZ,AT,REP,PSR2,BSJ,PSR15775,3,094W 245/40 R19,19,1,,273.492319821,,-8.028144082,,265.464175739,,147.9575,,139.0754507201,
2025,03,BSNZ,AT,REP,PSR2,BSJ,PSR15777,"",096W 275/35 R19,19,0,,0,,0,,0,,0,,0,
2025,03,BSNZ,AT,REP,PSR2,BSJ,PSR15777,3,096W 275/35 R19,19,0,,0,,-0.45774,,-0.45774,,0,,-6.558089,
2025,03,BSNZ,AT,REP,PSR2,BSJ,PSR15817,"",092Y 245/35 R18,18,0,,0,,0,,0,,0,,0,
2025,03,BSNZ,AT,REP,PSR2,BSJ,PSR15817,3,092Y 245/35 R18,18,0,,0,,-0.392557,,-0.392557,,0,,-5.624206,
2025,03,BSNZ,AT,REP,PSR2,BSJ,PSR16004,3,096H 215/60 R17,17,2,1,234.200238104,119.93950999999998,-7.391634056,-15.761299999999999,226.808604048,104.17820999999999,117.292824,42.008318,102.1137119224,48.386606126233026
2025,03,BSNZ,AT,REP,PSR2,BSJ,PSR16075,"",094Y 265/35 R19,19,0,,0,,0,,0,,0,,0,
2025,03,BSNZ,AT,REP,PSR2,BSJ,PSR16075,3,094Y 265/35 R19,19,2,,803.363099798,,-24.683374847,,778.6797249499999,,382.1871429,,392.7451482936,
2025,03,BSNZ,AT,REP,PSR2,BSJ,PSR16100,"",096Y 235/40 R19,19,0,,0,,0,,0,,0,,0,
2025,03,BSNZ,AT,REP,PSR2,BSJ,PSR16100,3,096Y 235/40 R19,19,0,4,36.47234301200001,1425.08895,-2.088950894,-187.2579,34.38339211800007,1237.8310499999998,0,602.443076,3.957021680299916,574.8894061107303
2025,03,BSNZ,AT,REP,PSR2,BSJ,PSR16148,"",087W 215/45 R17,17,0,,0,,0,,0,,0,,0,
2025,03,BSNZ,AT,REP,PSR2,BSJ,PSR16148,3,087W 215/45 R17,17,4,2,407.343361873,181.35168,-12.583219298,-9.655929999999998,394.760142575,171.70144,187.7557123112,111.161204,198.1723998898,79.83439376564573
2025,03,BSNZ,AT,REP,PSR2,BSJ,PSR16452,"",095H 215/55 R18,18,0,,0,,0,,0,,0,,0,
2025,03,BSNZ,AT,REP,PSR2,BSJ,PSR16452,3,095H 215/55 R18,18,4,7,530.356556744,1047.65418,-16.541641347000002,-77.41244999999999,513.814915397,970.2474199999999,271.8550941612,512.045072,233.9121136288,449.73663774225804
2025,03,BSNZ,AT,REP,PSR2,BSJ,PSR16531,"",094Y 235/45 R18,18,0,,0,,0,,0,,0,,0,
2025,03,BSNZ,AT,REP,PSR2,BSJ,PSR16531,3,094Y 235/45 R18,18,4,5,872.594664557,1165.2266499999998,-26.052185989999998,-134.73351,846.542478567,1030.4931399999998,466.2053244904,586.4331000000001,437.4555169545,478.7145944293821
2025,03,BSNZ,AT,REP,PSR2,BSJ,PSR16540,"",092Y 235/40 R19,19,0,,0,,0,,0,,0,,0,
2025,03,BSNZ,AT,REP,PSR2,BSJ,PSR16540,3,092Y 235/40 R19,19,4,1,915.9237187169999,232.40804999999997,-28.05186305,-30.53823,887.871855667,201.86981999999998,467.7913435888,117.546154,449.0619817328,93.75594040288904
2025,03,BSNZ,AT,REP,PSR2,BSJ,PSR16541,"",094Y 265/35 R19,19,0,,0,,0,,0,,0,,0,
2025,03,BSNZ,AT,REP,PSR2,BSJ,PSR16541,3,094Y 265/35 R19,19,1,0,348.402447477,0,-12.629979807999998,0,335.772467669,0,198.3003589028,0,142.74180425139997,0
2025,03,BSNZ,AT,REP,PSR2,BSJ,PSR16564,"",095Y 225/45 R18,18,0,,0,,0,,0,,0,,0,
2025,03,BSNZ,AT,REP,PSR2,BSJ,PSR16564,3,095Y 225/45 R18,18,2,,359.64231681,,-10.739274008999999,,348.90304280099997,,156.5822222,,180.2728201062,
2025,03,BSNZ,AT,REP,PSR2,BSJ,PSR16767,"",096W 255/40 R19,19,0,,0,,0,,0,,0,,0,
2025,03,BSNZ,AT,REP,PSR2,BSJ,PSR16767,3,096W 255/40 R19,19,0,0,0,0,-0.9328810000000001,0,-0.9328810000000001,0,0,0,-13.365466999999999,0
2025,03,BSNZ,AT,REP,PSR2,BSJ,PSR16768,3,096W 275/35 R19,19,,0,,0,,0,,0,,0,,0
2025,03,BSNZ,AT,REP,PSR2,BSJ,PSR16820,"",093Y 245/35 R19,19,0,,0,,0,,0,,0,,0,
2025,03,BSNZ,AT,REP,PSR2,BSJ,PSR16820,3,093Y 245/35 R19,19,0,0,0,0,-0.568622,0,-0.568622,0,0,0,-8.146694,0
2025,03,BSNZ,AT,REP,PSR2,BSJ,PSR16837,"",095Y 245/35 R20,20,0,,0,,0,,0,,0,,0,
2025,03,BSNZ,AT,REP,PSR2,BSJ,PSR16837,3,095Y 245/35 R20,20,2,5,563.540135207,1467.8037799999997,-17.038488239,-155.44510999999997,546.501646968,1312.3586699999998,316.47166,740.3713349999999,279.46016575889996,609.7421549403443
2025,03,BSNZ,AT,REP,PSR2,BSJ,PSR17028,"",098Y 285/30 R19,19,0,,0,,0,,0,,0,,0,
2025,03,BSNZ,AT,REP,PSR2,BSJ,PSR17028,3,098Y 285/30 R19,19,0,0,0,0,-0.721202,0,-0.721202,0,0,0,-10.332724,0
2025,03,BSNZ,AT,REP,PSR2,BSJ,PSR17048,3,104H 235/65 R17,17,5,4,793.0445312300001,637.0808499999999,-24.357509679,-57.787639999999996,768.687021551,579.2932099999999,365.85191145289997,332.387536,354.8846387401,268.8332114241989
2025,03,BSNZ,AT,REP,PSR2,BSJ,PSR17081,"",084W 205/45 R17,17,0,,0,,0,,0,,0,,0,
2025,03,BSNZ,AT,REP,PSR2,BSJ,PSR17081,3,084W 205/45 R17,17,0,0,0,0,-0.512897,0,-0.512897,0,0,0,-7.348318,0
2025,03,BSNZ,AT,REP,PSR2,BSJ,PSR17131,3,096Y 255/35 R19,19,,1,,306.25856,,-16.30754,,289.95671,,166.973592,,134.82274471280292
2025,03,BSNZ,AT,REP,PSR2,BSJ,PSR17165,3,097V 235/50 R18,18,,1,,141.98256999999998,,0,,141.98256999999998,,69.060052,,66.4006040285047
2025,03,BSNZ,AT,REP,PSR2,BSJ,PSR17167,3,105V 235/55 R19,19,,1,,206.22267,,0,,206.22267,,100.30901,,96.4436484861578
2025,03,BSNZ,AT,REP,PSR2,BSJ,PSR17218,"",099H 225/55 R19,19,0,,0,,0,,0,,0,,0,
2025,03,BSNZ,AT,REP,PSR2,BSJ,PSR17218,3,099H 225/55 R19,19,27,16,4721.230896626999,3301.50301,-145.36880373399998,-315.71533999999997,4575.862092893,2985.7933599999997,2694.101236533,1570.18608,2107.8123400403,1388.1376674337225
2025,03,BSNZ,AT,REP,PSR2,BSJ,PSR17229,"",089W 215/45 R18,18,0,,0,,0,,0,,0,,0,
2025,03,BSNZ,AT,REP,PSR2,BSJ,PSR17229,3,089W 215/45 R18,18,3,2,538.558925373,437.45858,-16.447903189999998,-27.06164,522.111022183,410.40262999999993,275.42658,207.838136,264.71204683089996,190.3246997933699
2025,03,BSNZ,AT,REP,PSR2,BSJ,PSR17247,"",097V 225/55 R17,17,0,,0,,0,,0,,0,,0,
2025,03,BSNZ,AT,REP,PSR2,BSJ,PSR17247,3,097V 225/55 R17,17,5,8,651.298220804,1233.1993899999998,-19.502276294999998,-108.60503,631.795944507,1124.5886699999999,333.3180441976,585.707232,325.6952622859,521.1548635052201
2025,03,BSNZ,AT,REP,PSR2,BSJ,PSR17325,"",092W 225/45 R19,19,0,,0,,0,,0,,0,,0,
2025,03,BSNZ,AT,REP,PSR2,BSJ,PSR17325,3,092W 225/45 R19,19,14,26,3304.912438772,6830.58326,-102.23040269100001,-514.7572299999999,3202.6820360809998,6315.82603,1557.50615548,3068.727948,1605.8370214514,2930.800729795129
2025,03,BSNZ,AT,REP,PSR2,BSJ,PSR17359,"",*99Y 285/35ZR19,19,0,,0,,0,,0,,0,,0,
2025,03,BSNZ,AT,REP,PSR2,BSJ,PSR17359,3,*99Y 285/35ZR19,19,2,,333.9017318,,-10.084776120999999,,323.816955679,,235.885,,165.7348851122,
2025,03,BSNZ,AT,REP,PSR2,BSJ,PSR17362,"",094Y 265/30ZR20,20,0,,0,,0,,0,,0,,0,
2025,03,BSNZ,AT,REP,PSR2,BSJ,PSR17362,3,094Y 265/30ZR20,20,0,0,0,0,-1.058944,0,-1.058944,0,0,0,-15.171588,0
2025,03,BSNZ,AT,REP,PSR2,BSJ,PSR17423,"",094W 235/45 R18,18,0,,0,,0,,0,,0,,0,
2025,03,BSNZ,AT,REP,PSR2,BSJ,PSR17423,3,094W 235/45 R18,18,2,4,428.522112186,827.6560199999999,-15.905197248,-79.54050999999998,412.616914938,748.1155099999999,210.7904534362,416.2884,170.2547891121,347.63525061450605
2025,03,BSNZ,AT,REP,PSR2,BSJ,PSR17427,"",089V 205/50 R17,17,0,,0,,0,,0,,0,,0,
2025,03,BSNZ,AT,REP,PSR2,BSJ,PSR17427,3,089V 205/50 R17,17,2,6,242.787877962,754.1469099999999,-7.4285412289999995,-83.64868999999999,235.35933673300002,670.50391,127.6473,450.826068,119.1352328296,311.504109887988
2025,03,BSNZ,AT,REP,PSR2,BSJ,PSR17479,3,098W 255/40 R17,17,,0,,0,,0,,0,,0,,0
2025,03,BSNZ,AT,REP,PSR2,BSJ,PSR17480,3,092W 225/40 R18,18,4,,788.276101816,,-23.139202321,,765.136899494,,278.836124171,,367.2819317155,
2025,03,BSNZ,AT,REP,PSR2,BSJ,PSR17481,3,095W 235/40 R18,18,1022,4,120597.533097888,881.8191299999999,-3555.6395547800003,-46.94819,117041.89354310799,834.86525,89115.2086561506,458.719624,55978.0191665267,388.1894062975335
2025,03,BSNZ,AT,REP,PSR2,BSJ,PSR17482,3,094W 255/35 R18,18,2,,355.934779186,,-10.448175265,,345.486603921,,200.2499922698,,165.8408937713,
2025,03,BSNZ,AT,REP,PSR2,BSJ,PSR17483,"",097W 265/35 R18,18,0,,0,,0,,0,,0,,0,
2025,03,BSNZ,AT,REP,PSR2,BSJ,PSR17483,3,097W 265/35 R18,18,13,5,4527.043029929,1352.8657799999999,-132.88765744300002,-143.18316,4394.155372486,1209.6826199999998,1526.190706007,664.30364,2109.2877294635,562.0388925055922
2025,03,BSNZ,AT,REP,PSR2,BSJ,PSR17522,3,089W 215/40 R18,18,2,,344.689326212,,-10.118074161,,334.571252051,,153.376434189,,160.6012934816,
2025,03,BSNZ,AT,REP,PSR2,BSJ,PSR17529,3,103W 285/35 R19,19,,0,,0,,0,,0,,0,,0
2025,03,BSNZ,AT,REP,PSR2,BSJ,PSR17538,3,097W 245/40 R18,18,0,,0,,-0.441099,,-0.441099,,0,,-5.980006,
2025,03,BSNZ,AT,REP,PSR2,BSJ,PSR17542,3,100W 285/35 R20,20,,0,,0,,0,,0,,0,,0
2025,03,BSNZ,AT,REP,PSR2,BSJ,PSR17614,3,101V 235/55 R19,19,,0,,0,,0,,0,,0,,0
2025,03,BSNZ,AT,REP,PSR2,BSJ,PSR17622,3,103H 235/60 R18,18,0,4,0,525.2780399999999,-0.221601,-46.26539,-0.221601,479.01264999999995,0,270.835364,-3.004264,222.28789044442226
2025,03,BSNZ,AT,REP,PSR2,BSJ,PSR17627,"",094W 235/45 R18,18,0,,0,,0,,0,,0,,0,
2025,03,BSNZ,AT,REP,PSR2,BSJ,PSR17627,3,094W 235/45 R18,18,0,,0,,-0.28903,,-0.28903,,0,,-4.140965,
2025,03,BSNZ,AT,REP,PSR2,BSJ,PSR17633,"",101V 235/55 R19,19,0,,0,,0,,0,,0,,0,
2025,03,BSNZ,AT,REP,PSR2,BSJ,PSR17633,3,101V 235/55 R19,19,2,4,415.774659783,797.5217799999999,-12.608817175,-71.69968999999999,403.165842608,725.8220899999999,189.23176,405.226416,188.2438343169,336.8641587841177
2025,03,BSNZ,AT,REP,PSR2,BSJ,PSR17679,3,104Y 265/45 R20,20,0,2,0,543.23568,-1.130989,-57.49176,-1.130989,485.74391999999995,0,307.64601999999996,-15.332888,225.68344187253598
2025,03,BSNZ,AT,REP,PSR2,BSJ,PSR17711,"",098Y 245/40 R19,19,0,,0,,0,,0,,0,,0,
2025,03,BSNZ,AT,REP,PSR2,BSJ,PSR17711,3,098Y 245/40 R19,19,2,4,614.569030306,1245.8937799999999,-21.422138854000004,-120.35488,593.146891452,1125.5388999999998,306.805877367,604.2142719999999,264.0649473324,523.805001635816
2025,03,BSNZ,AT,REP,PSR2,BSJ,PSR17733,"",098W 245/40 R19,19,0,,0,,0,,0,,0,,0,
2025,03,BSNZ,AT,REP,PSR2,BSJ,PSR17733,3,098W 245/40 R19,19,5,6,1333.3734708,1742.8356199999998,-40.487411194,-169.89770999999996,1292.8860596060001,1572.9379099999999,695.4048449738,857.60937,658.7396812543,730.9949321186156
2025,03,BSNZ,AT,REP,PSR2,BSJ,PSR17886,"",100Y 275/35 R19,19,0,,0,,0,,0,,0,,0,
2025,03,BSNZ,AT,REP,PSR2,BSJ,PSR17886,3,100Y 275/35 R19,19,0,2,0,748.6731299999999,-0.762863,-79.23893999999999,-0.762863,669.4398799999999,0,394.084888,-10.929605,311.02932102318897
2025,03,BSNZ,AT,REP,PSR2,BSMX,PSR0M045,3,115S 275/60 R20,20,4,2,953.23919152,495.50795999999997,-27.981559332,-47.57978,925.257632187,447.92818,529.9559464,263.198896,444.1432777702,208.14701189684396
2025,03,BSNZ,AT,REP,PSR2,BSWX,PSR0W804,"",098V 235/45 R18,18,0,,0,,0,,0,,0,,0,
2025,03,BSNZ,AT,REP,PSR2,BSWX,PSR0W804,3,098V 235/45 R18,18,17,,3174.5009195760003,,-96.23416626000001,,3078.266753316,,660.6431033978,,1798.7100558028,
2025,03,BSNZ,AT,REP,PSR2,BSWX,PSR0W815,"",098W 235/45 R18,18,0,,0,,0,,0,,0,,0,
2025,03,BSNZ,AT,REP,PSR2,BSWX,PSR0W815,3,098W 235/45 R18,18,45,,9253.126110585,,-280.323886856,,8972.802223728,,118.7539359966,,5245.746976873301,
2025,03,BSNZ,AT,REP,PSR2,BTMV,PSR0V168,"",091W 215/45 R17,17,0,,0,,0,,0,,0,,0,
2025,03,BSNZ,AT,REP,PSR2,BTMV,PSR0V168,3,091W 215/45 R17,17,19,31,2059.391975466,2680.87764,-65.49988314699999,-359.24384,1993.8920923179999,2321.6337999999996,869.889998527,1639.8185320000002,1429.1771877066,1323.467335217515
2025,03,BSNZ,AT,REP,PSR2,BTMV,PSR0V169,"",092W 225/40 R18,18,0,,0,,0,,0,,0,,0,
2025,03,BSNZ,AT,REP,PSR2,BTMV,PSR0V169,3,092W 225/40 R18,18,31,43,4276.153288875999,4467.953009999999,-136.6423713,-575.7881699999999,4139.510917575,3892.1648399999995,1514.147443303,2349.327618,2958.3566275042,2215.4788675150435
2025,03,BSNZ,AT,REP,PSR2,BTMV,PSR0V186,"",094W 225/45 R17,17,0,,0,,0,,0,,0,,0,
2025,03,BSNZ,AT,REP,PSR2,BTMV,PSR0V186,3,094W 225/45 R17,17,26,85,2621.759546063,7819.949079999999,-90.344817548,-1037.1276799999998,2531.414728514,6782.82709,1185.8950473084,4697.89628,1719.8011181368,3864.872091700569
2025,03,BSNZ,AT,REP,PSR2,BTMV,PSR0V187,"",097W 235/45 R17,17,0,,0,,0,,0,,0,,0,
2025,03,BSNZ,AT,REP,PSR2,BTMV,PSR0V187,3,097W 235/45 R17,17,21,18,1875.907948565,1642.95336,-61.491558770000005,-224.65826999999996,1814.416389795,1418.2950899999998,1043.356343909,1029.7275120000002,1275.7229638510998,809.3941448365103
2025,03,BSNZ,AT,REP,PSR2,BTMV,PSR0V193,"",095W 215/50 R17,17,0,,0,,0,,0,,0,,0,
2025,03,BSNZ,AT,REP,PSR2,BTMV,PSR0V193,3,095W 215/50 R17,17,46,37,5782.748054419,5507.641189999999,-209.16394399100002,-718.80063,5573.584110426,4788.84056,2142.9431295557997,2085.022742,3650.3986261956,2717.5565614618545
2025,03,BSNZ,AT,REP,PSR2,BTMV,PSR0V23S,"",095V 215/50 R17,17,0,,0,,0,,0,,0,,0,
2025,03,BSNZ,AT,REP,PSR2,BTMV,PSR0V23S,3,095V 215/50 R17,17,0,,0,,-0.04425699999999999,,-0.04425699999999999,,0,,-0.6340840000000001,
2025,03,BSNZ,AT,REP,PSR2,BTMV,PSR0V256,"",098V 215/55 R17,17,0,,0,,0,,0,,0,,0,
2025,03,BSNZ,AT,REP,PSR2,BTMV,PSR0V256,3,098V 215/55 R17,17,135,81,15273.776357091003,8130.367029999999,-478.07130046099996,-1033.66247,14795.705056629002,7096.698869999999,7930.0836088584,4891.066092,10709.574621955502,4023.9591228474455
2025,03,BSNZ,AT,REP,PSR2,BTMV,PSR0V268,"",095W 235/40 R18,18,0,,0,,0,,0,,0,,0,
2025,03,BSNZ,AT,REP,PSR2,BTMV,PSR0V268,3,095W 235/40 R18,18,15,37,2310.9070843110003,4688.41206,-70.26374847700001,-607.94805,2240.643335833,4080.4640099999997,813.614025323,2165.632348,1650.1829842198,2325.041313797513
2025,03,BSNZ,AT,REP,PSR2,BTMV,PSR0V276,3,081W 195/45 R17,17,,0,,0,,0,,0,,0,,0
2025,03,BSNZ,AT,REP,PSR2,BTMV,PSR0V277,3,096W 225/45 R19,19,,0,,0,,0,,0,,0,,0
2025,03,BSNZ,AT,REP,PSR2,BTMV,PSR0V48D,"",094W 215/55 R17,17,0,,0,,0,,0,,0,,0,
2025,03,BSNZ,AT,REP,PSR2,BTMV,PSR0V48D,3,094W 215/55 R17,17,19,,1181.649193907,,-67.54307949899999,,1114.1061144080002,,875.0772426,,390.3399629372999,
2025,03,BSNZ,AT,REP,PSR2,BTMV,PSR0V49D,"",093W 205/50 R17,17,0,,0,,0,,0,,0,,0,
2025,03,BSNZ,AT,REP,PSR2,BTMV,PSR0V49D,3,093W 205/50 R17,17,89,,4879.426613439,,-162.38579394500002,,4717.04081949,,4263.9478407000015,,3282.409014220001,
2025,03,BSNZ,AT,REP,PSR2,BTMV,PSR0V50D,"",091W 215/45 R17,17,0,,0,,0,,0,,0,,0,
2025,03,BSNZ,AT,REP,PSR2,BTMV,PSR0V50D,3,091W 215/45 R17,17,500,,23415.517812113,,-729.7354739140001,,22685.782338193,,21282.923908800003,,16459.8019773918,
2025,03,BSNZ,AT,REP,PSR2,BTMV,PSR0V51D,"",094W 225/45 R17,17,0,,0,,0,,0,,0,,0,
2025,03,BSNZ,AT,REP,PSR2,BTMV,PSR0V51D,3,094W 225/45 R17,17,134,,7816.533452258998,,-249.589372697,,7566.94407956,,5973.4123688,,5409.8313896082,
2025,03,BSNZ,AT,REP,PSR2,BTMV,PSR0V52D,"",093W 215/45 R18,18,0,,0,,0,,0,,0,,0,
2025,03,BSNZ,AT,REP,PSR2,BTMV,PSR0V52D,3,093W 215/45 R18,18,47,36,3282.817971335,2672.2743599999994,-101.430320054,-11.766919999999999,3181.387651281,2660.51313,2120.5010322518,1792.0750320000002,2320.9033675083,1507.063490854811
2025,03,BSNZ,AT,REP,PSR2,TBSC,PSR0L18S,"",093W 205/50 R17,17,0,,0,,0,,0,,0,,0,
2025,03,BSNZ,AT,REP,PSR2,TBSC,PSR0L18S,3,093W 205/50 R17,17,37,51,2756.325294163,4285.96974,-87.34575511,-52.81457999999999,2668.9795390509994,4233.160849999999,1297.6285008236,1792.797798,1428.9915656569997,2196.5202920068787
2025,03,BSNZ,AT,REP,PSR2,TBSC,PSR0L19S,"",091W 215/45 R17,17,0,,0,,0,,0,,0,,0,
2025,03,BSNZ,AT,REP,PSR2,TBSC,PSR0L19S,3,091W 215/45 R17,17,147,213,8577.751229789,12883.309379999999,-263.13902758,-220.31679999999997,8314.612202206998,12662.98689,5006.346378725997,7178.5677479999995,4571.483592305999,6572.809569913734
2025,03,BSNZ,AT,REP,PSR2,TBSC,PSR0L20S,"",093W 215/45 R18,18,0,,0,,0,,0,,0,,0,
2025,03,BSNZ,AT,REP,PSR2,TBSC,PSR0L20S,3,093W 215/45 R18,18,19,68,1949.1318166390001,8004.066099999999,-61.61706633199999,-44.93393,1887.5147503060002,7959.13217,684.9175563362,2439.8264000000004,1012.6961540241,4131.712468746996
2025,03,BSNZ,AT,REP,PSR2,TBSC,PSR0L21S,"",095W 215/50 R17,17,0,,0,,0,,0,,0,,0,
2025,03,BSNZ,AT,REP,PSR2,TBSC,PSR0L21S,3,095W 215/50 R17,17,99,108,7421.0497438699995,9648.771979999998,-231.246480703,-95.59768999999999,7189.803263167,9553.174289999999,3710.3959565023997,3867.75972,3903.4388311748,4959.042874695962
2025,03,BSNZ,AT,REP,PSR2,TBSC,PSR0L229,3,094W 235/45 R18,18,,2,,216.08912999999998,,-22.868109999999998,,193.21532999999997,,184.36796037999997,,100.19385214875376
2025,03,BSNZ,AT,REP,PSR2,TBSC,PSR0L23S,"",092W 225/40 R18,18,0,,0,,0,,0,,0,,0,
2025,03,BSNZ,AT,REP,PSR2,TBSC,PSR0L23S,3,092W 225/40 R18,18,11,5,919.4581634699999,380.23425,-28.185973795000002,-12.796809999999997,891.2721896749999,367.43744,390.54839816080005,177.79113,490.33428169599995,190.71427458986136
2025,03,BSNZ,AT,REP,PSR2,TBSC,PSR0L24S,"",094W 225/45 R17,17,0,,0,,0,,0,,0,,0,
2025,03,BSNZ,AT,REP,PSR2,TBSC,PSR0L24S,3,094W 225/45 R17,17,133,87,8489.758631270004,6065.437579999999,-258.955384323,-97.48676999999999,8230.803246944,5967.950809999999,4774.501576239999,3143.4023939999997,4545.910725769701,3097.943801834915
2025,03,BSNZ,AT,REP,PSR2,TBSC,PSR0L25S,"",095W 225/45 R18,18,0,,0,,0,,0,,0,,0,
2025,03,BSNZ,AT,REP,PSR2,TBSC,PSR0L25S,3,095W 225/45 R18,18,42,59,3833.934505317,5369.027099999999,-119.57567623099999,-73.87327,3714.3588290860002,5295.159519999999,1603.9915672286,2235.747888,2015.1956010248,2748.2968635629604
2025,03,BSNZ,AT,REP,PSR2,TBSC,PSR0L26S,"",096W 225/45 R19,19,0,,0,,0,,0,,0,,0,
2025,03,BSNZ,AT,REP,PSR2,TBSC,PSR0L26S,3,096W 225/45 R19,19,24,7,3379.649473557,1157.31755,-109.79615067900001,-17.59348,3269.8533228779997,1139.72407,901.6599815784,266.46697,1713.4528105819,591.6892412224821
2025,03,BSNZ,AT,REP,PSR2,TBSC,PSR0L27S,"",098W 225/50 R17,17,0,,0,,0,,0,,0,,0,
2025,03,BSNZ,AT,REP,PSR2,TBSC,PSR0L27S,3,098W 225/50 R17,17,18,31,1817.7989966779999,2867.81121,-57.020840017000005,-43.528499999999994,1760.7781566600001,2824.28271,656.9525453194,1119.902652,950.8155339632,1466.2366877434188
2025,03,BSNZ,AT,REP,PSR2,TBSC,PSR0L28S,"",099W 225/50 R18,18,0,,0,,0,,0,,0,,0,
2025,03,BSNZ,AT,REP,PSR2,TBSC,PSR0L28S,3,099W 225/50 R18,18,9,16,1038.590727846,1259.1230299999997,-40.259424059,-37.07603999999999,998.331303786,1222.0469899999998,336.81419651880003,617.2566400000001,433.19613416680005,634.3241565880378
2025,03,BSNZ,AT,REP,PSR2,TBSC,PSR0L29S,"",091W 235/35 R19,19,0,,0,,0,,0,,0,,0,
2025,03,BSNZ,AT,REP,PSR2,TBSC,PSR0L29S,3,091W 235/35 R19,19,0,9,0,824.55497,-0.080905,-8.27895,-0.080905,816.2760199999999,0,336.8772,-1.159139,423.7942102095567
2025,03,BSNZ,AT,REP,PSR2,TBSC,PSR0L30S,"",095W 235/40 R18,18,0,,0,,0,,0,,0,,0,
2025,03,BSNZ,AT,REP,PSR2,TBSC,PSR0L30S,3,095W 235/40 R18,18,65,7,4236.69928157,626.56573,-126.327835603,-7.94893,4110.371445967001,618.6168,2491.770678364,270.057018,2310.2063880912,321.16481308426864
2025,03,BSNZ,AT,REP,PSR2,TBSC,PSR0L31S,"",097W 235/45 R17,17,0,,0,,0,,0,,0,,0,
2025,03,BSNZ,AT,REP,PSR2,TBSC,PSR0L31S,3,097W 235/45 R17,17,42,91,3364.406133627,7459.436369999999,-102.35474779,-118.83564999999999,3262.051385831,7340.600719999999,1576.9161335025997,3371.293926,1805.3556661284001,3811.300590508626
2025,03,BSNZ,AT,REP,PSR2,TBSC,PSR0L32S,"",098W 235/45 R18,18,0,,0,,0,,0,,0,,0,
2025,03,BSNZ,AT,REP,PSR2,TBSC,PSR0L32S,3,098W 235/45 R18,18,60,18,5187.693849407999,1594.5712899999999,-158.17308906700003,-30.304939999999995,5029.520760338999,1564.2606599999997,2391.974684329999,716.00364,2778.7127473128,810.7743277195422
2025,03,BSNZ,AT,REP,PSR2,TBSC,PSR0L33S,"",099W 235/45 R19,19,0,,0,,0,,0,,0,,0,
2025,03,BSNZ,AT,REP,PSR2,TBSC,PSR0L33S,3,099W 235/45 R19,19,23,8,3557.5777776630002,1207.54318,-106.901143,-10.21924,3450.676634661,1197.32394,892.3350528642002,322.252304,1928.080667309,621.6406162256283
2025,03,BSNZ,AT,REP,PSR2,TBSC,PSR0L34S,"",101W 235/50 R18,18,0,,0,,0,,0,,0,,0,
2025,03,BSNZ,AT,REP,PSR2,TBSC,PSR0L34S,3,101W 235/50 R18,18,5,56,554.997164477,5981.549909999999,-25.235651398,-69.58301,529.761513078,5911.966899999999,198.7977554002,2292.593072,178.16246264619997,3067.719905914146
2025,03,BSNZ,AT,REP,PSR2,TBSC,PSR0L35D,3,,"",0,,0,,-0.0036579999999999946,,-0.0036579999999999946,,0,,-0.05241100000000021,
2025,03,BSNZ,AT,REP,PSR2,TBSC,PSR0L35S,"",097W 245/40 R18,18,0,,0,,0,,0,,0,,0,
2025,03,BSNZ,AT,REP,PSR2,TBSC,PSR0L35S,3,097W 245/40 R18,18,36,38,2598.883368886,3542.62814,-79.3752104,-48.63812,2519.5081584860004,3493.9900199999997,1362.3406937007999,1489.5204279999998,1390.1188087719001,1814.1998855835154
2025,03,BSNZ,AT,REP,PSR2,TBSC,PSR0L36D,"",095W 235/40 R18,18,0,,0,,0,,0,,0,,0,
2025,03,BSNZ,AT,REP,PSR2,TBSC,PSR0L36D,3,095W 235/40 R18,18,0,181,0,10700.92695,-2.050705,-137.23141999999999,-2.050705,10563.695529999999,0,6420.505123999999,-29.380648,5483.685288194802
2025,03,BSNZ,AT,REP,PSR2,TBSC,PSR0L36S,"",099W 245/45 R17,17,0,,0,,0,,0,,0,,0,
2025,03,BSNZ,AT,REP,PSR2,TBSC,PSR0L36S,3,099W 245/45 R17,17,26,32,1882.390555766,2887.6294799999996,-58.777243133,-82.58465999999999,1823.613312633,2805.03913,1019.8169336476001,1201.888512,988.4856134872,1457.849826487799
2025,03,BSNZ,AT,REP,PSR2,TBSC,PSR0L37D,"",095W 215/50 R17,17,0,,0,,0,,0,,0,,0,
2025,03,BSNZ,AT,REP,PSR2,TBSC,PSR0L37D,3,095W 215/50 R17,17,199,294,12854.54663738,18829.808889999997,-402.0726028939999,-295.64101999999997,12452.47403448,18534.167869999997,7183.623255454797,10221.257507999999,6739.4722755727,9620.121475467064
2025,03,BSNZ,AT,REP,PSR2,TBSC,PSR0L37S,"",100W 245/45 R18,18,0,,0,,0,,0,,0,,0,
2025,03,BSNZ,AT,REP,PSR2,TBSC,PSR0L37S,3,100W 245/45 R18,18,60,50,6131.965713481999,5677.516139999999,-183.51201665600001,-75.55751,5948.453696825999,5601.95863,2496.1216337287997,2025.4508999999998,3333.9694907741,2909.0358366356295
2025,03,BSNZ,AT,REP,PSR2,TBSC,PSR0L39D,"",098W 225/50 R17,17,0,,0,,0,,0,,0,,0,
2025,03,BSNZ,AT,REP,PSR2,TBSC,PSR0L39D,3,098W 225/50 R17,17,73,79,4731.767227194,5533.12101,-144.909156115,-72.50767,4586.858071078001,5460.61334,2607.0617485726,2873.8768520000003,2525.3581950349003,2833.860028835259
2025,03,BSNZ,AT,REP,PSR2,TBSC,PSR0L40D,"",099W 245/45 R17,17,0,,0,,0,,0,,0,,0,
2025,03,BSNZ,AT,REP,PSR2,TBSC,PSR0L40D,3,099W 245/45 R17,17,12,27,873.610887219,2030.9715299999998,-27.604591701,-15.96045,846.006295518,2015.01108,434.0453328728,971.4068100000001,454.05009267950004,1046.1854678874008
2025,03,BSNZ,AT,REP,PSR2,TBSC,PSR0L41D,"",084W 205/40 R17,17,0,,0,,0,,0,,0,,0,
2025,03,BSNZ,AT,REP,PSR2,TBSC,PSR0L41D,3,084W 205/40 R17,17,114,176,5639.265231642001,8316.81126,-174.28415122100003,-195.28079999999997,5464.981080418999,8121.530459999999,3466.4297277368014,5665.889856,2986.9382466723,4214.780738536069
2025,03,BSNZ,AT,REP,PSR2,TBSC,PSR0L44D,"",098W 235/45 R18,18,0,,0,,0,,0,,0,,0,
2025,03,BSNZ,AT,REP,PSR2,TBSC,PSR0L44D,3,098W 235/45 R18,18,31,75,2146.507942348,5493.47878,-67.969052491,-41.332159999999995,2078.538889857,5452.1466199999995,1132.1661805894,2842.9054499999997,1113.6305540295,2829.8910401219646
2025,03,BSNZ,AT,REP,PSR2,TBSC,PSR0L45D,"",097W 235/45 R17,17,0,,0,,0,,0,,0,,0,
2025,03,BSNZ,AT,REP,PSR2,TBSC,PSR0L45D,3,097W 235/45 R17,17,100,217,5958.604827713999,11778.24879,-187.74802565999997,-224.32255999999998,5770.856802052001,11553.926229999997,3291.3364704176006,7775.146456,3104.4761785419996,5997.566600328313
2025,03,BSNZ,AT,REP,PSR2,TBSC,PSR0L50D,"",100W 245/45 R18,18,0,,0,,0,,0,,0,,0,
2025,03,BSNZ,AT,REP,PSR2,TBSC,PSR0L50D,3,100W 245/45 R18,18,59,123,4626.258746858,9988.86897,-148.86302318499997,-131.42762,4477.395723672,9857.44135,2276.514985989201,4637.182902,2366.0335821170997,5116.707327340262
2025,03,BSNZ,AT,REP,PSR2,TBSC,PSR0L765,"",100V 245/45 R18,18,0,,0,,0,,0,,0,,0,
2025,03,BSNZ,AT,REP,PSR2,TBSC,PSR0L765,3,100V 245/45 R18,18,17,20,4248.028489159,4242.429859999999,-130.023882041,-478.69400999999993,4118.004607118,3763.7358499999996,742.7203991463,870.3541,2268.1517091469004,1951.5435495560682
2025,03,BSNZ,AT,REP,PSR2,TBSC,PSR0L86D,"",100W 275/35 R19,19,0,,0,,0,,0,,0,,0,
2025,03,BSNZ,AT,REP,PSR2,TBSC,PSR0L86D,3,100W 275/35 R19,19,0,1,0,164.61739,-0.29284,0,-0.29284,164.61739,0,43.281172,-4.195548,85.8704557824777
2025,03,BSNZ,AT,REP,PSR2,TBSC,PSR0L87D,"",097W 255/35 R20,20,0,,0,,0,,0,,0,,0,
2025,03,BSNZ,AT,REP,PSR2,TBSC,PSR0L87D,3,097W 255/35 R20,20,2,9,262.436710641,1504.2425399999997,-8.101257687999999,0,254.335452953,1504.2425399999997,73.404614382,349.31932199999994,139.14774706030002,781.0643820825585
2025,03,BSNZ,AT,REP,PSR2,TBSC,PSR0L88D,"",105W 275/40 R19,19,0,,0,,0,,0,,0,,0,
2025,03,BSNZ,AT,REP,PSR2,TBSC,PSR0L88D,3,105W 275/40 R19,19,0,1,0,203.30938999999998,-0.352176,0,-0.352176,203.30938999999998,0,41.44789,-5.045655,105.56418592387787
2025,03,BSNZ,AT,REP,PSR2,TBSC,PSR0L90D,3,081W 195/45 R17,17,,4,,220.52732999999998,,-2.9360399999999998,,217.59129,,121.110352,,112.96620013783587
2025,03,BSNZ,AT,REP,PSR2,TBSC,PSR0L91D,"",100W 235/50 R17,17,0,,0,,0,,0,,0,,0,
2025,03,BSNZ,AT,REP,PSR2,TBSC,PSR0L91D,3,100W 235/50 R17,17,0,,0,,-0.345888,,-0.345888,,0,,-4.955567,
2025,03,BSNZ,AT,REP,PSR2,TBSC,PSR0LA03,3,091V 215/50 R17,17,,7,,874.4221299999999,,-64.67254,,809.7495899999999,,228.607687,,419.1091009930588
2025,03,BSNZ,AT,REP,PSR2,TBSC,PSR0LA5D,"",101W 225/55 R17,17,0,,0,,0,,0,,0,,0,
2025,03,BSNZ,AT,REP,PSR2,TBSC,PSR0LA5D,3,101W 225/55 R17,17,2,127,127.552695004,7621.544469999999,-5.196817374,-103.45557999999998,122.35587763,7518.088889999999,73.1192672958,4837.361166,49.5875566093,3901.9219590528473
2025,03,BSNZ,AT,REP,PSR2,TBSC,PSR0LA6D,"",104W 265/40 R20,20,0,,0,,0,,0,,0,,0,
2025,03,BSNZ,AT,REP,PSR2,TBSC,PSR0LA6D,3,104W 265/40 R20,20,0,,0,,-1.197896,,-1.197896,,0,,-17.162368999999998,
2025,03,BSNZ,AT,REP,PSR2,TBSC,PSR0LB1F,"",094V 215/55 R17,17,0,,0,,0,,0,,0,,0,
2025,03,BSNZ,AT,REP,PSR2,TBSC,PSR0LB1F,3,094V 215/55 R17,17,232,229,22584.007578034005,24207.88309,-690.382413577,-1126.20463,21893.625164456997,23081.678459999996,8712.966315917602,8496.828824,12070.4476625039,11980.085227913913
2025,03,BSNZ,AT,REP,PSR2,TBSC,PSR0LB33,"",094V 215/55 R17,17,0,,0,,0,,0,,0,,0,
2025,03,BSNZ,AT,REP,PSR2,TBSC,PSR0LB33,3,094V 215/55 R17,17,8,14,863.208564036,1784.4636599999997,-26.65624266,-205.84712999999996,836.552321375,1578.6165299999998,313.8684776238,552.867392,457.5491205864,818.507210799947
2025,03,BSNZ,AT,REP,PSR2,TBSC,PSR0LB54,"",095W 225/45 R18,18,0,,0,,0,,0,,0,,0,
2025,03,BSNZ,AT,REP,PSR2,TBSC,PSR0LB54,3,095W 225/45 R18,18,104,43,12784.555697444997,5648.758879999999,-391.804332551,-600.0389499999999,12392.751364893,5048.719929999999,3927.0314861007987,1637.135302,6819.0695652708,2615.9039655108745
2025,03,BSNZ,AT,REP,PSR2,TBSC,PSR0LB5F,"",097V 225/55 R17,17,0,,0,,0,,0,,0,,0,
2025,03,BSNZ,AT,REP,PSR2,TBSC,PSR0LB5F,3,097V 225/55 R17,17,168,93,11869.754290568999,8060.7328099999995,-359.895690351,-210.23980999999998,11509.858600216001,7850.4929999999995,6599.789951994802,3575.30316,6386.6732004082,4076.3897358955614
2025,03,BSNZ,AT,REP,PSR2,TBSC,PSR0LBGF,"",095W 215/50 R17,17,0,,0,,0,,0,,0,,0,
2025,03,BSNZ,AT,REP,PSR2,TBSC,PSR0LBGF,3,095W 215/50 R17,17,45,80,3955.6299609119988,8475.46553,-126.98617168299998,-409.89621999999997,3828.6437892290005,8065.569309999999,1793.663845897,3167.7624000000005,2027.3169046479002,4193.264554574205
2025,03,BSNZ,AT,REP,PSR2,TBSC,PSR0LBHF,"",098W 225/50 R17,17,0,,0,,0,,0,,0,,0,
2025,03,BSNZ,AT,REP,PSR2,TBSC,PSR0LBHF,3,098W 225/50 R17,17,10,34,1496.3543679490003,4745.061699999999,-46.018436558,-259.59487,1450.335931391,4485.466829999999,426.64645167539993,1387.0096680000001,795.8685967752,2328.7831124671684
2025,03,BSNZ,AT,REP,PSR2,TBSC,PSR0LC49,"",093V 205/50 R17,17,0,,0,,0,,0,,0,,0,
2025,03,BSNZ,AT,REP,PSR2,TBSC,PSR0LC49,3,093V 205/50 R17,17,14,56,1704.6074263260002,7099.13419,-53.696430767,-707.62547,1650.910995559,6391.508719999999,503.085137324,1967.925344,888.3330760000999,3304.3390240989875
2025,03,BSNZ,AT,REP,PSR2,TBSC,PSR0LC56,"",091W 215/45 R17,17,0,,0,,0,,0,,0,,0,
2025,03,BSNZ,AT,REP,PSR2,TBSC,PSR0LC56,3,091W 215/45 R17,17,13,14,1210.3602759290002,1454.52332,-46.52884308400001,-141.61840999999998,1163.831432845,1312.9049099999997,466.7880946454,499.17590799999994,510.4117740682,681.8103565436079
2025,03,BSNZ,AT,REP,PSR2,TBSC,PSR0LD16,"",094V 215/55 R17,17,0,,0,,0,,0,,0,,0,
2025,03,BSNZ,AT,REP,PSR2,TBSC,PSR0LD16,3,094V 215/55 R17,17,196,133,24832.305295811995,17009.58927,-778.787096127,-1721.7314099999999,24053.518199683,15287.857859999998,7139.8963141638005,4860.440046000001,12989.554357090798,7913.262959696049
2025,03,BSNZ,AT,REP,PSR2,TBSC,PSR0LD17,"",097V 225/55 R17,17,0,,0,,0,,0,,0,,0,
2025,03,BSNZ,AT,REP,PSR2,TBSC,PSR0LD17,3,097V 225/55 R17,17,53,34,5529.652775171,3718.3012,-176.962466855,-412.64448999999996,5352.690308315,3305.6567099999997,1985.8825100421998,1280.311208,2841.8446500148,1710.3976986202501
2025,03,BSNZ,AT,REP,PSR2,TBSC,PSR0LD18,"",091V 215/50 R17,17,0,,0,,0,,0,,0,,0,
2025,03,BSNZ,AT,REP,PSR2,TBSC,PSR0LD18,3,091V 215/50 R17,17,222,89,23486.809740401,10714.958489999999,-695.8893432889998,-939.37348,22790.920397111004,9775.585009999999,7874.725063218198,3110.7548779999997,12870.151691070398,5057.379367132294
2025,03,BSNZ,AT,REP,PSR2,TBSC,PSR0LD19,"",094V 225/50 R17,17,0,,0,,0,,0,,0,,0,
2025,03,BSNZ,AT,REP,PSR2,TBSC,PSR0LD19,3,094V 225/50 R17,17,4,5,741.6136139790001,863.3380099999999,-22.230568033,-119.42172,719.3830459449999,743.91629,150.3731249394,185.57715000000002,402.70715511080004,391.76423985541174
2025,03,BSNZ,AT,REP,PSR2,TBSC,PSR0LDRF,"",092W 215/50 R18,18,0,,0,,0,,0,,0,,0,
2025,03,BSNZ,AT,REP,PSR2,TBSC,PSR0LDRF,3,092W 215/50 R18,18,24,3,3222.162879152,438.82986999999997,-103.822225845,-9.667309999999999,3118.3406533059997,429.16256,836.8344276621999,103.68745200000001,1645.9679967806999,222.78283714484803
2025,03,BSNZ,AT,REP,PSR2,TBSC,PSR0LESF,"",088W 205/45 R17,17,0,,0,,0,,0,,0,,0,
2025,03,BSNZ,AT,REP,PSR2,TBSC,PSR0LESF,3,088W 205/45 R17,17,33,97,3350.2516036919997,8427.202949999999,-111.115875711,-192.12854,3239.1357279810004,8235.06872,1131.1195705458,3225.383084,1665.9486917212998,4277.728705542172
2025,03,BSNZ,AT,REP,PSR2,TBSC,PSR0LETF,"",093W 205/50 R17,17,0,,0,,0,,0,,0,,0,
2025,03,BSNZ,AT,REP,PSR2,TBSC,PSR0LETF,3,093W 205/50 R17,17,104,124,9476.265155867997,11462.294469999999,-290.34425066600005,-488.5092599999999,9185.920905202,10973.78521,3603.5884491046004,4344.727376000001,5055.488794121799,5692.719303775829
2025,03,BSNZ,AT,REP,PSR2,TBSC,PSR0LEUF,"",091W 215/45 R17,17,0,,0,,0,,0,,0,,0,
2025,03,BSNZ,AT,REP,PSR2,TBSC,PSR0LEUF,3,091W 215/45 R17,17,43,98,3766.478538396,8301.57344,-120.84815089599999,-255.87929999999997,3645.6303875,8045.694139999999,1275.8303800638,3341.1187040000004,1931.2471559907,4175.723551458926
2025,03,BSNZ,AT,REP,PSR2,TBSC,PSR0LEVF,"",094W 225/45 R17,17,0,,0,,0,,0,,0,,0,
2025,03,BSNZ,AT,REP,PSR2,TBSC,PSR0LEVF,3,094W 225/45 R17,17,76,150,6629.105189917,13728.831999999999,-204.569197543,-899.4239899999999,6424.535992368001,12829.40801,2678.1307204299997,5296.5099,3515.5703332776,6662.879373439569
2025,03,BSNZ,AT,REP,PSR2,TBSC,PSR0LEXF,"",093W 215/45 R18,18,0,,0,,0,,0,,0,,0,
2025,03,BSNZ,AT,REP,PSR2,TBSC,PSR0LEXF,3,093W 215/45 R18,18,9,13,1091.0211168360001,1578.5823899999998,-39.643792422,-109.64061,1051.377324414,1468.9417799999999,329.5633079155999,480.48428999999993,493.01902630829994,756.6632338182574
2025,03,BSNZ,AT,REP,PSR2,TBSC,PSR0LEYF,"",092W 225/40 R18,18,0,,0,,0,,0,,0,,0,
2025,03,BSNZ,AT,REP,PSR2,TBSC,PSR0LEYF,3,092W 225/40 R18,18,10,1,1124.802144886,114.55677,-34.42513496,-12.375749999999998,1090.377009926,102.17532999999999,356.77888390100003,35.827066,600.6387491119,52.98174652192983
2025,03,BSNZ,AT,REP,PSR2,TBSC,PSR0LEZF,"",095W 225/45 R18,18,0,,0,,0,,0,,0,,0,
2025,03,BSNZ,AT,REP,PSR2,TBSC,PSR0LEZF,3,095W 225/45 R18,18,26,88,2652.458404281,11408.518279999998,-89.34584246100002,-1148.21355,2563.112561819,10260.304729999998,997.8116465415999,3363.701264,1299.3273195255001,5330.41131596841
2025,03,BSNZ,AT,REP,PSR2,TBSC,PSR0LF80,"",093W 245/35 R19,19,0,,0,,0,,0,,0,,0,
2025,03,BSNZ,AT,REP,PSR2,TBSC,PSR0LF80,3,093W 245/35 R19,19,43,45,7232.529272786999,7496.96761,-225.592176673,-901.40411,7006.937096113,6595.557809999999,1853.3462513456002,1870.5060000000003,3801.3577484823,3426.020088687333
2025,03,BSNZ,AT,REP,PSR2,TBSC,PSR0LF81,"",098W 245/40 R19,19,0,,0,,0,,0,,0,,0,
2025,03,BSNZ,AT,REP,PSR2,TBSC,PSR0LF81,3,098W 245/40 R19,19,28,41,4490.593021481,7146.622929999999,-145.633589212,-691.92676,4344.959432269,6454.70186,1209.0148492025999,1766.049252,2280.4727479467,3343.211728003457
2025,03,BSNZ,AT,REP,PSR2,TBSC,PSR0LF82,"",091W 235/35 R19,19,0,,0,,0,,0,,0,,0,
2025,03,BSNZ,AT,REP,PSR2,TBSC,PSR0LF82,3,091W 235/35 R19,19,88,37,13085.251516218,6245.39521,-395.290506823,-600.7388199999999,12689.961009394,5644.656389999999,3568.5447290965985,1532.883286,7061.5937717335,2927.3766715446104
2025,03,BSNZ,AT,REP,PSR2,TBSC,PSR0LF88,"",093W 215/45 R18,18,0,,0,,0,,0,,0,,0,
2025,03,BSNZ,AT,REP,PSR2,TBSC,PSR0LF88,3,093W 215/45 R18,18,3,73,427.282543884,9670.76383,-18.252299731,-1378.0781699999998,409.030244153,8292.68566,117.83305446439999,2803.3259980000003,154.02255008219998,4341.929699514499
2025,03,BSNZ,AT,REP,PSR2,TBSC,PSR0LFAF,"",095W 235/40 R18,18,0,,0,,0,,0,,0,,0,
2025,03,BSNZ,AT,REP,PSR2,TBSC,PSR0LFAF,3,095W 235/40 R18,18,64,24,6753.475209551001,2758.87047,-202.558692889,-186.46129999999997,6550.916516661001,2572.40917,2369.8219992832005,887.91648,3665.4980595573006,1329.135764502357
2025,03,BSNZ,AT,REP,PSR2,TBSC,PSR0LFBF,"",098W 235/45 R18,18,0,,0,,0,,0,,0,,0,
2025,03,BSNZ,AT,REP,PSR2,TBSC,PSR0LFBF,3,098W 235/45 R18,18,2,22,275.575017914,3463.8273299999996,-12.947250987,-196.08877999999999,262.627766927,3267.7442399999995,79.134000627,842.995384,82.4955250926,1688.7699980714049
2025,03,BSNZ,AT,REP,PSR2,TBSC,PSR0LFCF,"",097W 245/40 R18,18,0,,0,,0,,0,,0,,0,
2025,03,BSNZ,AT,REP,PSR2,TBSC,PSR0LFCF,3,097W 245/40 R18,18,86,12,10015.276356162001,1616.0168999999999,-298.86835167000004,-5.8720799999999995,9716.408004491,1610.1391299999998,3509.6637083904,465.932808,5455.888038601499,836.0138038857345
2025,03,BSNZ,AT,REP,PSR2,TBSC,PSR0LFDF,"",100W 245/45 R18,18,0,,0,,0,,0,,0,,0,
2025,03,BSNZ,AT,REP,PSR2,TBSC,PSR0LFDF,3,100W 245/45 R18,18,12,57,1491.764615047,6813.348249999999,-51.90956610400001,-541.37505,1439.855048943,6271.973199999999,511.33502244219994,2277.894762,707.0024466084001,3247.893745920968
2025,03,BSNZ,AT,REP,PSR2,TBSC,PSR0LFEF,"",095W 245/35 R20,20,0,,0,,0,,0,,0,,0,
2025,03,BSNZ,AT,REP,PSR2,TBSC,PSR0LFEF,3,095W 245/35 R20,20,6,39,1025.162071241,6217.263849999999,-32.778022831,-118.04473999999999,992.3840484100001,6099.21342,246.95710013259998,1532.105718,527.3388239884,3167.2666318396164
2025,03,BSNZ,AT,REP,PSR2,TBSC,PSR0LFFF,3,097W 255/35 R20,20,,1,,217.68232999999998,,-6.833689999999999,,210.85432999999998,,41.19456,,109.44600030145091
2025,03,BSNZ,AT,REP,PSR2,TBSC,PSR0LFGF,3,102W 275/35 R20,20,,3,,504.68593,,-9.14383,,495.54209999999995,,134.54925,,257.760755296256
2025,03,BSNZ,AT,REP,PSR2,TBSC,PSR0LX33,"",094W 225/45 R17,17,0,,0,,0,,0,,0,,0,
2025,03,BSNZ,AT,REP,PSR2,TBSC,PSR0LX33,3,094W 225/45 R17,17,249,146,26798.349961039996,17004.957609999998,-818.657868966,-1671.44319,25979.69209207001,15333.51442,9261.968229718595,5427.1558,14331.168327399193,7946.1927692629015
2025,03,BSNZ,AT,REP,PSR2,TBSC,PSR0LX34,"",097W 245/40 R18,18,0,,0,,0,,0,,0,,0,
2025,03,BSNZ,AT,REP,PSR2,TBSC,PSR0LX34,3,097W 245/40 R18,18,56,57,8778.650632969,8456.06832,-272.70786459600004,-758.2550899999999,8505.942768371,7697.807539999999,2220.0860844954,2259.565044,4629.833246158099,3988.4786895699235
2025,03,BSNZ,AT,REP,PSR2,TBSC,PSR0LX35,"",091W 245/40 R17,17,0,,0,,0,,0,,0,,0,
2025,03,BSNZ,AT,REP,PSR2,TBSC,PSR0LX35,3,091W 245/40 R17,17,18,25,2970.5751829739997,4269.99222,-91.077214761,-455.3024199999999,2879.497968211,3814.6897999999997,659.3507351244,923.4653999999999,1583.9388262721,1973.4023225584563
2025,03,BSNZ,AT,REP,PSR2,TBSC,PSR0LX36,"",093W 205/50 R17,17,0,,0,,0,,0,,0,,0,
2025,03,BSNZ,AT,REP,PSR2,TBSC,PSR0LX36,3,093W 205/50 R17,17,46,27,5662.621601945,3604.7003499999996,-175.937350666,-368.74044999999995,5486.684251277,3235.9599,1522.8199943264,972.439776,2985.9719544064,1679.2119574581898
2025,03,BSNZ,AT,REP,PSR2,TBSC,PSR0LX38,"",091W 215/45 R17,17,0,,0,,0,,0,,0,,0,
2025,03,BSNZ,AT,REP,PSR2,TBSC,PSR0LX38,3,091W 215/45 R17,17,232,92,21660.769289607,9101.871939999999,-651.338121281,-991.56216,21009.431168313997,8110.30978,8259.651989164397,3243.4842879999997,11732.5045649848,4210.420362795063
2025,03,BSNZ,AT,REP,PSR2,TBSC,PSR0LX40,"",092W 225/40 R18,18,0,,0,,0,,0,,0,,0,
2025,03,BSNZ,AT,REP,PSR2,TBSC,PSR0LX40,3,092W 225/40 R18,18,193,111,28640.499216119002,17318.86922,-891.359966771,-1570.73588,27749.139249344,15748.127649999999,7193.529046594,4060.5893459999998,15079.8960403138,8153.0661616766365
2025,03,BSNZ,AT,REP,PSR2,TBSC,PSR0LX42,"",095W 235/40 R18,18,0,,0,,0,,0,,0,,0,
2025,03,BSNZ,AT,REP,PSR2,TBSC,PSR0LX42,3,095W 235/40 R18,18,31,39,4984.5777407509995,6580.1379099999995,-154.061279775,-821.1011399999999,4830.516460975,5759.03108,1201.3752866169998,1500.8530680000001,2640.067129741,2988.8793480405348
2025,03,BSNZ,AT,REP,PSR2,TBSC,PSR0LX43,"",094W 255/35 R18,18,0,,0,,0,,0,,0,,0,
2025,03,BSNZ,AT,REP,PSR2,TBSC,PSR0LX43,3,094W 255/35 R18,18,2,21,359.016949018,4087.08148,-11.614737847999999,-419.6375,347.40221117,3667.4439799999996,83.2997125136,856.72587,182.7324204066,1904.0720244115219
2025,03,BSNZ,AT,REP,PSR2,TBSC,PSR0LX45,"",087W 215/40 R17,17,0,,0,,0,,0,,0,,0,
2025,03,BSNZ,AT,REP,PSR2,TBSC,PSR0LX45,3,087W 215/40 R17,17,29,52,4350.672561662001,8063.748509999999,-135.590747703,-946.50874,4215.081813959,7117.239769999999,988.0311421838,1746.1158,2288.2659601047,3690.706168787941
2025,03,BSNZ,AT,REP,PSR2,TBSC,PSR0LX46,"",093W 215/45 R18,18,0,,0,,0,,0,,0,,0,
2025,03,BSNZ,AT,REP,PSR2,TBSC,PSR0LX46,3,093W 215/45 R18,18,51,36,6847.308296555999,5860.591889999999,-210.69708987,-604.12437,6636.611206686001,5256.461829999999,1858.2860925618002,1318.28796,3640.1283304309,2725.6836604318332
2025,03,BSNZ,AT,REP,PSR2,TBSC,PSR0LX47,"",094W 215/55 R17,17,0,,0,,0,,0,,0,,0,
2025,03,BSNZ,AT,REP,PSR2,TBSC,PSR0LX47,3,094W 215/55 R17,17,73,24,7813.484784272999,2729.68646,-231.510018291,-239.70262999999997,7581.974765980999,2489.97814,2829.0035136682004,927.597264,4281.533438805,1290.2523823319946
2025,03,BSNZ,AT,REP,PSR2,TBSC,PSR0LX48,"",094W 225/50 R17,17,0,,0,,0,,0,,0,,0,
2025,03,BSNZ,AT,REP,PSR2,TBSC,PSR0LX48,3,094W 225/50 R17,17,12,19,2200.183483281,3312.70093,-68.069599122,-323.37408,2132.113884158,2989.33254,474.03644457179996,767.4709899999999,1164.3741153728001,1552.4184907451238
2025,03,BSNZ,AT,REP,PSR2,TBSC,PSR0LX51,"",097W 235/45 R17,17,0,,0,,0,,0,,0,,0,
2025,03,BSNZ,AT,REP,PSR2,TBSC,PSR0LX51,3,097W 235/45 R17,17,72,61,7872.358694977001,7303.075169999999,-235.571059755,-749.21368,7636.787635221999,6553.861489999999,2674.7523380204,2329.7643379999995,4280.6396419631,3399.648149970248
2025,03,BSNZ,AT,REP,PSR2,TBSC,PSR0LX53,"",091W 215/50 R17,17,0,,0,,0,,0,,0,,0,
2025,03,BSNZ,AT,REP,PSR2,TBSC,PSR0LX53,3,091W 215/50 R17,17,0,,0,,-0.106948,,-0.106948,,0,,-1.532258,
2025,03,BSNZ,AT,REP,PSR2,TBSC,PSR0LX54,"",097W 225/55 R17,17,0,,0,,0,,0,,0,,0,
2025,03,BSNZ,AT,REP,PSR2,TBSC,PSR0LX54,3,097W 225/55 R17,17,96,213,12867.684944653,12768.752609999998,-396.892285669,-1907.63509,12470.792658985001,10861.11752,4096.081109168399,8511.692574,6826.2994881088,5632.6932941979085
2025,03,BSNZ,AT,REP,PSR2,TBSC,PSR0LX55,"",088W 205/45 R17,17,0,,0,,0,,0,,0,,0,
2025,03,BSNZ,AT,REP,PSR2,TBSC,PSR0LX55,3,088W 205/45 R17,17,90,21,9233.276266829998,2730.26115,-284.03667827000004,-305.12055999999995,8949.239588558998,2425.1405899999995,3261.3218344079996,723.901332,4909.6392100877,1254.005344396516
2025,03,BSNZ,AT,REP,PSR2,TBSC,PSR0LXG9,"",091V 215/50 R17,17,0,,0,,0,,0,,0,,0,
2025,03,BSNZ,AT,REP,PSR2,TBSC,PSR0LXG9,3,091V 215/50 R17,17,28,5,3024.7476679559995,498.55210999999997,-91.06887984699999,-47.23269,2933.678788108,451.3194199999999,781.1888456899999,184.38805,1636.7630958973,234.07307914052626
2025,03,BSNZ,AT,REP,PSR2,TBSC,PSR0LXW6,"",101W 235/50 R18,18,0,,0,,0,,0,,0,,0,
2025,03,BSNZ,AT,REP,PSR2,TBSC,PSR0LXW6,3,101W 235/50 R18,18,3,12,783.853858144,2303.3973499999997,-26.221913963,-315.52756999999997,757.631944181,1987.8697799999998,113.4814570794,441.09002399999997,386.60069196139995,1038.761936891154
2025,03,BSNZ,AT,REP,PSR2,TBSC,PSR0LXW9,"",095V 215/50 R17,17,0,,0,,0,,0,,0,,0,
2025,03,BSNZ,AT,REP,PSR2,TBSC,PSR0LXW9,3,095V 215/50 R17,17,20,135,1879.1743785499998,12762.778109999997,-61.878274419,-1589.3137299999999,1817.296104132,11173.46438,755.5375597594,5699.336445,940.8327982214,5821.411072254087
2025,03,BSNZ,AT,REP,PSR2,TBSC,PSR0LXX0,"",091V 215/50 R17,17,0,,0,,0,,0,,0,,0,
2025,03,BSNZ,AT,REP,PSR2,TBSC,PSR0LXX0,3,091V 215/50 R17,17,0,,0,,-0.082379,,-0.082379,,0,,-1.180252,
2025,03,BSNZ,AT,REP,PSR2,TBSC,PSR0LXX1,"",093V 205/50 R17,17,0,,0,,0,,0,,0,,0,
2025,03,BSNZ,AT,REP,PSR2,TBSC,PSR0LXX1,3,093V 205/50 R17,17,4,41,507.575301464,5379.81534,-20.99862817,-861.00511,486.576673294,4518.804539999999,158.6652018072,1675.114122,192.75902479880003,2382.769429275766
2025,03,BSNZ,AT,REP,PSR2,TBSC,PSR0LXX7,3,091W 215/45 R17,17,,0,,0,,0,,0,,0,,0
2025,03,BSNZ,AT,REP,PSR2,TBSC,PSR0LXX8,3,095W 215/50 R17,17,,0,,0,,0,,0,,0,,0
2025,03,BSNZ,AT,REP,PSR2,TBSC,PSR0LXX9,3,094W 225/45 R17,17,,0,,0,,0,,0,,0,,0
2025,03,BSNZ,AT,REP,PSR2,TBSC,PSR0LXY0,3,103W 235/55 R17,17,,0,,0,,0,,0,,0,,0
2025,03,BSNZ,AT,REP,PSR2,TBSC,PSR0LXY2,3,092W 215/50 R18,18,,0,,0,,0,,0,,0,,0
2025,03,BSNZ,AT,REP,PSR2,TBSC,PSR0LXY3,3,092W 225/40 R18,18,,0,,0,,0,,0,,0,,0
2025,03,BSNZ,AT,REP,PSR2,TBSC,PSR0LXY4,3,095W 225/45 R18,18,,0,,0,,0,,0,,0,,0
2025,03,BSNZ,AT,REP,PSR2,TBSC,PSR0LXY5,3,098W 235/45 R18,18,,0,,0,,0,,0,,0,,0
2025,03,BSNZ,AT,REP,PSR2,TBSC,PSR0LXY7,3,100W 245/45 R18,18,,0,,0,,0,,0,,0,,0
2025,03,BSNZ,AT,REP,PSR2,TBSC,PSR0LXZ2,3,102W 245/45 R19,19,,0,,0,,0,,0,,0,,0
2025,03,BSNZ,AT,REP,PSR2,TBSC,PSR0LXZ7,3,093W 225/40 R19,19,,0,,0,,0,,0,,0,,0
2025,03,BSNZ,AT,REP,PSR2,TBSC,PSR0LXZ8,3,096W 255/35 R19,19,,0,,0,,0,,0,,0,,0
2025,03,BSNZ,AT,REP,PSR2,TBSC,PSR0LY02,3,100W 235/50 R17,17,,64,,10957.005399999998,,-1167.74732,,9789.25808,,2823.39904,,5071.657981445496
2025,03,BSNZ,AT,REP,PSR2,TBSC,PSR0LY04,3,096W 235/40 R19,19,,0,,0,,0,,0,,0,,0
2025,03,BSNZ,AT,REP,PSR2,TBSC,PSR0LY06,3,102V 225/55 R18,18,,0,,0,,0,,0,,0,,0
2025,03,BSNZ,AT,REP,PSR2,TBSC,PSR0LY07,3,090V 205/45 R18,18,,0,,0,,0,,0,,0,,0
2025,03,BSNZ,AT,REP,PSR2,TBSC,PSR0LY11,"",100W 245/45 R18,18,0,,0,,0,,0,,0,,0,
2025,03,BSNZ,AT,REP,PSR2,TBSC,PSR0LY11,3,100W 245/45 R18,18,11,31,2069.626789419,5210.96459,-67.994830993,-736.4567,2001.631958425,4474.5022,470.17906217920006,1379.796484,1038.4421109349,2344.0417312638624
2025,03,BSNZ,AT,REP,PSR2,TBSC,PSR0LY12,"",098W 245/40 R19,19,0,,0,,0,,0,,0,,0,
2025,03,BSNZ,AT,REP,PSR2,TBSC,PSR0LY12,3,098W 245/40 R19,19,0,21,0,3304.5756099999994,-5.731650999999999,-395.38102999999995,-5.731650999999999,2909.1945799999994,0,937.7625179999999,-82.11793200000002,1512.6396434346118
2025,03,BSNZ,AT,REP,PSR2,TBSC,PSR0LY13,"",097W 245/40 R18,18,0,,0,,0,,0,,0,,0,
2025,03,BSNZ,AT,REP,PSR2,TBSC,PSR0LY13,3,097W 245/40 R18,18,7,13,983.1172545109999,1807.7812799999997,-32.621028513,-248.87490999999997,950.496225997,1558.9120599999997,271.59126089259996,534.7630859999999,488.7002349908,812.9018473764662
2025,03,BSNZ,AT,REP,PSR2,TBSC,PSR0LY14,"",098V 235/45 R18,18,0,,0,,0,,0,,0,,0,
2025,03,BSNZ,AT,REP,PSR2,TBSC,PSR0LY14,3,098V 235/45 R18,18,7,0,1291.512914223,0,-45.775100683000005,0,1245.73781354,0,313.8122740368,0,600.1501448386,0
2025,03,BSNZ,AT,REP,PSR2,TBSC,PSR0LY15,"",098W 225/50 R17,17,0,,0,,0,,0,,0,,0,
2025,03,BSNZ,AT,REP,PSR2,TBSC,PSR0LY15,3,098W 225/50 R17,17,7,45,1258.334919401,5572.13734,-43.007564671000004,-688.0973899999999,1215.3273547299998,4884.045639999999,294.1073307634,1822.9523399999998,607.418537742,2544.89075983113
2025,03,BSNZ,AT,REP,PSR2,TBSC,PSR0LY26,"",101V 225/55 R17,17,0,,0,,0,,0,,0,,0,
2025,03,BSNZ,AT,REP,PSR2,TBSC,PSR0LY26,3,101V 225/55 R17,17,31,131,3404.2789140080004,13098.99452,-119.44681623700001,-1831.25822,3284.832097771,11267.736299999999,1323.0527911325999,5765.734964000001,1599.1213569442998,5901.444296045664
2025,03,BSNZ,AT,REP,PSR2,TBSC,PSR0LY41,3,092Y 225/40 R18,18,,0,,0,,0,,0,,0,,0
2025,03,BSNZ,AT,REP,PSR2,TBSC,PSR0LY43,3,093Y 215/45 R18,18,,0,,0,,0,,0,,0,,0
2025,03,BSNZ,AT,REP,PSR2,TBSC,PSR0LY50,3,094Y 215/55 R17,17,,0,,0,,0,,0,,0,,0
2025,03,BSNZ,AT,REP,PSR2,TBSC,PSR0LY51,3,101Y 225/55 R17,17,,0,,0,,0,,0,,0,,0
2025,03,BSNZ,AT,REP,PSR2,TBSC,PSR0LY52,3,095Y 215/50 R17,17,,0,,0,,0,,0,,0,,0
2025,03,BSNZ,AT,REP,PSR2,TBSC,PSR0LY53,3,098Y 225/50 R17,17,,0,,0,,0,,0,,0,,0
2025,03,BSNZ,AT,REP,PSR2,TBSC,PSR0LY54,3,088W 205/45 R17,17,,0,,0,,0,,0,,0,,0
2025,03,BSNZ,AT,REP,PSR2,TBSC,PSR0LY55,3,091W 215/45 R17,17,,0,,0,,0,,0,,0,,0
2025,03,BSNZ,AT,REP,PSR2,TBSC,PSR0LY56,3,094Y 225/45 R17,17,,0,,0,,0,,0,,0,,0
2025,03,BSNZ,AT,REP,PSR2,TBSC,PSR0LY57,3,097Y 235/45 R17,17,,0,,0,,0,,0,,0,,0
2025,03,BSNZ,AT,REP,PSR2,TBSC,PSR0LY58,3,099Y 245/45 R17,17,,0,,0,,0,,0,,0,,0
2025,03,BSNZ,AT,REP,PSR2,TBSC,PSR0LY59,3,084Y 205/40 R17,17,,0,,0,,0,,0,,0,,0
2025,03,BSNZ,AT,REP,PSR2,TBSC,PSR0LY60,3,095Y 245/40 R17,17,,0,,0,,0,,0,,0,,0
2025,03,BSNZ,AT,REP,PSR2,TBSC,PSR0LY61,3,101Y 235/50 R18,18,,0,,0,,0,,0,,0,,0
2025,03,BSNZ,AT,REP,PSR2,TBSC,PSR0LY62,3,095Y 225/45 R18,18,,0,,0,,0,,0,,0,,0
2025,03,BSNZ,AT,REP,PSR2,TBSC,PSR0LY63,3,098Y 235/45 R18,18,,0,,0,,0,,0,,0,,0
2025,03,BSNZ,AT,REP,PSR2,TBSC,PSR0LY64,3,100Y 245/45 R18,18,,0,,0,,0,,0,,0,,0
2025,03,BSNZ,AT,REP,PSR2,TBSC,PSR0LY66,3,097Y 245/40 R18,18,,0,,0,,0,,0,,0,,0
2025,03,BSNZ,AT,REP,PSR2,TBSC,PSR0LY67,3,094Y 255/35 R18,18,,0,,0,,0,,0,,0,,0
2025,03,BSNZ,AT,REP,PSR2,TBSC,PSR0LY69,3,093Y 225/40 R19,19,,0,,0,,0,,0,,0,,0
2025,03,BSNZ,AT,REP,PSR2,TBSC,PSR0LY70,3,098Y 245/40 R19,19,,0,,0,,0,,0,,0,,0
2025,03,BSNZ,AT,REP,PSR2,TBSC,PSR0LY71,3,091Y 235/35 R19,19,,0,,0,,0,,0,,0,,0
2025,03,BSNZ,AT,REP,PSR2,TBSC,PSR0LY72,3,093Y 245/35 R19,19,,0,,0,,0,,0,,0,,0
2025,03,BSNZ,AT,REP,PSR2,TBSC,PSR0LY73,3,100Y 275/35 R19,19,,0,,0,,0,,0,,0,,0
2025,03,BSNZ,AT,REP,PSR2,TBSC,PSR0LY74,3,095Y 245/35 R20,20,,0,,0,,0,,0,,0,,0
2025,03,BSNZ,AT,REP,PSR2,TBSC,PSR0LY75,3,097Y 275/30 R20,20,,0,,0,,0,,0,,0,,0
2025,03,BSNZ,AT,REP,PSR2,TBSC,PSR0LY79,3,087Y 215/40 R17,17,,0,,0,,0,,0,,0,,0
2025,03,BSNZ,AT,REP,PSR2,TBSC,PSR0LY80,3,099Y 225/50 R18,18,,0,,0,,0,,0,,0,,0
2025,03,BSNZ,AT,REP,PSR2,TBSC,PSR0LY81,3,099Y 255/40 R18,18,,0,,0,,0,,0,,0,,0
2025,03,BSNZ,AT,REP,PSR2,TBSC,PSR0LY83,3,096Y 235/40 R19,19,,0,,0,,0,,0,,0,,0
2025,03,BSNZ,AT,REP,PSR2,TBSC,PSR0LY84,3,100Y 255/40 R19,19,,0,,0,,0,,0,,0,,0
2025,03,BSNZ,AT,REP,PSR2,TBSC,PSR0LY85,3,096Y 255/35 R19,19,,0,,0,,0,,0,,0,,0
2025,03,BSNZ,AT,REP,PSR2,TBSC,PSR0LY87,3,097Y 255/35 R20,20,,0,,0,,0,,0,,0,,0
2025,03,BSNZ,AT,REP,PSR2,TBSC,PSR0LY88,3,102Y 275/35 R20,20,,0,,0,,0,,0,,0,,0
2025,03,BSNZ,AT,REP,PSR2,TBSC,PSR0LY89,3,105Y 275/40 R19,19,,0,,0,,0,,0,,0,,0
2025,03,BSNZ,AT,REP,PSR2,TBSC,PSR0LY90,3,089Y 215/40 R18,18,,0,,0,,0,,0,,0,,0
2025,03,BSNZ,AT,REP,PSR2,TBSC,PSR0LY91,3,099W 235/45 R19,19,,0,,0,,0,,0,,0,,0
2025,03,BSNZ,AT,REP,PSR2,TBSC,PSR0LY92,3,095Y 235/40 R18,18,,0,,0,,0,,0,,0,,0
2025,03,BSNZ,AT,REP,PSR2,TBSC,PSR0LY93,3,093Y 205/50 R17,17,,0,,0,,0,,0,,0,,0
2025,03,BSNZ,AT,REP,PSR3,BRIDGESTON,22298,3,,16,,6,,734.10104,,-71.03396,,663.0727699999999,,169.43112999999997,,285.01779
2025,03,BSNZ,AT,REP,PSR3,BSEU,PSR0G047,"",091V 195/55 R16,16,0,,0,,0,,0,,86.311923,,0,
2025,03,BSNZ,AT,REP,PSR3,BSEU,PSR0G047,3,091V 195/55 R16,16,2,7,278.065322,973.0127599999998,-8.414849,-96.91207999999999,269.650473,876.1006799999999,3.39722,307.84606999999994,127.325727,376.5641999999999
2025,03,BSNZ,AT,REP,PSR3,BSEU,PSR0G236,"",094V 205/55 R16,16,0,,0,,0,,0,,0,,0,
2025,03,BSNZ,AT,REP,PSR3,BSEU,PSR0G236,3,094V 205/55 R16,16,0,,0,,-0.841086,,-0.841086,,-0.196868,,-12.050317999999999,
2025,03,BSNZ,AT,REP,PSR3,BSEU,PSR0G516,"",092H 205/60 R16,16,0,,0,,0,,0,,119.90869,,0,
2025,03,BSNZ,AT,REP,PSR3,BSEU,PSR0G516,3,092H 205/60 R16,16,3,2,257.165754,174.73420999999996,-7.619177,-7.983069999999999,249.54657699999998,166.75114,3.1800829999999998,81.46942,120.09411000000001,71.79642
2025,03,BSNZ,AT,REP,PSR3,BSEU,PSR0G578,"",096H 205/60 R16,16,0,,0,,0,,0,,0,,0,
2025,03,BSNZ,AT,REP,PSR3,BSEU,PSR0G578,3,096H 205/60 R16,16,0,,0,,-0.075688,,-0.075688,,0,,-1.084393,
2025,03,BSNZ,AT,REP,PSR3,BSEU,PSR0P233,"",091V 205/55 R16,16,0,,0,,0,,0,,129.869906,,0,
2025,03,BSNZ,AT,REP,PSR3,BSEU,PSR0P233,3,091V 205/55 R16,16,2,4,174.466447,324.91038,-6.042024,-12.0628,168.424422,312.84758,1.9530920000000003,184.08287999999996,68.966451,134.90420999999998
2025,03,BSNZ,AT,REP,PSR3,BSEU,PSR0P351,"",090V 215/45 R16,16,0,,0,,0,,0,,863.5714999999999,,0,
2025,03,BSNZ,AT,REP,PSR3,BSEU,PSR0P351,3,090V 215/45 R16,16,21,15,2636.304931,1894.4741199999999,-79.06331999999999,-97.57211999999998,2557.241611,1796.9019999999998,32.376444,630.0536999999999,1217.431227,772.0192
2025,03,BSNZ,AT,REP,PSR3,BSEU,PSR0R209,"",099W 225/55 R16,16,0,,0,,0,,0,,479.913944,,0,
2025,03,BSNZ,AT,REP,PSR3,BSEU,PSR0R209,3,099W 225/55 R16,16,9,2,1158.2369870000002,264.27773999999994,-34.964333,-6.8052399999999995,1123.2726539999999,257.47249999999997,14.170801,104.11561999999998,531.5927610000001,111.21674
2025,03,BSNZ,AT,REP,PSR3,BSFC,PSR0F01S,"",091V 205/55 R16,16,0,,0,,0,,0,,0,,0,
2025,03,BSNZ,AT,REP,PSR3,BSFC,PSR0F01S,3,091V 205/55 R16,16,602,877,35893.22451840299,51783.83081,-1118.021670416,-661.4852599999999,34775.202847981,51122.33986,22315.931022946414,30297.383986,20461.436165352996,28252.56222411423
2025,03,BSNZ,AT,REP,PSR3,BSFC,PSR0FA93,3,100W 235/60 R16,16,,0,,0,,0,,0,,0,,0
2025,03,BSNZ,AT,REP,PSR3,BSFC,PSR0FA98,3,102W 225/60 R16,16,,0,,0,,0,,0,,0,,0
2025,03,BSNZ,AT,REP,PSR3,BSFC,PSR0FB19,3,087W 205/45 R16,16,,0,,0,,0,,0,,0,,0
2025,03,BSNZ,AT,REP,PSR3,BSIN,PSR0N03S,"",087V 205/50 R16,16,0,,0,,0,,0,,0,,0,
2025,03,BSNZ,AT,REP,PSR3,BSIN,PSR0N03S,3,087V 205/50 R16,16,0,,0,,-0.076788,,-0.076788,,0,,-1.100143,
2025,03,BSNZ,AT,REP,PSR3,BSIN,PSR0N31S,"",092V 205/60 R16,16,0,,0,,0,,0,,0,,0,
2025,03,BSNZ,AT,REP,PSR3,BSIN,PSR0N31S,3,092V 205/60 R16,16,425,322,24612.175833028006,20476.34695,-743.2650889809998,-346.65187,23868.910744040004,20129.695079999998,13218.077120373404,12583.436711999999,13746.489464020297,11114.687925906634
2025,03,BSNZ,AT,REP,PSR3,BSIN,PSR0NC7D,"",091V 205/55 R16,16,0,,0,,0,,0,,0,,0,
2025,03,BSNZ,AT,REP,PSR3,BSIN,PSR0NC7D,3,091V 205/55 R16,16,1062,927,46936.95729399601,44861.285769999995,-1456.6261803220002,-527.2809199999999,45480.331113668995,44334.00484999999,30815.168449259494,33610.858236,25650.516194138505,24481.367079773212
2025,03,BSNZ,AT,REP,PSR3,BSIN,PSR0ND66,"",087W 205/50 R16,16,0,,0,,0,,0,,0,,0,
2025,03,BSNZ,AT,REP,PSR3,BSIN,PSR0ND66,3,087W 205/50 R16,16,35,59,2607.9679527929998,5100.806189999999,-83.71127649200001,-413.74834999999996,2524.2566763,4687.0578399999995,1123.9130341318,2392.3502900000003,1385.6824466716998,2584.2584024368794
2025,03,BSNZ,AT,REP,PSR3,BSIN,PSR0ND83,"",087W 195/55 R16,16,0,,0,,0,,0,,0,,0,
2025,03,BSNZ,AT,REP,PSR3,BSIN,PSR0ND83,3,087W 195/55 R16,16,8,11,1062.840480709,1525.5117599999999,-36.025966824,-137.57851,1026.814513885,1387.9332499999998,271.3273060256,432.20062600000006,537.3801265086,763.2819805494187
2025,03,BSNZ,AT,REP,PSR3,BSIN,PSR0NG57,"",095V 205/65 R16,16,0,,0,,0,,0,,0,,0,
2025,03,BSNZ,AT,REP,PSR3,BSIN,PSR0NG57,3,095V 205/65 R16,16,80,25,9106.19259767,3217.1146199999994,-271.79908748099996,-271.41868999999997,8834.393510189,2945.69593,2522.2322670775998,993.9842,5132.2105317883,1620.5706096981137
2025,03,BSNZ,AT,REP,PSR3,BSIN,PSR0NG59,"",093V 215/55 R16,16,0,,0,,0,,0,,0,,0,
2025,03,BSNZ,AT,REP,PSR3,BSIN,PSR0NG59,3,093V 215/55 R16,16,15,17,1420.640195989,1761.2996699999997,-44.440169138,-177.3004,1376.200026851,1583.9992699999998,562.3921457637999,698.690344,771.4849832549,872.3504984307422
2025,03,BSNZ,AT,REP,PSR3,BSIN,PSR0NJA0,3,099W 225/55 R16,16,,0,,0,,0,,0,,0,,0
2025,03,BSNZ,AT,REP,PSR3,BSIN,PSR0NJB2,3,089H 195/60 R16,16,,0,,0,,0,,0,,0,,0
2025,03,BSNZ,AT,REP,PSR3,BSIN,PSR0NJB3,3,083V 185/55 R16,16,,0,,0,,0,,0,,0,,0
2025,03,BSNZ,AT,REP,PSR3,BSIN,PSR0NJB4,3,091V 195/55 R16,16,,0,,0,,0,,0,,0,,0
2025,03,BSNZ,AT,REP,PSR3,BSIN,PSR0NJB5,3,084W 195/50 R16,16,,0,,0,,0,,0,,0,,0
2025,03,BSNZ,AT,REP,PSR3,BSJ,PSR12748,"",091V 205/55 R16,16,0,,0,,0,,0,,0,,0,
2025,03,BSNZ,AT,REP,PSR3,BSJ,PSR12748,3,091V 205/55 R16,16,42,70,3814.1851671,6992.293059999999,-119.429369753,-457.1345999999999,3694.755797346,6535.15846,1959.3746946923,3527.36587,1832.5302073376,3040.151456861485
2025,03,BSNZ,AT,REP,PSR3,BSJ,PSR14788,"",091V 205/55 R16,16,0,,0,,0,,0,,0,,0,
2025,03,BSNZ,AT,REP,PSR3,BSJ,PSR14788,3,091V 205/55 R16,16,0,,0,,-0.468212,,-0.468212,,0,,-6.708124,
2025,03,BSNZ,AT,REP,PSR3,BSJ,PSR15294,3,082H 175/60 R16,16,,57,,4479.30456,,-303.25424,,4176.050319999999,,2902.460748,,1937.8200306108445
2025,03,BSNZ,AT,REP,PSR3,BSJ,PSR16252,"",083V 185/55 R16,16,0,,0,,0,,0,,0,,0,
2025,03,BSNZ,AT,REP,PSR3,BSJ,PSR16252,3,083V 185/55 R16,16,95,115,8995.737011756,10327.458109999998,-266.750654945,-671.8865799999999,8728.986356809,9655.57153,4158.2131408554,5155.69978,4534.7925974392,4488.6550168207705
2025,03,BSNZ,AT,REP,PSR3,BSJ,PSR16630,"",095H 205/65 R16,16,0,,0,,0,,0,,0,,0,
2025,03,BSNZ,AT,REP,PSR3,BSJ,PSR16630,3,095H 205/65 R16,16,0,6,0,656.2846,-0.195236,-32.39886,-0.195236,623.88005,0,368.85882000000004,-2.797167,290.1022750849757
2025,03,BSNZ,AT,REP,PSR3,BSJ,PSR17669,"",083V 185/55 R16,16,0,,0,,0,,0,,0,,0,
2025,03,BSNZ,AT,REP,PSR3,BSJ,PSR17669,3,083V 185/55 R16,16,384,268,35009.077300617,27398.869229999997,-1087.5468636500002,-2064.1043999999997,33921.530436960005,25334.764829999996,18638.7410516714,13757.22524,16943.6333431926,11748.225794223357
2025,03,BSNZ,AT,REP,PSR3,BSJ,PSR17700,"",082H 175/60 R16,16,0,,0,,0,,0,,0,,0,
2025,03,BSNZ,AT,REP,PSR3,BSJ,PSR17700,3,082H 175/60 R16,16,90,,6459.005150493001,,-203.78338667299997,,6255.221763817,,3998.263211626201,,3081.2356842849995,
2025,03,BSNZ,AT,REP,PSR3,BSJ,PSR17769,"",091V 205/55 R16,16,0,,0,,0,,0,,0,,0,
2025,03,BSNZ,AT,REP,PSR3,BSJ,PSR17769,3,091V 205/55 R16,16,10,15,903.1483481089999,1337.5596799999998,-27.401020306,-99.59206999999999,875.747327803,1237.9732999999999,448.154965005,723.9919199999999,446.51242507579997,575.4291670284844
2025,03,BSNZ,AT,REP,PSR3,BSJ,PSR17905,"",092V 205/60 R16,16,0,,0,,0,,0,,0,,0,
2025,03,BSNZ,AT,REP,PSR3,BSJ,PSR17905,3,092V 205/60 R16,16,7,18,664.6654573579999,1761.20294,-20.612657628,-106.13556999999999,644.0527997300001,1655.0673699999998,346.100209609,895.404708,322.2058961999,767.2589659929969
2025,03,BSNZ,AT,REP,PSR3,BTMV,PSR0V07S,"",095V 215/60 R16,16,0,,0,,0,,0,,0,,0,
2025,03,BSNZ,AT,REP,PSR3,BTMV,PSR0V07S,3,095V 215/60 R16,16,245,282,14560.644895852998,17756.67489,-450.7691519829999,-233.39242,14109.875743866998,17523.28247,11714.832860465502,14610.587508000002,10278.893102834703,9929.569012124892
2025,03,BSNZ,AT,REP,PSR3,BTMV,PSR0V265,"",091V 205/55 R16,16,0,,0,,0,,0,,0,,0,
2025,03,BSNZ,AT,REP,PSR3,BTMV,PSR0V265,3,091V 205/55 R16,16,116,319,10472.822234266,27126.471859999998,-339.7170873469999,-2242.1786399999996,10133.105146917002,24884.293219999996,5755.746484708001,16909.225344,7170.6818158479,14171.148581531826
2025,03,BSNZ,AT,REP,PSR3,BTMV,PSR0V275,3,092W 225/50 R16,16,,0,,0,,0,,0,,0,,0
2025,03,BSNZ,AT,REP,PSR3,BTMV,PSR0V47D,"",092V 205/60 R16,16,0,,0,,0,,0,,0,,0,
2025,03,BSNZ,AT,REP,PSR3,BTMV,PSR0V47D,3,092V 205/60 R16,16,14,,766.036459713,,-44.00295675299999,,722.0335029589999,,589.3908163,,249.95878154389968,
2025,03,BSNZ,AT,REP,PSR3,TBSC,PSR0L11D,"",084V 195/45 R16,16,0,,0,,0,,0,,0,,0,
2025,03,BSNZ,AT,REP,PSR3,TBSC,PSR0L11D,3,084V 195/45 R16,16,113,133,6435.364014498999,7815.249139999999,-197.79295356500003,-157.00985999999997,6237.571060933001,7658.23928,3295.1159463585996,3945.643968,3424.2063280920006,3976.138639010616
2025,03,BSNZ,AT,REP,PSR3,TBSC,PSR0L12D,"",095H 215/60 R16,16,0,,0,,0,,0,,0,,0,
2025,03,BSNZ,AT,REP,PSR3,TBSC,PSR0L12D,3,095H 215/60 R16,16,0,,0.5471968180000033,,-0.01884865400000013,,0.528348163000004,,0,,0.25045903979999906,
2025,03,BSNZ,AT,REP,PSR3,TBSC,PSR0L161,3,,"",0,,-18.615859094000015,,0.5464533669999998,,-18.069405727000003,,0,,-10.274516642999998,
2025,03,BSNZ,AT,REP,PSR3,TBSC,PSR0L42D,"",098V 225/60 R16,16,0,,0,,0,,0,,0,,0,
2025,03,BSNZ,AT,REP,PSR3,TBSC,PSR0L42D,3,098V 225/60 R16,16,16,30,1176.540162392,2091.7578,-35.292596963,-27.727369999999997,1141.2475654290001,2064.03043,523.252093408,1056.44814,638.513240665,1071.7424243827188
2025,03,BSNZ,AT,REP,PSR3,TBSC,PSR0L740,"",102H 225/60 R16,16,0,,0,,0,,0,,0,,0,
2025,03,BSNZ,AT,REP,PSR3,TBSC,PSR0L740,3,102H 225/60 R16,16,11,18,1940.901529805,3298.4873099999995,-57.297696505000005,-433.41868,1883.6038333,2865.06294,413.2218607345,673.730604,1066.4822483365,1485.1875451145092
2025,03,BSNZ,AT,REP,PSR3,TBSC,PSR0L766,"",098V 225/60 R16,16,0,,0,,0,,0,,0,,0,
2025,03,BSNZ,AT,REP,PSR3,TBSC,PSR0L766,3,098V 225/60 R16,16,13,42,2355.6041305160006,7455.51596,-74.83106446,-845.7331499999999,2280.7730660560005,6609.78281,470.6197059975001,1500.740178,1218.4949821434996,3425.9176530040245
2025,03,BSNZ,AT,REP,PSR3,TBSC,PSR0L98F,"",092V 205/60 R16,16,0,,0,,0,,0,,0,,0,
2025,03,BSNZ,AT,REP,PSR3,TBSC,PSR0L98F,3,092V 205/60 R16,16,124,253,10999.711349948999,21167.141399999997,-363.88048958400003,-557.68828,10635.830860363,20609.44743,4232.9841164424,8857.320515999998,5482.8050240803,10699.862700539421
2025,03,BSNZ,AT,REP,PSR3,TBSC,PSR0LA4D,"",095V 215/60 R16,16,0,,0,,0,,0,,0,,0,
2025,03,BSNZ,AT,REP,PSR3,TBSC,PSR0LA4D,3,095V 215/60 R16,16,249,244,13794.88761819,15145.795629999999,-422.553447934,-172.62891,13372.334170256,14973.161029999997,8286.1270714266,8114.343951999999,7360.6149140448015,7771.991196882751
2025,03,BSNZ,AT,REP,PSR3,TBSC,PSR0LA8F,"",095V 215/60 R16,16,0,,0,,0,,0,,0,,0,
2025,03,BSNZ,AT,REP,PSR3,TBSC,PSR0LA8F,3,095V 215/60 R16,16,140,154,10515.693429864,13681.531029999998,-332.672095607,-303.6184,10183.021334254,13377.906939999997,4903.2894239428,5504.151576000001,5459.438505173401,6942.425594122003
2025,03,BSNZ,AT,REP,PSR3,TBSC,PSR0LB0F,"",091V 205/55 R16,16,0,,0,,0,,0,,0,,0,
2025,03,BSNZ,AT,REP,PSR3,TBSC,PSR0LB0F,3,091V 205/55 R16,16,262,424,21247.021491507003,37620.20884,-692.1236598170001,-794.3524499999999,20554.897831687,36825.85638999999,9379.1221265126,15194.183312,10743.5934683469,19117.577253731804
2025,03,BSNZ,AT,REP,PSR3,TBSC,PSR0LB53,"",091W 205/55 R16,16,0,,0,,0,,0,,0,,0,
2025,03,BSNZ,AT,REP,PSR3,TBSC,PSR0LB53,3,091W 205/55 R16,16,271,66,24688.755469342992,6193.792599999999,-733.82495189,-453.08331999999996,23954.930517452,5740.70928,9492.6474047284,2420.27346,13495.481431357797,2974.3832511206365
2025,03,BSNZ,AT,REP,PSR3,TBSC,PSR0LBFF,"",097W 215/55 R16,16,0,,0,,0,,0,,0,,0,
2025,03,BSNZ,AT,REP,PSR3,TBSC,PSR0LBFF,3,097W 215/55 R16,16,41,99,3266.921345408,7352.635069999999,-103.22258229399999,-199.83279999999996,3163.698763108,7152.802269999999,1480.3497707416002,3711.7911599999998,1698.0259336733002,3710.6353545796687
2025,03,BSNZ,AT,REP,PSR3,TBSC,PSR0LC43,"",084V 195/50 R16,16,0,,0,,0,,0,,0,,0,
2025,03,BSNZ,AT,REP,PSR3,TBSC,PSR0LC43,3,084V 195/50 R16,16,71,59,7182.583604042,6544.16573,-223.291810702,-507.47971999999993,6959.2917933359995,6036.68601,2238.5324137066,1859.279862,3785.5741114944003,3125.448457733168
2025,03,BSNZ,AT,REP,PSR3,TBSC,PSR0LD11,"",087V 195/55 R16,16,0,,0,,0,,0,,0,,0,
2025,03,BSNZ,AT,REP,PSR3,TBSC,PSR0LD11,3,087V 195/55 R16,16,52,74,6313.048774752999,9847.88784,-193.54740526,-820.3102299999999,6119.501369493,9027.57761,1668.6657203831996,2336.951672,3366.3151618066004,4677.430077663402
2025,03,BSNZ,AT,REP,PSR3,TBSC,PSR0LD14,"",092V 205/60 R16,16,0,,0,,0,,0,,0,,0,
2025,03,BSNZ,AT,REP,PSR3,TBSC,PSR0LD14,3,092V 205/60 R16,16,443,246,41752.94864764801,24739.38599,-1277.5514602470005,-1974.4755199999997,40475.397187384995,22764.910469999995,15449.014854229003,8681.952048,22297.652165751497,11789.207036840104
2025,03,BSNZ,AT,REP,PSR3,TBSC,PSR0LD15,"",095V 215/60 R16,16,0,,0,,0,,0,,0,,0,
2025,03,BSNZ,AT,REP,PSR3,TBSC,PSR0LD15,3,095V 215/60 R16,16,113,96,11634.928684673,9912.90747,-359.642602379,-749.7997499999999,11275.286082292001,9163.107719999998,3866.9552539376,3284.745024,6161.6719353756,4744.438779963109
2025,03,BSNZ,AT,REP,PSR3,TBSC,PSR0LEHF,"",084W 195/50 R16,16,0,,0,,0,,0,,0,,0,
2025,03,BSNZ,AT,REP,PSR3,TBSC,PSR0LEHF,3,084W 195/50 R16,16,2,103,181.920607421,8981.505679999998,-5.509689119,-139.99676,176.41091830199997,8841.50892,61.8388111044,3095.48063,97.976850797,4588.001870611353
2025,03,BSNZ,AT,REP,PSR3,TBSC,PSR0LG18,"",095H 215/60 R16,16,0,,0,,0,,0,,0,,0,
2025,03,BSNZ,AT,REP,PSR3,TBSC,PSR0LG18,3,095H 215/60 R16,16,1,13,91.99606911599999,1260.1813699999998,-5.036054623,-69.37248,86.96001449299997,1190.81458,35.755653292699996,451.68090500000005,17.2943034774,617.2984159783105
2025,03,BSNZ,AT,REP,PSR3,TBSC,PSR0LG20,"",098H 215/65 R16,16,0,,0,,0,,0,,0,,0,
2025,03,BSNZ,AT,REP,PSR3,TBSC,PSR0LG20,3,098H 215/65 R16,16,2,4,276.021709194,505.37441999999993,-10.160158245000002,-37.553999999999995,265.861550949,467.82041999999996,67.363316867,146.947944,112.69065806300001,242.69545934788815
2025,03,BSNZ,AT,REP,PSR3,TBSC,PSR0LG60,"",089H 195/60 R16,16,0,,0,,0,,0,,0,,0,
2025,03,BSNZ,AT,REP,PSR3,TBSC,PSR0LG60,3,089H 195/60 R16,16,8,35,1201.085848228,5022.72801,-38.649376796,-385.19593,1162.436471432,4637.532079999999,265.882979692,1269.96205,614.2638190028,2407.5922329125974
2025,03,BSNZ,AT,REP,PSR3,TBSC,PSR0LH1F,"",083V 185/55 R16,16,0,,0,,0,,0,,0,,0,
2025,03,BSNZ,AT,REP,PSR3,TBSC,PSR0LH1F,3,083V 185/55 R16,16,39,37,2966.164106584,2918.6684299999997,-90.91870554399999,-34.56675,2875.24540104,2884.1016799999998,1198.298549305,1158.2609499999999,1581.8813994108,1496.2931887399686
2025,03,BSNZ,AT,REP,PSR3,TBSC,PSR0LX56,"",087W 205/45 R16,16,0,,0,,0,,0,,0,,0,
2025,03,BSNZ,AT,REP,PSR3,TBSC,PSR0LX56,3,087W 205/45 R16,16,13,9,1585.5139474369998,1145.48235,-48.652154326,-81.37268999999999,1536.861793111,1064.11535,419.9347488864,297.91297799999995,844.8412744614001,553.4601537344048
2025,03,BSNZ,AT,REP,PSR3,TBSC,PSR0LX57,"",092W 225/50 R16,16,0,,0,,0,,0,,0,,0,
2025,03,BSNZ,AT,REP,PSR3,TBSC,PSR0LX57,3,092W 225/50 R16,16,5,37,484.352938545,3773.1471099999994,-20.296845496000003,-218.6667,464.05609304899997,3554.4860999999996,180.781072318,1371.6640740000003,180.20326632559997,1846.5467223575401
2025,03,BSNZ,AT,REP,PSR3,TBSC,PSR0LXA0,"",091V 205/55 R16,16,0,,0,,0,,0,,0,,0,
2025,03,BSNZ,AT,REP,PSR3,TBSC,PSR0LXA0,3,091V 205/55 R16,16,500,550,48767.71033779399,52843.149489999996,-1535.5765552000003,-4372.281349999999,47232.13378258801,48470.86813999999,16725.083629817196,18409.9564,25420.198610207,25107.980653604758
2025,03,BSNZ,AT,REP,PSR3,TBSC,PSR0LXG7,"",095V 215/60 R16,16,0,,0,,0,,0,,0,,0,
2025,03,BSNZ,AT,REP,PSR3,TBSC,PSR0LXG7,3,095V 215/60 R16,16,17,11,1763.029062109,1343.1814,-52.15504908,-58.09489999999999,1710.874013029,1285.0865,629.2822128252001,408.087746,967.2703691735001,666.8559997698866
2025,03,BSNZ,AT,REP,PSR3,TBSC,PSR0LXQ0,"",095V 215/60 R16,16,0,,0,,0,,0,,0,,0,
2025,03,BSNZ,AT,REP,PSR3,TBSC,PSR0LXQ0,3,095V 215/60 R16,16,40,41,3773.3520004670004,3852.36329,-119.912644747,-339.63041,3653.43935572,3512.7271899999996,1591.0745249618003,1669.685107,1951.4647759408,1835.8679607534614
2025,03,BSNZ,AT,REP,PSR3,TBSC,PSR0LXQ1,"",092V 205/60 R16,16,0,,0,,0,,0,,0,,0,
2025,03,BSNZ,AT,REP,PSR3,TBSC,PSR0LXQ1,3,092V 205/60 R16,16,66,197,6234.364105781,18920.388,-202.107903866,-1791.7070299999998,6032.256201913002,17128.680969999998,2531.638402843,7685.118144,3166.852434312599,8955.936813080702
2025,03,BSNZ,AT,REP,PSR3,TBSC,PSR0LXV5,3,099W 215/60 R16,16,,0,,0,,0,,0,,0,,0
2025,03,BSNZ,AT,REP,PSR3,TBSC,PSR0LXV6,3,094W 205/55 R16,16,,0,,0,,0,,0,,0,,0
2025,03,BSNZ,AT,REP,PSR3,TBSC,PSR0LXV7,3,097W 215/55 R16,16,,0,,0,,0,,0,,0,,0
2025,03,BSNZ,AT,REP,PSR3,TBSC,PSR0LXX5,3,096W 205/60 R16,16,,0,,0,,0,,0,,0,,0
2025,03,BSNZ,AT,REP,PSR3,TBSC,PSR0LXX6,3,095V 205/65 R16,16,,0,,0,,0,,0,,0,,0
2025,03,BSNZ,AT,REP,PSR3,TBSC,PSR0LY28,"",098V 225/60 R16,16,0,,0,,0,,0,,0,,0,
2025,03,BSNZ,AT,REP,PSR3,TBSC,PSR0LY28,3,098V 225/60 R16,16,0,0,0,0,-0.337917,0,-0.337917,0,0,0,-4.841376,0
2025,03,BSNZ,AT,REP,PSR3,TBSC,PSR0LY42,3,094Y 205/55 R16,16,,0,,0,,0,,0,,0,,0
2025,03,BSNZ,AT,REP,PSR3,TBSC,PSR0LY47,3,088W 195/50 R16,16,,0,,0,,0,,0,,0,,0
2025,03,BSNZ,AT,REP,PSR3,TBSC,PSR0LY48,3,091W 205/50 R16,16,,0,,0,,0,,0,,0,,0
2025,03,BSNZ,AT,REP,PSR3,TBSC,PSR0LY78,3,084W 195/45 R16,16,,0,,0,,0,,0,,0,,0
2025,03,BSNZ,AT,REP,PSR4,BSEU,PSR0G246,"",095H 195/65 R15,15,0,,0,,0,,0,,210.425095,,0,
2025,03,BSNZ,AT,REP,PSR4,BSEU,PSR0G246,3,095H 195/65 R15,15,5,2,429.87893599999995,240.48784999999995,-13.124236,-8.51224,416.75470099999995,231.97561,5.225019,85.79382,195.19072,99.92209
2025,03,BSNZ,AT,REP,PSR4,BSEU,PSR0G255,"",095T 195/65 R15,15,0,,0,,0,,0,,0,,0,
2025,03,BSNZ,AT,REP,PSR4,BSEU,PSR0G255,3,095T 195/65 R15,15,2,,214.947843936,,-6.309618721,,208.638225215,,2.671772251,,109.304598741,
2025,03,BSNZ,AT,REP,PSR4,BSFC,PSR0F11S,"",084H 175/65 R15,15,0,,0,,0,,0,,0,,0,
2025,03,BSNZ,AT,REP,PSR4,BSFC,PSR0F11S,3,084H 175/65 R15,15,263,369,14604.565815958998,21843.050809999997,-456.617779834,-260.31181,14147.948036123002,21582.738999999998,8446.333964545402,11484.916146,8301.7416771477,11928.082725802982
2025,03,BSNZ,AT,REP,PSR4,BSID,PSR0D654,"",084H 175/65 R15,15,0,,0,,0,,0,,0,,0,
2025,03,BSNZ,AT,REP,PSR4,BSID,PSR0D654,3,084H 175/65 R15,15,4,0,370.491331273,0,-10.875470984,0,359.615860289,0,175.29525775,0,188.4010816775,0
2025,03,BSNZ,AT,REP,PSR4,BSID,PSR0D765,3,096S 195/80 R15,15,0,,0,,-0.187058,,-0.187058,,0,,-2.535952,
2025,03,BSNZ,AT,REP,PSR4,BSIN,PSR0N02S,"",082V 195/50 R15,15,0,,0,,0,,0,,0,,0,
2025,03,BSNZ,AT,REP,PSR4,BSIN,PSR0N02S,3,082V 195/50 R15,15,0,,0,,-0.37816700000000003,,-0.37816700000000003,,0,,-5.418026,
2025,03,BSNZ,AT,REP,PSR4,BSIN,PSR0N32S,"",084H 185/60 R15,15,0,,0,,0,,0,,0,,0,
2025,03,BSNZ,AT,REP,PSR4,BSIN,PSR0N32S,3,084H 185/60 R15,15,115,204,7109.800843607,11361.26283,-231.216747946,-190.83691,6878.5840956540005,11170.42592,2989.8886377866,6702.702336,3734.2600960670998,6167.203741391907
2025,03,BSNZ,AT,REP,PSR4,BSIN,PSR0N33S,"",086V 185/55 R15,15,0,,0,,0,,0,,0,,0,
2025,03,BSNZ,AT,REP,PSR4,BSIN,PSR0N33S,3,086V 185/55 R15,15,29,83,1603.3927659189997,4818.87238,-52.49801477700001,-76.26875999999999,1550.894751142,4742.603619999999,813.3719562034,2892.2014000000004,837.1738648102,2618.305915750986
2025,03,BSNZ,AT,REP,PSR4,BSIN,PSR0ND72,"",088W 205/55 R15,15,0,,0,,0,,0,,0,,0,
2025,03,BSNZ,AT,REP,PSR4,BSIN,PSR0ND72,3,088W 205/55 R15,15,11,20,1297.5041610160001,2395.50138,-39.084492848,-158.07388999999998,1258.419668168,2237.42749,363.1848314424,798.18596,726.1678457894,1236.0487529897837
2025,03,BSNZ,AT,REP,PSR4,BSIN,PSR0ND80,"",082W 195/50 R15,15,0,,0,,0,,0,,0,,0,
2025,03,BSNZ,AT,REP,PSR4,BSIN,PSR0ND80,3,082W 195/50 R15,15,34,23,1962.325960322,1781.26588,-62.119518926,-146.72234,1900.206441394,1634.5435399999997,1061.4578142674,831.490066,1055.1299088065998,902.6439310684402
2025,03,BSNZ,AT,REP,PSR4,BSIN,PSR0NF72,"",085V 195/55 R15,15,0,,0,,0,,0,,0,,0,
2025,03,BSNZ,AT,REP,PSR4,BSIN,PSR0NF72,3,085V 195/55 R15,15,19,2,1326.606097908,172.6915,-41.460623555,-16.859469999999998,1285.145474353,155.82634,520.1649930378001,70.872428,720.9190833732999,86.71817693301783
2025,03,BSNZ,AT,REP,PSR4,BSIN,PSR0NH90,3,088V 195/60 R15,15,,0,,0,,0,,0,,0,,0
2025,03,BSNZ,AT,REP,PSR4,BSIN,PSR0NJA6,3,095V 195/65 R15,15,,0,,0,,0,,0,,0,,0
2025,03,BSNZ,AT,REP,PSR4,BSIN,PSR0NJA7,3,099V 205/65 R15,15,,0,,0,,0,,0,,0,,0
2025,03,BSNZ,AT,REP,PSR4,BSJ,PSR16339,"",084H 185/60 R15,15,0,,0,,0,,0,,0,,0,
2025,03,BSNZ,AT,REP,PSR4,BSJ,PSR16339,3,084H 185/60 R15,15,42,29,4152.715737289001,2567.5100799999996,-127.78572459199998,-226.75787999999997,4024.9300126970006,2340.7522,1870.2444650032003,1337.165698,2027.2831112962003,1087.8438618236792
2025,03,BSNZ,AT,REP,PSR4,BSJ,PSR17532,"",086V 205/50 R15,15,0,,0,,0,,0,,0,,0,
2025,03,BSNZ,AT,REP,PSR4,BSJ,PSR17532,3,086V 205/50 R15,15,0,4,0,661.0357499999999,-0.398324,-24.842539999999996,-0.398324,636.1932099999999,0,349.736024,-5.400108,295.87509852575175
2025,03,BSNZ,AT,REP,PSR4,BSJ,PSR17588,"",091H 195/65 R15,15,0,,0,,0,,0,,0,,0,
2025,03,BSNZ,AT,REP,PSR4,BSJ,PSR17588,3,091H 195/65 R15,15,6,2,576.5444350959999,195.71893,-17.334858538,-10.418389999999999,559.209576558,185.30054,313.5984133678,110.92752,287.29282763619995,86.15793150291684
2025,03,BSNZ,AT,REP,PSR4,BTMV,PSR0V04S,"",088H 195/60 R15,15,0,,0,,0,,0,,0,,0,
2025,03,BSNZ,AT,REP,PSR4,BTMV,PSR0V04S,3,088H 195/60 R15,15,134,177,7822.122676899999,10022.23513,-244.00601333099996,-141.10062,7578.116663568001,9881.13451,5568.070883208398,7461.633948000001,5496.1419739788,5598.377273890391
2025,03,BSNZ,AT,REP,PSR4,BTMV,PSR0V05S,"",091H 195/65 R15,15,0,,0,,0,,0,,0,,0,
2025,03,BSNZ,AT,REP,PSR4,BTMV,PSR0V05S,3,091H 195/65 R15,15,470,1166,23864.872488869998,62300.771609999996,-739.6546938869999,-876.0153299999998,23125.217794976998,61424.756279999994,19351.917467198604,49788.840134,16834.2117220027,34807.03764394103
2025,03,BSNZ,AT,REP,PSR4,BTMV,PSR0V11S,"",088H 185/65 R15,15,0,,0,,0,,0,,0,,0,
2025,03,BSNZ,AT,REP,PSR4,BTMV,PSR0V11S,3,088H 185/65 R15,15,155,296,8648.719306899004,16121.91513,-267.053287231,-243.85063999999997,8381.666019663002,15878.064489999999,6297.108647245101,12499.699343999999,6116.216992170401,8997.037908721277
2025,03,BSNZ,AT,REP,PSR4,BTMV,PSR0V165,"",084H 185/60 R15,15,0,,0,,0,,0,,0,,0,
2025,03,BSNZ,AT,REP,PSR4,BTMV,PSR0V165,3,084H 185/60 R15,15,21,37,1548.73450417,2817.4262599999997,-47.706883449,-229.78495999999996,1501.0276207210002,2587.6413,835.3513049024,1631.091572,1097.0547210481,1466.944273892626
2025,03,BSNZ,AT,REP,PSR4,BTMV,PSR0V166,"",088H 185/65 R15,15,0,,0,,0,,0,,0,,0,
2025,03,BSNZ,AT,REP,PSR4,BTMV,PSR0V166,3,088H 185/65 R15,15,9,31,605.2220152720001,2022.40808,-21.954651847,-110.52824999999999,583.267363425,1911.8798299999999,379.0776136928,1404.60628,381.2795793849,1085.1952965193166
2025,03,BSNZ,AT,REP,PSR4,BTMV,PSR0V167,"",086V 185/55 R15,15,0,,0,,0,,0,,0,,0,
2025,03,BSNZ,AT,REP,PSR4,BTMV,PSR0V167,3,086V 185/55 R15,15,0,,0,,-0.098826,,-0.098826,,0,,-1.415895,
2025,03,BSNZ,AT,REP,PSR4,BTMV,PSR0V170,"",084H 175/65 R15,15,0,,0,,0,,0,,0,,0,
2025,03,BSNZ,AT,REP,PSR4,BTMV,PSR0V170,3,084H 175/65 R15,15,48,101,4135.607461264999,8000.361909999999,-124.38102767699999,-629.5871199999999,4011.2264335870004,7370.7747899999995,2054.3386081548006,4459.018498,2972.3643518354,4193.204625146542
2025,03,BSNZ,AT,REP,PSR4,BTMV,PSR0V266,"",091V 195/65 R15,15,0,,0,,0,,0,,0,,0,
2025,03,BSNZ,AT,REP,PSR4,BTMV,PSR0V266,3,091V 195/65 R15,15,275,203,19562.973031342997,14464.662799999998,-593.598882659,-1055.7851899999998,18969.374148678995,13408.877609999998,13093.250826634001,10166.183566,13985.057311161298,7628.495058865408
2025,03,BSNZ,AT,REP,PSR4,BTMV,PSR0V267,"",094H 205/65 R15,15,0,,0,,0,,0,,0,,0,
2025,03,BSNZ,AT,REP,PSR4,BTMV,PSR0V267,3,094H 205/65 R15,15,4,20,319.842123762,1766.76207,-10.985020789,-170.85362999999998,308.857102973,1595.90275,194.3802289788,1016.61258,210.3402535103,911.210176302712
2025,03,BSNZ,AT,REP,PSR4,BTMV,PSR0V46D,"",086V 185/55 R15,15,0,,0,,0,,0,,0,,0,
2025,03,BSNZ,AT,REP,PSR4,BTMV,PSR0V46D,3,086V 185/55 R15,15,74,,3554.6240315739997,,-114.95301646000001,,3439.6710151129996,,2920.6625387000004,,2439.3921265128,
2025,03,BSNZ,AT,REP,PSR4,TBSC,PSR0L09S,"",095HP205/65 R15,15,0,,0,,0,,0,,0,,0,
2025,03,BSNZ,AT,REP,PSR4,TBSC,PSR0L09S,3,095HP205/65 R15,15,46,119,2897.591411463,6662.67705,-91.93717542799999,-135.23991999999998,2805.654236032,6527.437129999999,1575.2660272008002,4117.094289000001,1500.5667392354999,3388.612255679562
2025,03,BSNZ,AT,REP,PSR4,TBSC,PSR0L15D,"",082V 195/50 R15,15,0,,0,,0,,0,,0,,0,
2025,03,BSNZ,AT,REP,PSR4,TBSC,PSR0L15D,3,082V 195/50 R15,15,18,78,914.9912506699998,3558.0025199999995,-29.426364177,-88.77538,885.5648864929999,3469.22714,500.47291395120004,2186.3485800000003,468.21196977389997,1799.9423842930194
2025,03,BSNZ,AT,REP,PSR4,TBSC,PSR0L28D,"",088H 185/65 R15,15,0,,0,,0,,0,,0,,0,
2025,03,BSNZ,AT,REP,PSR4,TBSC,PSR0L28D,3,088H 185/65 R15,15,644,625,24824.002421645,23668.920599999998,-766.296084929,-462.5514799999999,24057.706336707997,23206.363429999998,17478.143850224198,16675.18875,13160.042119652802,12046.846481794573
2025,03,BSNZ,AT,REP,PSR4,TBSC,PSR0L31D,"",094V 205/65 R15,15,0,,0,,0,,0,,0,,0,
2025,03,BSNZ,AT,REP,PSR4,TBSC,PSR0L31D,3,094V 205/65 R15,15,13,172,622.570387859,8767.76652,-22.547057674999994,-91.94471,600.0233301810001,8675.82181,378.4950260388,5213.61412,282.4021243587,4503.140712760261
2025,03,BSNZ,AT,REP,PSR4,TBSC,PSR0LA0D,"",084H 185/60 R15,15,0,,0,,0,,0,,0,,0,
2025,03,BSNZ,AT,REP,PSR4,TBSC,PSR0LA0D,3,084H 185/60 R15,15,308,293,14405.536932513998,13761.828309999999,-450.8426812829998,-146.46629000000001,13954.694251226998,13615.36202,8026.163858750395,7702.80885,7548.727290499,7068.487901395666
2025,03,BSNZ,AT,REP,PSR4,TBSC,PSR0LA2D,"",091V 195/65 R15,15,0,,0,,0,,0,,0,,0,
2025,03,BSNZ,AT,REP,PSR4,TBSC,PSR0LA2D,3,091V 195/65 R15,15,1101,712,46520.356255344996,29284.227969999996,-1446.14830388,-535.9979999999999,45074.207951451,28748.22428,31538.22789237121,19706.079536,24516.0170037101,14921.778340937048
2025,03,BSNZ,AT,REP,PSR4,TBSC,PSR0LA3D,"",088V 195/60 R15,15,0,,0,,0,,0,,0,,0,
2025,03,BSNZ,AT,REP,PSR4,TBSC,PSR0LA3D,3,088V 195/60 R15,15,185,147,8286.865868252999,6770.530999999999,-259.4485550239999,-71.88176999999999,8027.417313226999,6698.649229999999,5416.031913949801,4164.745199999999,4341.185784683299,3477.529446555258
2025,03,BSNZ,AT,REP,PSR4,TBSC,PSR0LA6F,"",082V 185/55 R15,15,0,,0,,0,,0,,0,,0,
2025,03,BSNZ,AT,REP,PSR4,TBSC,PSR0LA6F,3,082V 185/55 R15,15,74,93,5210.279677253,6828.796599999999,-163.24248018900002,-94.71574,5047.037197064,6734.08086,2179.9865353552004,2845.529742,2728.0353068851,3496.8780635832727
2025,03,BSNZ,AT,REP,PSR4,TBSC,PSR0LA7D,"",084H 175/65 R15,15,0,,0,,0,,0,,0,,0,
2025,03,BSNZ,AT,REP,PSR4,TBSC,PSR0LA7D,3,084H 175/65 R15,15,715,635,29208.690523997,24799.990179999997,-906.0660055480002,-542.82031,28302.624518443998,24257.169869999998,18817.78273022339,17066.087280000003,15420.773755009399,12591.511232558283
2025,03,BSNZ,AT,REP,PSR4,TBSC,PSR0LBBF,"",084H 175/65 R15,15,0,,0,,0,,0,,0,,0,
2025,03,BSNZ,AT,REP,PSR4,TBSC,PSR0LBBF,3,084H 175/65 R15,15,142,216,11441.321516639004,16582.924619999998,-372.5644175949999,-334.80528999999996,11068.757099039998,16248.119329999998,3853.4203983593993,6339.61944,5787.738298461001,8433.701444939154
2025,03,BSNZ,AT,REP,PSR4,TBSC,PSR0LBDF,"",084H 185/60 R15,15,0,,0,,0,,0,,0,,0,
2025,03,BSNZ,AT,REP,PSR4,TBSC,PSR0LBDF,3,084H 185/60 R15,15,241,193,14619.021862508,13506.734229999998,-436.25279405900005,-364.80866,14182.769068447,13141.925569999998,6858.890440360199,5479.972519999999,7966.300549936299,6821.136601187548
2025,03,BSNZ,AT,REP,PSR4,TBSC,PSR0LC33,"",082V 185/55 R15,15,0,,0,,0,,0,,0,,0,
2025,03,BSNZ,AT,REP,PSR4,TBSC,PSR0LC33,3,082V 185/55 R15,15,34,34,3132.7129500499996,2856.19792,-96.444293022,-192.52684,3036.268657028,2663.6710799999996,1021.4137215458,1021.492736,1664.6933751558,1380.7658567285212
2025,03,BSNZ,AT,REP,PSR4,TBSC,PSR0LC35,"",084V 185/60 R15,15,0,,0,,0,,0,,0,,0,
2025,03,BSNZ,AT,REP,PSR4,TBSC,PSR0LC35,3,084V 185/60 R15,15,290,98,22612.763329184,8824.683589999999,-696.728243169,-661.02437,21916.035086011,8163.659219999999,8409.306745188798,2796.864532,12007.349452944,4229.549164472382
2025,03,BSNZ,AT,REP,PSR4,TBSC,PSR0LC36,"",088V 195/60 R15,15,0,,0,,0,,0,,0,,0,
2025,03,BSNZ,AT,REP,PSR4,TBSC,PSR0LC36,3,088V 195/60 R15,15,30,20,2709.495297096,1815.31484,-83.040112311,-140.22436,2626.455184785,1675.0904799999998,909.478265377,625.7768000000001,1445.1986729294,865.437211615747
2025,03,BSNZ,AT,REP,PSR4,TBSC,PSR0LC37,"",091V 205/60 R15,15,0,,0,,0,,0,,0,,0,
2025,03,BSNZ,AT,REP,PSR4,TBSC,PSR0LC37,3,091V 205/60 R15,15,3,9,288.657488777,787.2797799999998,-9.338036253000002,-52.979589999999995,279.319452524,734.3001899999999,90.9767954436,293.97654,146.92755773829998,380.5071772173285
2025,03,BSNZ,AT,REP,PSR4,TBSC,PSR0LC38,"",084H 175/65 R15,15,0,,0,,0,,0,,0,,0,
2025,03,BSNZ,AT,REP,PSR4,TBSC,PSR0LC38,3,084H 175/65 R15,15,550,209,44533.138423444994,19577.7537,-1351.279565047,-1501.18132,43181.858858390995,18076.572379999998,15372.011119634397,6074.091342000001,23945.2388597526,9361.618358658012
2025,03,BSNZ,AT,REP,PSR4,TBSC,PSR0LC39,"",088H 185/65 R15,15,0,,0,,0,,0,,0,,0,
2025,03,BSNZ,AT,REP,PSR4,TBSC,PSR0LC39,3,088H 185/65 R15,15,126,80,10932.88075082,7299.72376,-347.793977412,-539.94686,10585.086773408,6759.7769,3776.539495416599,2406.9865600000003,5648.225131405901,3498.5464251889434
2025,03,BSNZ,AT,REP,PSR4,TBSC,PSR0LC40,"",091V 195/65 R15,15,0,,0,,0,,0,,0,,0,
2025,03,BSNZ,AT,REP,PSR4,TBSC,PSR0LC40,3,091V 195/65 R15,15,537,366,45584.11925067001,32146.519879999996,-1397.0529118959998,-2490.1715999999997,44187.066338763,29656.34828,17046.627273852006,11393.056620000001,24310.712917307494,15356.309211314616
2025,03,BSNZ,AT,REP,PSR4,TBSC,PSR0LC41,"",094V 205/65 R15,15,0,,0,,0,,0,,0,,0,
2025,03,BSNZ,AT,REP,PSR4,TBSC,PSR0LC41,3,094V 205/65 R15,15,11,7,965.294272439,606.9693699999999,-32.299138265,-53.85585,932.995134174,553.11352,361.89247248,227.758146,475.94756729360006,287.1292353507688
2025,03,BSNZ,AT,REP,PSR4,TBSC,PSR0LC42,"",096V 215/65 R15,15,0,,0,,0,,0,,0,,0,
2025,03,BSNZ,AT,REP,PSR4,TBSC,PSR0LC42,3,096V 215/65 R15,15,37,11,1990.90303496,747.48392,-61.557519297999995,-50.21424999999999,1929.3455156600003,697.26967,1223.3320535832004,367.732794,1054.1708739579,360.7213400761179
2025,03,BSNZ,AT,REP,PSR4,TBSC,PSR0LF94,"",077V 175/55 R15,15,0,,0,,0,,0,,0,,0,
2025,03,BSNZ,AT,REP,PSR4,TBSC,PSR0LF94,3,077V 175/55 R15,15,0,26,0,2948.7400799999996,-4.826772,-206.78029,-4.826772,2741.95979,0,753.938406,-69.153622,1421.7923523778632
2025,03,BSNZ,AT,REP,PSR4,TBSC,PSR0LFVF,"",088V 195/60 R15,15,0,,0,,0,,0,,0,,0,
2025,03,BSNZ,AT,REP,PSR4,TBSC,PSR0LFVF,3,088V 195/60 R15,15,26,107,2075.785545442,7494.08278,-69.45168140300001,-149.65268999999998,2006.333864038,7344.43009,819.063777125,3386.0759900000003,1023.5763147179999,3813.01608259468
2025,03,BSNZ,AT,REP,PSR4,TBSC,PSR0LFWF,"",091V 195/65 R15,15,0,,0,,0,,0,,0,,0,
2025,03,BSNZ,AT,REP,PSR4,TBSC,PSR0LFWF,3,091V 195/65 R15,15,123,372,9368.204951594998,27672.074579999997,-320.208235543,-452.70777999999996,9047.99671605,27219.361109999998,3859.088496219001,11587.521,4521.7915393993,14130.042352307159
2025,03,BSNZ,AT,REP,PSR4,TBSC,PSR0LFYF,"",094V 205/65 R15,15,0,,0,,0,,0,,0,,0,
2025,03,BSNZ,AT,REP,PSR4,TBSC,PSR0LFYF,3,094V 205/65 R15,15,41,34,3423.9891667379998,2857.8423299999995,-105.043752391,-18.36732,3318.945414347,2839.4693199999997,1414.7066948585998,1168.444816,1824.7623633760002,1474.7087373239183
2025,03,BSNZ,AT,REP,PSR4,TBSC,PSR0LGAF,"",088H 185/65 R15,15,0,,0,,0,,0,,0,,0,
2025,03,BSNZ,AT,REP,PSR4,TBSC,PSR0LGAF,3,088H 185/65 R15,15,68,206,5373.1098160950005,14555.167939999998,-174.76608951500003,-222.37658,5198.343726578,14332.79705,2064.912736051,6397.788144,2721.1351119275,7440.727427063125
2025,03,BSNZ,AT,REP,PSR4,TBSC,PSR0LXF7,"",077V 175/55 R15,15,0,,0,,0,,0,,0,,0,
2025,03,BSNZ,AT,REP,PSR4,TBSC,PSR0LXF7,3,077V 175/55 R15,15,43,,4164.419048825001,,-122.24312610899999,,4042.175922716,,53.6783950876,,2298.4377250241,
2025,03,BSNZ,AT,REP,PSR4,TBSC,PSR0LXX3,"",088V 195/60 R15,15,0,,0,,0,,0,,0,,0,
2025,03,BSNZ,AT,REP,PSR4,TBSC,PSR0LXX3,3,088V 195/60 R15,15,15,10,1303.255311246,883.2359399999999,-42.615299865,-89.55490999999998,1260.64001138,793.6810299999999,514.7534810374,341.55087999999995,656.7431120753,416.1011480049243
2025,03,BSNZ,AT,REP,PSR4,TBSC,PSR0LY46,3,082W 195/50 R15,15,,0,,0,,0,,0,,0,,0
2025,03,BSNZ,AT,REP,PSR5,BSIN,PSR0N09S,"",082H 185/60 R14,14,0,,0,,0,,0,,0,,0,
2025,03,BSNZ,AT,REP,PSR5,BSIN,PSR0N09S,3,082H 185/60 R14,14,3,,253.38004493900002,,-7.623703649,,245.75634129,,74.1294912,,141.9343290044,
2025,03,BSNZ,AT,REP,PSR5,BSIN,PSR0N288,"",079S 165/70 R13,13,0,,0,,0,,0,,0,,0,
2025,03,BSNZ,AT,REP,PSR5,BSIN,PSR0N288,3,079S 165/70 R13,13,24,10,1255.25833321,446.80155999999994,-37.65713301400001,-34.862629999999996,1217.601200196,411.93892999999997,491.13956807740004,259.11006,704.7420771533,227.086388623373
2025,03,BSNZ,AT,REP,PSR5,BSIN,PSR0NF91,"",086S 185/70 R13,13,0,,0,,0,,0,,0,,0,
2025,03,BSNZ,AT,REP,PSR5,BSIN,PSR0NF91,3,086S 185/70 R13,13,26,39,1084.8456098899999,1465.9374599999999,-35.36309789300001,-86.30592,1049.482511996,1379.6315399999999,610.9927820502,1143.0001439999999,568.6499566092,761.8184095859601
2025,03,BSNZ,AT,REP,PSR5,BTMV,PSR0V01S,"",082H 175/65 R14,14,0,,0,,0,,0,,0,,0,
2025,03,BSNZ,AT,REP,PSR5,BTMV,PSR0V01S,3,082H 175/65 R14,14,278,385,12040.887303578002,17064.457939999997,-377.54609913600007,-265.19383,11663.341204438002,16799.264109999996,9638.203760691202,14144.052615,8431.3774115839,9519.058195615462
2025,03,BSNZ,AT,REP,PSR5,BTMV,PSR0V03S,"",086H 185/65 R14,14,0,,0,,0,,0,,0,,0,
2025,03,BSNZ,AT,REP,PSR5,BTMV,PSR0V03S,3,086H 185/65 R14,14,67,96,3599.672847162,5086.02357,-111.382707645,-67.2558,3488.2901395169997,5018.7677699999995,2447.8301918670995,3716.6743680000004,2542.5247011108,2844.4646810257595
2025,03,BSNZ,AT,REP,PSR5,BTMV,PSR0V115,3,,"",0,,0,,-0.001563999999999996,,-0.001563999999999996,,0,,-0.02240299999999995,
2025,03,BSNZ,AT,REP,PSR5,BTMV,PSR0V25S,"",084H 175/70 R14,14,0,,0,,0,,0,,0,,0,
2025,03,BSNZ,AT,REP,PSR5,BTMV,PSR0V25S,3,084H 175/70 R14,14,64,65,2661.0292932159996,3272.7229899999998,-81.69440467999999,-33.23528999999999,2579.334888533,3239.4876999999997,1564.2517451374001,2342.9406,1888.6412622103999,1836.1621353198075
2025,03,BSNZ,AT,REP,PSR5,BTMV,PSR0V45D,"",084H 175/70 R14,14,0,,0,,0,,0,,0,,0,
2025,03,BSNZ,AT,REP,PSR5,BTMV,PSR0V45D,3,084H 175/70 R14,14,91,,3273.0075140980002,,-104.28211541900001,,3168.7253986769997,,2884.6060156,,2268.4543773743,
2025,03,BSNZ,AT,REP,PSR5,TBSC,PSR0L230,"",082H 175/70 R13,13,0,,0,,0,,0,,0,,0,
2025,03,BSNZ,AT,REP,PSR5,TBSC,PSR0L230,3,082H 175/70 R13,13,111,94,4630.898752529001,3659.0170899999994,-151.128892205,-257.44404999999995,4479.769860323,3401.5730399999998,2782.4459180693984,2532.150192,2337.9084629671,1765.107846442836
2025,03,BSNZ,AT,REP,PSR5,TBSC,PSR0L27D,"",082H 175/65 R14,14,0,,0,,0,,0,,0,,0,
2025,03,BSNZ,AT,REP,PSR5,TBSC,PSR0L27D,3,082H 175/65 R14,14,951,652,33736.00715261701,24755.904059999997,-1044.389299401,-268.91508999999996,32691.617853201,24486.994659999997,23599.768737305196,15774.857032000002,17843.3904632743,12693.126210608474
2025,03,BSNZ,AT,REP,PSR5,TBSC,PSR0L30D,"",084T 175/70 R14,14,0,,0,,0,,0,,0,,0,
2025,03,BSNZ,AT,REP,PSR5,TBSC,PSR0L30D,3,084T 175/70 R14,14,0,,0,,0,,0,,0,,0,
2025,03,BSNZ,AT,REP,PSR5,TBSC,PSR0L33D,"",088H 185/70 R14,14,0,,0,,0,,0,,0,,0,
2025,03,BSNZ,AT,REP,PSR5,TBSC,PSR0L33D,3,088H 185/70 R14,14,0,,0,,-0.018196000000000004,,-0.018196000000000004,,0,,-0.260694,
2025,03,BSNZ,AT,REP,PSR5,TBSC,PSR0L48D,"",086H 185/65 R14,14,0,,0,,0,,0,,0,,0,
2025,03,BSNZ,AT,REP,PSR5,TBSC,PSR0L48D,3,086H 185/65 R14,14,142,153,6067.346236189,6331.6613,-188.73104927499998,-99.14256,5878.6151869079995,6232.5244299999995,3553.9733721689995,3974.192442,3196.1308239377995,3235.3025181459197
2025,03,BSNZ,AT,REP,PSR5,TBSC,PSR0L85D,"",082H 185/60 R14,14,0,,0,,0,,0,,0,,0,
2025,03,BSNZ,AT,REP,PSR5,TBSC,PSR0L85D,3,082H 185/60 R14,14,0,,18.604691812000013,,-0.6383035609999999,,17.966388250999998,,0,,8.947706165000001,
2025,03,BSNZ,AT,REP,PSR5,TBSC,PSR0LA1D,"",082H 175/70 R13,13,0,,0,,0,,0,,0,,0,
2025,03,BSNZ,AT,REP,PSR5,TBSC,PSR0LA1D,3,082H 175/70 R13,13,0,,0,,-0.018006,,-0.018006,,0,,-0.257979,
2025,03,BSNZ,AT,REP,PSR5,TBSC,PSR0LA20,"",086H 195/60 R14,14,0,,0,,0,,0,,0,,0,
2025,03,BSNZ,AT,REP,PSR5,TBSC,PSR0LA20,3,086H 195/60 R14,14,16,10,917.743985683,649.7979999999999,-29.024026502,-58.76631999999999,888.719959179,591.03737,448.6044121878,275.9746,476.6604049302,306.26572187906766
2025,03,BSNZ,AT,REP,PSR5,TBSC,PSR0LA23,"",088H 185/70 R14,14,0,,0,,0,,0,,0,,0,
2025,03,BSNZ,AT,REP,PSR5,TBSC,PSR0LA23,3,088H 185/70 R14,14,198,201,9401.639793903,9548.275199999998,-299.02059558999997,-657.3372499999999,9102.61919831,8890.93795,5308.3413151296,5395.578474,4858.1644865481,4606.749972366992
2025,03,BSNZ,AT,REP,PSR5,TBSC,PSR0LC04,"",082H 185/60 R14,14,0,,0,,0,,0,,0,,0,
2025,03,BSNZ,AT,REP,PSR5,TBSC,PSR0LC04,3,082H 185/60 R14,14,49,6,2063.4401151909997,339.08986,-62.735116168,-12.73991,2000.7049990220005,326.34425999999996,1304.5338860818,155.956152,1107.8311299502002,169.38009278380372
2025,03,BSNZ,AT,REP,PSR5,TBSC,PSR0LC61,"",084H 175/70 R14,14,0,,0,,0,,0,,0,,0,
2025,03,BSNZ,AT,REP,PSR5,TBSC,PSR0LC61,3,084H 175/70 R14,14,36,43,2258.085840451,3131.9182499999997,-70.5799623,-205.58539,2187.5058781509997,2926.3328599999995,973.8554561098001,1172.3740159999998,1184.7199344164,1516.8175684913617
2025,03,BSNZ,AT,REP,PSR5,TBSC,PSR0LF75,"",081H 165/70 R14,14,0,,0,,0,,0,,0,,0,
2025,03,BSNZ,AT,REP,PSR5,TBSC,PSR0LF75,3,081H 165/70 R14,14,261,300,11641.539715616997,13976.364069999998,-366.88596022099995,-913.8026199999999,11274.653755394002,13062.56145,6516.8762387124,7446.9714,6063.681250866201,6764.014760479864
2025,03,BSNZ,AT,REP,PSR5,TBSC,PSR0LFUF,"",084H 175/70 R14,14,0,,0,,0,,0,,0,,0,
2025,03,BSNZ,AT,REP,PSR5,TBSC,PSR0LFUF,3,084H 175/70 R14,14,15,42,955.8802537129999,2702.8581099999997,-32.118560278000004,-29.451439999999998,923.761693433,2673.40667,414.357437571,1169.2120439999999,469.3921650765,1387.3050921508648
2025,03,BSNZ,AT,REP,PSR5,TBSC,PSR0LFXF,"",086H 185/65 R14,14,0,,0,,0,,0,,0,,0,
2025,03,BSNZ,AT,REP,PSR5,TBSC,PSR0LFXF,3,086H 185/65 R14,14,14,17,1083.5781233829998,1254.20687,-34.372015698,-27.391659999999998,1049.206107685,1226.81521,412.13970589219997,494.416406,561.2919315868,635.3089719789926
2025,03,BSNZ,AT,REP,PSR5,TBSC,PSR0LFZF,"",082H 175/65 R14,14,0,,0,,0,,0,,0,,0,
2025,03,BSNZ,AT,REP,PSR5,TBSC,PSR0LFZF,3,082H 175/65 R14,14,186,337,11679.720652775002,20690.49579,-361.604264329,-362.41886,11318.116388441998,20328.07693,5076.4638984224,8902.056526,6176.8644757948,10551.329088555269
2025,03,BSNZ,AT,REP,PSR5,TBSC,PSR0LH10,"",079S 165/65 R14,14,0,,0,,0,,0,,0,,0,
2025,03,BSNZ,AT,REP,PSR5,TBSC,PSR0LH10,3,079S 165/65 R14,14,0,6,0,601.6378399999999,-1.5702110000000002,-41.537,-1.5702110000000002,560.10084,0,168.255324,-22.496554,289.90341673512756
2025,03,BSNZ,AT,REP,PSR5,TBSC,PSR0LH82,"",082H 175/65 R14,14,0,,0,,0,,0,,0,,0,
2025,03,BSNZ,AT,REP,PSR5,TBSC,PSR0LH82,3,082H 175/65 R14,14,103,37,8308.938001126,2965.7190399999995,-256.274504672,-212.03215999999998,8052.663496452999,2753.68688,2583.384730799399,932.2326860000001,4408.1462571079,1424.3425542045434
2025,03,BSNZ,AT,REP,PSR5,TBSC,PSR0LH83,"",086H 185/65 R14,14,0,,0,,0,,0,,0,,0,
2025,03,BSNZ,AT,REP,PSR5,TBSC,PSR0LH83,3,086H 185/65 R14,14,10,3,862.599947167,251.08262999999997,-27.142260207999996,-21.781319999999997,835.4576869580001,229.30130999999997,272.7493457524,80.410044,449.9940160739,119.1109729953361
2025,03,BSNZ,AT,REP,PSR5,TBSC,PSR0LXQ2,"",079S 165/65 R14,14,0,,0,,0,,0,,0,,0,
2025,03,BSNZ,AT,REP,PSR5,TBSC,PSR0LXQ2,3,079S 165/65 R14,14,18,,1815.414781971,,-53.290020894,,1762.124761076,,22.565357019,,1001.968767437,
2025,03,BSNZ,AT,REP,PSR6,"",11007458,"",,19,0,,0,,0,,0,,0,,0,
2025,03,BSNZ,AT,REP,PSR6,"",11007458,3,,19,8,,1015.748052,,-34.516227,,981.2318280000001,,383.049936,,409.5529431686,
2025,03,BSNZ,AT,REP,PSR6,"",11007459,"",,18,0,,0,,0,,0,,0,,0,
2025,03,BSNZ,AT,REP,PSR6,"",11007459,3,,18,27,,3320.836982,,-106.45314200000001,,3214.3838389999996,,1104.3441670000002,,1425.5737766528,
2025,03,BSNZ,AT,REP,PSR6,"",11007460,"",,18,0,,0,,0,,0,,0,,0,
2025,03,BSNZ,AT,REP,PSR6,"",11007460,3,,18,62,,6226.904361,,-185.517853,,6041.386507000001,,4084.445216999999,,2864.2515101993004,
2025,03,BSNZ,AT,REP,PSR6,"",11007461,"",,18,0,,0,,0,,0,,0,,0,
2025,03,BSNZ,AT,REP,PSR6,"",11007461,3,,18,2,,336.341783,,-11.877037000000001,,324.464746,,4.180682,,129.5435797093,
2025,03,BSNZ,AT,REP,PSR6,"",11007463,"",,18,0,,0,,0,,0,,0,,0,
2025,03,BSNZ,AT,REP,PSR6,"",11007463,3,,18,4,,461.956954,,-23.247711000000002,,438.70924399999996,,5.552501000000007,,83.8765367833,
2025,03,BSNZ,AT,REP,PSR6,"",11007464,"",,19,0,,0,,0,,0,,0,,0,
2025,03,BSNZ,AT,REP,PSR6,"",11007464,3,,19,4,,726.7443780000001,,-30.380513,,696.363866,,460.346093,,215.94591035370004,
2025,03,BSNZ,AT,REP,PSR6,"",11007465,"",,19,0,,0,,0,,0,,0,,0,
2025,03,BSNZ,AT,REP,PSR6,"",11007465,3,,19,49,,4658.995635000001,,-143.311268,,4515.684365,,2405.2772170000003,,2081.9317940539004,
2025,03,BSNZ,AT,REP,PSR6,"",11007471,"",,20,0,,0,,0,,0,,0,,0,
2025,03,BSNZ,AT,REP,PSR6,"",11007471,3,,20,6,,883.918289,,-30.584023,,853.334265,,660.4872720000001,,348.9760499888,
2025,03,BSNZ,AT,REP,PSR6,"",11007473,"",,20,0,,0,,0,,0,,0,,0,
2025,03,BSNZ,AT,REP,PSR6,"",11007473,3,,20,0,,0,,-0.593958,,-0.593958,,0,,-8.052336,
2025,03,BSNZ,AT,REP,PSR6,"",11007476,"",,21,0,,0,,0,,0,,0,,0,
2025,03,BSNZ,AT,REP,PSR6,"",11007476,3,,21,31,,4928.49565,,-146.75468,,4781.74097,,1993.4715369999997,,2268.1138884212,
2025,03,BSNZ,AT,REP,PSR6,0,300131089,3,,17,,0,,0,,0,,0,,0,,0
2025,03,BSNZ,AT,REP,PSR6,0,300131091,3,,18,,0,,0,,0,,0,,0,,0
2025,03,BSNZ,AT,REP,PSR6,BFNT,LVR0C12F,"",121Q 265/70 R17,17,0,,0,,0,,0,,0,,0,
2025,03,BSNZ,AT,REP,PSR6,BFNT,LVR0C12F,3,121Q 265/70 R17,17,101,46,19360.867561706997,8659.46875,-575.512493049,-1051.2445699999998,18785.355068656005,7608.224179999999,9584.6463354356,4185.964948,8923.2910279534,3532.333007956249
2025,03,BSNZ,AT,REP,PSR6,BFNT,LVR0C22F,3,125Q 285/65 R18,18,,1,,303.57856999999996,,0,,303.57856999999996,,159.382828,,141.97780659691463
2025,03,BSNZ,AT,REP,PSR6,BFNT,LVR0C28F,3,121Q 285/70 R17,17,,3,,836.93641,,0,,836.93641,,428.20744499999995,,390.77574366003006
2025,03,BSNZ,AT,REP,PSR6,BFNT,LVR0C29F,3,121Q 315/70 R17,17,,1,,344.21086,,0,,344.21086,,176.851224,,160.9768747441335
2025,03,BSNZ,AT,REP,PSR6,BFNT,LVR0C30F,3,121Q 245/75 R17,17,,3,,647.21474,,0,,647.21474,,324.62154,,302.18949163332246
2025,03,BSNZ,AT,REP,PSR6,BFNT,LVR0C31F,3,125Q 275/70 R18,18,,6,,1302.6287699999998,,-121.64650999999998,,1180.9822599999998,,705.67335,,548.810893339569
2025,03,BSNZ,AT,REP,PSR6,BFNT,LVR0C32F,3,123Q 275/65 R18,18,,3,,698.3450799999999,,0,,698.3450799999999,,387.21834,,326.0681075107778
2025,03,BSNZ,AT,REP,PSR6,BFNT,PSR0C020,3,110H 265/60 R18,18,,4,,779.89985,,-77.09949999999999,,702.80035,,409.819696,,326.56300425482937
2025,03,BSNZ,AT,REP,PSR6,BFNT,PSR0C021,"",112T 245/75 R17,17,0,,0,,0,,0,,0,,0,
2025,03,BSNZ,AT,REP,PSR6,BFNT,PSR0C021,3,112T 245/75 R17,17,4,5,757.633080008,951.6695699999999,-23.800690398,-125.04912999999999,733.8323896100001,826.6204399999999,311.08816981,459.20457000000005,331.84196816450003,383.9109691045184
2025,03,BSNZ,AT,REP,PSR6,BFNT,PSR0C022,3,112T 245/75 R17,17,,5,,910.6731199999999,,-73.62859999999999,,837.0445199999999,,484.61084,,387.9799883575229
2025,03,BSNZ,AT,REP,PSR6,BFNT,PSR0C023,"",113T 255/70 R18,18,0,,0,,0,,0,,0,,0,
2025,03,BSNZ,AT,REP,PSR6,BFNT,PSR0C023,3,113T 255/70 R18,18,8,11,1444.510261264,2533.7569999999996,-43.723167072,-165.8635,1400.787094192,2367.8878099999997,825.2412921456,1221.362868,655.1360292493,1098.2981308944097
2025,03,BSNZ,AT,REP,PSR6,BFNT,PSR0U445,"",102H 235/55 R20,20,0,,0,,0,,0,,0,,0,
2025,03,BSNZ,AT,REP,PSR6,BFNT,PSR0U445,3,102H 235/55 R20,20,3,17,937.124803594,4276.729179999999,-34.370136473,-406.55049999999994,902.7546671209996,3870.17868,395.197432047,2232.6169360000004,343.58941943860003,1797.2369312197372
2025,03,BSNZ,AT,REP,PSR6,BFNT,PSR0U472,3,112H 265/60 R20,20,,5,,1221.05124,,-99.31895,,1121.73229,,665.4325299999999,,519.9867330767221
2025,03,BSNZ,AT,REP,PSR6,BFNT,PSR0U473,3,112H 265/50 R22,22,,4,,1268.5968799999998,,-100.28625,,1168.30494,,665.3184600000001,,542.473593549343
2025,03,BSNZ,AT,REP,PSR6,BRIDGESTON,'-,3,,17,,0,,0,,0,,0,,0,,0
2025,03,BSNZ,AT,REP,PSR6,BRIDGESTON,'-,3,,18,,1,,307.69244,,0,,307.69244,,151.67264,,143.90051113835693
2025,03,BSNZ,AT,REP,PSR6,BRIDGESTON,'-,3,,20,,156,,27963.089629999995,,-2566.26397,,25396.819969999997,,13019.98318,,11810.09170058431
2025,03,BSNZ,AT,REP,PSR6,BRIDGESTON,'-,3,,22,,12,,3468.53296,,-279.56107999999995,,3188.97188,,1770.81335,,1481.7907562799471
2025,03,BSNZ,AT,REP,PSR6,BRIDGESTON,13882,3,,20,,2,,484.2531399999999,,-58.06076,,426.19237999999996,,270.50389731999996,,197.9755116640508
2025,03,BSNZ,AT,REP,PSR6,BSEU,PSR0G080,3,D10Y 275/45ZR20,20,2,6,364.734597,1168.53254,-11.373176999999998,-113.16840999999998,353.361421,1055.36413,158.368788,467.71799999999996,147.18496399999998,454.04492999999997
2025,03,BSNZ,AT,REP,PSR6,BSEU,PSR0G081,"",D12Y 305/40ZR20,20,0,,0,,0,,0,,0,,0,
2025,03,BSNZ,AT,REP,PSR6,BSEU,PSR0G081,3,D12Y 305/40ZR20,20,,6,,1840.1346199999998,,-194.42161,,1645.71301,,332.45532,,707.92704
2025,03,BSNZ,AT,REP,PSR6,BSEU,PSR0G169,"",108W 285/45 R20,20,0,,0,,0,,0,,145.666026,,0,
2025,03,BSNZ,AT,REP,PSR6,BSEU,PSR0G169,3,108W 285/45 R20,20,20,13,6079.440405,5074.4558,-194.238435,-476.84475999999995,5885.20197,4597.61104,1430.355849,945.4845399999999,2389.999487,1976.4442599999998
2025,03,BSNZ,AT,REP,PSR6,BSEU,PSR0G286,"",107W 255/55 R19,19,0,,0,,0,,0,,140.501158,,0,
2025,03,BSNZ,AT,REP,PSR6,BSEU,PSR0G286,3,107W 255/55 R19,19,13,10,3336.1584940000002,2951.45421,-99.368573,-270.51398,3236.789919,2680.9402299999997,716.14885,716.2003,1409.4452910000002,1150.77405
2025,03,BSNZ,AT,REP,PSR6,BSEU,PSR0G287,3,109Y 285/40 R21,21,0,,-20.24628226599998,,0.5943131099999981,,-19.651969156000064,,0,,-9.433361792200003,
2025,03,BSNZ,AT,REP,PSR6,BSEU,PSR0G347,3,D11Y 315/35ZR21,21,0,5,0,2070.39185,-1.174696,-107.63203999999999,-1.174696,1962.7541199999998,-0.274954,369.1103,-15.92544,847.2978999999999
2025,03,BSNZ,AT,REP,PSR6,BSEU,PSR0G348,3,D09Y 285/40ZR21,21,0,3,0,1221.80801,-1.0103550000000001,-85.60036,-1.0103550000000001,1136.2019599999999,-0.23648799999999998,239.88470999999996,-13.697457,490.01711
2025,03,BSNZ,AT,REP,PSR6,BSEU,PSR0G427,3,100V 235/55 R18,18,4,5,487.69754,804.35547,-14.444605,-60.80903,473.252935,743.54644,264.163627,328.82509999999996,207.146884,320.4494199999999
2025,03,BSNZ,AT,REP,PSR6,BSEU,PSR0G529,"",096W 235/45 R20,20,0,,0,,0,,0,,0,,0,
2025,03,BSNZ,AT,REP,PSR6,BSEU,PSR0G529,3,096W 235/45 R20,20,0,4,0,1262.06476,-1.770105,-91.41554,-1.770105,1170.6435299999998,-0.414318,190.86535999999998,-23.997435,503.83811999999995
2025,03,BSNZ,AT,REP,PSR6,BSEU,PSR0G720,3,108H 235/60 R20,20,,1,,197.62507999999997,,0,,197.62507999999997,,62.45344,,85.61743
2025,03,BSNZ,AT,REP,PSR6,BSEU,PSR0G722,3,109Y 255/50 R21,21,,0,,0,,0,,0,,0,,0
2025,03,BSNZ,AT,REP,PSR6,BSEU,PSR0G723,3,107Y 275/40 R22,22,0,3,0,1052.4224,-2.7933820000000003,-56.02943,-2.7933820000000003,996.3872799999998,-0.653831,234.69543,-37.870075,428.96340999999995
2025,03,BSNZ,AT,REP,PSR6,BSEU,PSR0G811,"",109H 285/40 R21,21,0,,0,,0,,0,,-79.857234,,0,
2025,03,BSNZ,AT,REP,PSR6,BSEU,PSR0G811,3,109H 285/40 R21,21,17,7,6788.635397,2928.84215,-216.15876599999999,-244.26601,6572.47663,2684.57614,1494.9727510000002,540.37361,2678.815729000001,1156.1738599999999
2025,03,BSNZ,AT,REP,PSR6,BSEU,PSR0G828,3,116S 265/70 R17,17,4,6,708.407701,1053.23607,-20.794731,-80.26313999999999,687.61297,972.9729299999999,371.64157,536.9539199999999,303.42558,418.80675999999994
2025,03,BSNZ,AT,REP,PSR6,BSEU,PSR0G829,3,116S 255/70 R18,18,,7,,1284.23869,,-104.94067,,1179.29802,,632.3410799999999,,507.56506999999993
2025,03,BSNZ,AT,REP,PSR6,BSEU,PSR0G871,"",108H 265/45 R21,21,0,,0,,0,,0,,0,,0,
2025,03,BSNZ,AT,REP,PSR6,BSEU,PSR0G871,3,108H 265/45 R21,21,7,2,1982.940763,576.26613,-59.436220000000006,-30.68048,1923.504543,545.58565,541.254506,284.66501,832.677921,234.8832
2025,03,BSNZ,AT,REP,PSR6,BSEU,PSR0P413,"",109H 255/50 R20,20,0,,0,,0,,0,,136.972297,,0,
2025,03,BSNZ,AT,REP,PSR6,BSEU,PSR0P413,3,109H 255/50 R20,20,23,73,5822.844182,16094.85918,-178.91145699999998,-1477.3686699999998,5643.932723,14617.49051,1516.4977010000002,5126.496539999999,2385.768788,6288.07021
2025,03,BSNZ,AT,REP,PSR6,BSEU,PSR0S135,3,103W 235/60 R18,18,10,39,1465.404246,4944.37671,-44.149421000000004,-474.3184,1421.254824,4470.058309999999,742.650187,2653.5997799999996,612.293447,1923.5557099999999
2025,03,BSNZ,AT,REP,PSR6,BSEU,PSR0S197,"",112T 255/60 R18,18,0,,0,,0,,0,,0,,0,
2025,03,BSNZ,AT,REP,PSR6,BSEU,PSR0S197,3,112T 255/60 R18,18,2,37,466.602544,8993.34657,-17.344957,-971.7325099999999,449.257587,8021.608369999999,166.592296,3005.9473399999997,150.396296,3446.2224699999997
2025,03,BSNZ,AT,REP,PSR6,BSFC,PSR0F09S,"",099V 215/55 R18,18,0,,0,,0,,0,,0,,0,
2025,03,BSNZ,AT,REP,PSR6,BSFC,PSR0F09S,3,099V 215/55 R18,18,5,3,398.683134682,268.98906,-17.178810389,0,381.50432429299997,268.98906,231.51344095219997,130.14130799999998,146.3651338191,148.69203505965837
2025,03,BSNZ,AT,REP,PSR6,BSFC,PSR0F948,"",099V 215/65 R17,17,0,,0,,0,,0,,0,,0,
2025,03,BSNZ,AT,REP,PSR6,BSFC,PSR0F948,3,099V 215/65 R17,17,6,3,1299.2574242900002,489.23758,-42.62536868700002,-43.847139999999996,1256.6320556029993,445.39043999999996,274.8412142982,146.643948,657.9895599433999,245.26135973959933
2025,03,BSNZ,AT,REP,PSR6,BSFC,PSR0F950,"",103V 235/55 R17,17,0,,0,,0,,0,,0,,0,
2025,03,BSNZ,AT,REP,PSR6,BSFC,PSR0F950,3,103V 235/55 R17,17,18,41,2536.2684187120003,5194.06529,-88.51145989300001,-562.29149,2447.7569588190004,4631.7738,795.7094146055999,2000.530466,1212.5727471751,2554.5455403304804
2025,03,BSNZ,AT,REP,PSR6,BSFC,PSR0F951,"",098V 225/55 R18,18,0,,0,,0,,0,,0,,0,
2025,03,BSNZ,AT,REP,PSR6,BSFC,PSR0F951,3,098V 225/55 R18,18,475,423,74937.36465679799,69181.85362,-2324.270711794,-7221.37246,72613.09394499799,61960.481159999996,23650.894690284404,20204.424108000003,39769.2280055948,34176.374985474504
2025,03,BSNZ,AT,REP,PSR6,BSFC,PSR0F952,"",107V 235/60 R18,18,0,,0,,0,,0,,0,,0,
2025,03,BSNZ,AT,REP,PSR6,BSFC,PSR0F952,3,107V 235/60 R18,18,178,104,26844.805854159997,15948.63187,-818.135622742,-1710.45383,26026.670231416,14238.178039999999,9954.4940889592,5609.292832,14443.692843772402,7855.767159231376
2025,03,BSNZ,AT,REP,PSR6,BSFC,PSR0F953,"",106H 235/65 R18,18,0,,0,,0,,0,,0,,0,
2025,03,BSNZ,AT,REP,PSR6,BSFC,PSR0F953,3,106H 235/65 R18,18,42,98,9068.324344408,16625.09321,-298.09985633500014,-1832.1743099999997,8770.224488073003,14792.924589999999,2288.9045270212005,5169.95864,4584.221266602901,8164.118096118702
2025,03,BSNZ,AT,REP,PSR6,BSFC,PSR0F954,"",105H 245/60 R18,18,0,,0,,0,,0,,0,,0,
2025,03,BSNZ,AT,REP,PSR6,BSFC,PSR0F954,3,105H 245/60 R18,18,36,114,5300.66207412,14276.500189999997,-177.181815562,-1551.14521,5123.480258558,12725.354979999998,2046.6037376532001,6158.195868000001,2640.0453096559004,7023.73031338225
2025,03,BSNZ,AT,REP,PSR6,BSFC,PSR0F955,"",099V 225/55 R19,19,0,,0,,0,,0,,0,,0,
2025,03,BSNZ,AT,REP,PSR6,BSFC,PSR0F955,3,099V 225/55 R19,19,139,131,22353.838728732,18600.757939999996,-679.37264284,-1994.1287799999998,21674.466085890002,16606.629159999997,6459.2827830343995,6314.052755999999,12053.8270257267,9166.699661162093
2025,03,BSNZ,AT,REP,PSR6,BSFC,PSR0FA22,"",103W 235/50 R19,19,0,,0,,0,,0,,0,,0,
2025,03,BSNZ,AT,REP,PSR6,BSFC,PSR0FA22,3,103W 235/50 R19,19,123,68,25019.06691998,13793.902839999999,-757.725000824,-1644.58639,24261.341919153005,12149.316449999998,6837.700160533,3391.429008,13525.004500198898,6712.8624328960495
2025,03,BSNZ,AT,REP,PSR6,BSFC,PSR0FA33,"",096H 215/60 R17,17,0,,0,,0,,0,,0,,0,
2025,03,BSNZ,AT,REP,PSR6,BSFC,PSR0FA33,3,096H 215/60 R17,17,6,,1105.8624346139998,,-46.170516314,,1059.6919182999995,,252.4457259,,425.98602859979985,
2025,03,BSNZ,AT,REP,PSR6,BSIN,LVR0N12S,"",116S 265/65 R17,17,0,,0,,0,,0,,0,,0,
2025,03,BSNZ,AT,REP,PSR6,BSIN,LVR0N12S,3,116S 265/65 R17,17,257,348,29468.346581702,37245.63045,-909.865178901,-568.84637,28558.481402793,36676.78408,13469.2316262504,23185.77492,14951.9646846582,20253.850322406637
2025,03,BSNZ,AT,REP,PSR6,BSIN,LVR0N16S,"",110S 225/70 R17,17,0,,0,,0,,0,,0,,0,
2025,03,BSNZ,AT,REP,PSR6,BSIN,LVR0N16S,3,110S 225/70 R17,17,3,1,486.982833456,133.48171,-15.518766624999998,-3.26606,471.4640668309999,130.20996,152.7999712272,60.495204,240.566616817,71.89665173939898
2025,03,BSNZ,AT,REP,PSR6,BSIN,LVR0N18S,"",114S 255/65 R17,17,0,,0,,0,,0,,0,,0,
2025,03,BSNZ,AT,REP,PSR6,BSIN,LVR0N18S,3,114S 255/65 R17,17,118,234,9987.302314751998,16462.797339999997,-309.71543912399994,-771.72332,9677.586875626002,15691.07402,6018.510534544201,15437.276711999999,5049.51334457,8658.246409423506
2025,03,BSNZ,AT,REP,PSR6,BSIN,LVR0N207,"",121S 285/70 R17,17,0,,0,,0,,0,,0,,0,
2025,03,BSNZ,AT,REP,PSR6,BSIN,LVR0N207,3,121S 285/70 R17,17,4,2,1115.818066517,465.88012999999995,-36.143890665,-43.56832999999999,1079.674175852,422.3118,277.8709892224,169.8606,543.2958274334,232.9950639738766
2025,03,BSNZ,AT,REP,PSR6,BSIN,LVR0N208,"",114S 265/60 R18,18,0,,0,,0,,0,,0,,0,
2025,03,BSNZ,AT,REP,PSR6,BSIN,LVR0N208,3,114S 265/60 R18,18,737,,148849.081465588,,-4577.224180121,,144271.85728545903,,50268.19916164549,,75778.25180136522,
2025,03,BSNZ,AT,REP,PSR6,BSIN,LVR0N20S,3,120S 285/65 R17,17,,3,,529.5683,,-69.01969999999999,,460.54859999999996,,231.97996800000004,,257.7252141962486
2025,03,BSNZ,AT,REP,PSR6,BSIN,LVR0N210,3,114S 245/70 R17,17,4,2,728.977834396,350.65193999999997,-21.530390025,-40.50711,707.447444371,310.13913999999994,239.9878708022,143.833974,383.1794606519,172.89973104473344
2025,03,BSNZ,AT,REP,PSR6,BSIN,LVR0N211,"",118S 285/60 R18,18,0,,0,,0,,0,,0,,0,
2025,03,BSNZ,AT,REP,PSR6,BSIN,LVR0N211,3,118S 285/60 R18,18,26,32,6084.8788689289995,8434.452009999999,-182.58877974499998,-983.9716999999999,5902.290089184,7450.480309999999,1819.9066458275,2583.274848,3159.497815281,4109.327913798168
2025,03,BSNZ,AT,REP,PSR6,BSIN,PSR0N075,"",099H 225/60 R17,17,0,,0,,0,,0,,0,,0,
2025,03,BSNZ,AT,REP,PSR6,BSIN,PSR0N075,3,099H 225/60 R17,17,5,,715.778107072,,-21.788246791,,693.989860281,,199.9736139,,367.46009908009995,
2025,03,BSNZ,AT,REP,PSR6,BSIN,PSR0N53S,"",099V 225/60 R17,17,0,,0,,0,,0,,0,,0,
2025,03,BSNZ,AT,REP,PSR6,BSIN,PSR0N53S,3,099V 225/60 R17,17,100,69,8215.975962117,6896.211719999999,-251.079556078,-112.85546,7964.896406038,6783.35626,3902.047114917601,3224.0543940000002,4204.281821899301,3745.1496090478695
2025,03,BSNZ,AT,REP,PSR6,BSIN,PSR0N54S,"",096H 215/60 R17,17,0,,0,,0,,0,,0,,0,
2025,03,BSNZ,AT,REP,PSR6,BSIN,PSR0N54S,3,096H 215/60 R17,17,101,168,9175.893188273,15129.45395,-289.762669128,-172.42976,8886.130519143,14957.024189999998,3487.2807392389996,7202.620656000001,4568.3800489931,8259.605614507203
2025,03,BSNZ,AT,REP,PSR6,BSIN,PSR0N55S,"",111H 245/65 R17,17,0,,0,,0,,0,,0,,0,
2025,03,BSNZ,AT,REP,PSR6,BSIN,PSR0N55S,3,111H 245/65 R17,17,50,80,4539.248869155,6860.984929999999,-145.262628614,-131.30813,4393.98624054,6729.6768,2233.4254619599997,4391.35664,2234.1394251291003,3715.727159137474
2025,03,BSNZ,AT,REP,PSR6,BSIN,PSR0N57S,"",108V 235/65 R17,17,0,,0,,0,,0,,0,,0,
2025,03,BSNZ,AT,REP,PSR6,BSIN,PSR0N57S,3,108V 235/65 R17,17,65,73,6597.708376574,7745.466979999999,-200.83133032299997,-69.31558,6396.877046247,7676.1514,2757.3130678984,3815.6150999999995,3386.8078646584,4237.679754909701
2025,03,BSNZ,AT,REP,PSR6,BSIN,PSR0N58S,"",102V 225/65 R17,17,0,,0,,0,,0,,0,,0,
2025,03,BSNZ,AT,REP,PSR6,BSIN,PSR0N58S,3,102V 225/65 R17,17,321,332,24126.996515615,28483.724629999997,-740.107942438,-219.95833,23386.888573176002,28263.760609999998,12104.598227495399,15457.228776,12307.321338275702,15606.78564792137
2025,03,BSNZ,AT,REP,PSR6,BSIN,PSR0N59S,"",102H 235/60 R17,17,0,,0,,0,,0,,0,,0,
2025,03,BSNZ,AT,REP,PSR6,BSIN,PSR0N59S,3,102H 235/60 R17,17,23,55,2292.894258445,5783.116849999999,-68.853733984,-44.70064,2224.0405244599997,5738.416209999999,908.1974305514,2680.79493,1189.8362917711002,3169.7340028146095
2025,03,BSNZ,AT,REP,PSR6,BSIN,PSR0N61S,"",099H 235/50 R19,19,0,,0,,0,,0,,0,,0,
2025,03,BSNZ,AT,REP,PSR6,BSIN,PSR0N61S,3,099H 235/50 R19,19,37,50,3678.1844237630003,5404.51563,-115.641853701,-43.52280999999999,3562.542570062,5360.9928199999995,1502.6383729170002,2581.6395,1837.8103222826003,2959.705149883038
2025,03,BSNZ,AT,REP,PSR6,BSIN,PSR0N62S,"",098V 225/55 R18,18,0,,0,,0,,0,,0,,0,
2025,03,BSNZ,AT,REP,PSR6,BSIN,PSR0N62S,3,098V 225/55 R18,18,248,298,25481.610156779003,33207.374859999996,-789.6661870639999,-333.28037,24691.943969703,32874.094489999996,9282.7898639366,14068.074591999999,12890.0707295029,18153.405609822763
2025,03,BSNZ,AT,REP,PSR6,BSIN,PSR0N63S,"",104V 235/55 R18,18,0,,0,,0,,0,,0,,0,
2025,03,BSNZ,AT,REP,PSR6,BSIN,PSR0N63S,3,104V 235/55 R18,18,48,72,4492.011266295,7559.7339999999995,-146.52936821499998,-107.31339999999999,4345.48189808,7452.4205999999995,2035.6795406815997,3831.0196320000005,2173.230086388,4114.155422001416
2025,03,BSNZ,AT,REP,PSR6,BSIN,PSR0N64S,"",101V 235/55 R19,19,0,,0,,0,,0,,0,,0,
2025,03,BSNZ,AT,REP,PSR6,BSIN,PSR0N64S,3,101V 235/55 R19,19,59,68,7031.685706017,8375.74828,-215.24374329599996,-89.30454999999999,6816.441962719999,8286.443729999999,2451.8033910590007,3555.607528,3593.3032836570997,4573.833689061628
2025,03,BSNZ,AT,REP,PSR6,BSIN,PSR0N65S,"",103V 245/55 R19,19,0,,0,,0,,0,,0,,0,
2025,03,BSNZ,AT,REP,PSR6,BSIN,PSR0N65S,3,103V 245/55 R19,19,19,13,3137.5986362070003,2039.28462,-94.855916019,-45.54276,3042.742720188,1993.7418599999999,889.6260734724001,709.9526720000001,1619.5986314237998,1100.8998676216993
2025,03,BSNZ,AT,REP,PSR6,BSIN,PSR0N70S,"",107V 235/60 R18,18,0,,0,,0,,0,,0,,0,
2025,03,BSNZ,AT,REP,PSR6,BSIN,PSR0N70S,3,107V 235/60 R18,18,43,92,4416.777287461,9410.30977,-143.152576034,-54.1688,4273.624711426,9356.14097,1876.5792846152,4989.273344,2149.0767604808,5165.132908586189
2025,03,BSNZ,AT,REP,PSR6,BSIN,PSR0N71S,"",100V 225/60 R18,18,0,,0,,0,,0,,0,,0,
2025,03,BSNZ,AT,REP,PSR6,BSIN,PSR0N71S,3,100V 225/60 R18,18,89,124,8832.058159133998,13200.287899999998,-280.044901814,-135.42768999999998,8552.01325732,13064.860209999999,3359.9105557886,5947.555592000001,4381.8911379563,7215.482850065532
2025,03,BSNZ,AT,REP,PSR6,BSIN,PSR0N72S,"",105H 245/60 R18,18,0,,0,,0,,0,,0,,0,
2025,03,BSNZ,AT,REP,PSR6,BSIN,PSR0N72S,3,105H 245/60 R18,18,121,80,10492.309141356,8820.655069999999,-317.220685572,-95.79114999999999,10175.088455783,8724.86392,5275.5598918902,4382.00928,5415.472849442001,4818.976155919364
2025,03,BSNZ,AT,REP,PSR6,BSIN,PSR0N73S,"",099V 225/55 R19,19,0,,0,,0,,0,,0,,0,
2025,03,BSNZ,AT,REP,PSR6,BSIN,PSR0N73S,3,099V 225/55 R19,19,87,68,9926.083274828,7899.87651,-303.545646782,-99.69449,9622.537628044,7800.176329999999,3304.968383233,3266.484584,5076.327100243399,4308.193549180093
2025,03,BSNZ,AT,REP,PSR6,BSIN,PSR0NC88,"",102S 225/65 R17,17,0,,0,,0,,0,,0,,0,
2025,03,BSNZ,AT,REP,PSR6,BSIN,PSR0NC88,3,102S 225/65 R17,17,0,,0,,-0.62673,,-0.62673,,0,,-8.496622,
2025,03,BSNZ,AT,REP,PSR6,BSIN,PSR0NH35,"",099V 215/55 R18,18,0,,0,,0,,0,,0,,0,
2025,03,BSNZ,AT,REP,PSR6,BSIN,PSR0NH35,3,099V 215/55 R18,18,177,143,21679.831839980994,16585.37701,-659.6961017,-1755.7632999999998,21020.135738269,14829.61371,7369.6946990216,7498.377744,11132.427101851199,8180.191112873371
2025,03,BSNZ,AT,REP,PSR6,BSIN,PSR0NJ60,"",114S 265/60 R18,18,0,,0,,0,,0,,0,,0,
2025,03,BSNZ,AT,REP,PSR6,BSIN,PSR0NJ60,3,114S 265/60 R18,18,28,28,5623.513780380999,5775.384139999999,-185.66341804500001,-320.60305,5437.850362335,5454.7810899999995,1656.6194271591999,1966.02756,2690.2245418961,3014.540334557943
2025,03,BSNZ,AT,REP,PSR6,BSIN,PSR0NJ61,"",112S 265/65 R17,17,0,,0,,0,,0,,0,,0,
2025,03,BSNZ,AT,REP,PSR6,BSIN,PSR0NJ61,3,112S 265/65 R17,17,130,326,19155.093639934006,50796.07525999999,-586.559033885,-5799.3845599999995,18568.534606048,44996.6907,7389.334373017502,22514.69448,9786.079919451102,24818.51934655127
2025,03,BSNZ,AT,REP,PSR6,BSJ,LVR08724,"",120Q 265/65 R17,17,0,,0,,0,,0,,0,,0,
2025,03,BSNZ,AT,REP,PSR6,BSJ,LVR08724,3,120Q 265/65 R17,17,50,52,11717.108712426001,10882.72814,-363.88602430099996,-1156.9249399999999,11353.222689125001,9725.803199999998,5448.6600144284,5871.573136,5206.247634654799,4518.739477934218
2025,03,BSNZ,AT,REP,PSR6,BSJ,LVR09518,"",110S 225/70 R17,17,0,,0,,0,,0,,0,,0,
2025,03,BSNZ,AT,REP,PSR6,BSJ,LVR09518,3,110S 225/70 R17,17,25,25,4243.293561590999,4317.424059999999,-131.693250355,-546.00671,4111.6003112359995,3771.4173499999993,1869.8636980426002,2028.8905000000002,1880.3417563783999,1755.699942041572
2025,03,BSNZ,AT,REP,PSR6,BSJ,LVR09519,3,120S 285/65 R17,17,0,2,0,534.94535,-0.457788,-78.48217,-0.457788,456.46317999999997,0,237.850468,-6.2062599999999986,215.0414669620769
2025,03,BSNZ,AT,REP,PSR6,BSJ,LVR09520,"",118S 275/65 R17,17,0,,0,,0,,0,,0,,0,
2025,03,BSNZ,AT,REP,PSR6,BSJ,LVR09520,3,118S 275/65 R17,17,22,5,5657.936927146,1261.3762699999997,-167.959562825,-182.80262999999997,5489.977364320001,1078.5736399999998,2150.1521963149003,553.026915,2610.7803321336,508.61626463019434
2025,03,BSNZ,AT,REP,PSR6,BSJ,PSR0964F,"",098V 225/55 R18,18,0,,0,,0,,0,,0,,0,
2025,03,BSNZ,AT,REP,PSR6,BSJ,PSR0964F,3,098V 225/55 R18,18,235,74,26789.047615134,9884.13883,-814.0211253779999,-407.44383,25975.026489735996,9476.695,16233.218644770599,5043.399108,12106.634346526196,4414.866560763619
2025,03,BSNZ,AT,REP,PSR6,BSJ,PSR10280,"",102V 245/50 R20,20,0,,0,,0,,0,,0,,0,
2025,03,BSNZ,AT,REP,PSR6,BSJ,PSR10280,3,102V 245/50 R20,20,7,4,1757.724603159,1264.3976599999999,-54.785596729,-143.96268999999998,1702.93900643,1120.43497,1024.3257285502,559.0632919999999,775.7437994142999,522.5708167068067
2025,03,BSNZ,AT,REP,PSR6,BSJ,PSR11307,3,116H 265/70 R18,18,1,4,298.55728427,1242.5537499999998,-9.017273679,-187.47412,289.540010591,1055.07963,143.770717,575.082868,135.6720329852,500.05135905396315
2025,03,BSNZ,AT,REP,PSR6,BSJ,PSR13601,3,108H 255/60 R18,18,27,33,5050.62663014,6154.338139999999,-151.75359478500002,-649.5134999999999,4898.873035355,5504.824639999999,2765.5268531229,3602.273565,2305.8082400382,2556.1051314599868
2025,03,BSNZ,AT,REP,PSR6,BSJ,PSR13759,"",096S 215/60 R17,17,0,,0,,0,,0,,0,,0,
2025,03,BSNZ,AT,REP,PSR6,BSJ,PSR13759,3,096S 215/60 R17,17,10,,1423.365012797,,-44.120204541999996,,1379.244808255,,675.2170097508001,,631.4862676219,
2025,03,BSNZ,AT,REP,PSR6,BSJ,PSR13817,3,100V 235/55 R18,18,1,3,177.302936314,602.10442,-5.813690617,-35.602329999999995,171.489245697,566.5077799999999,99.63653986,295.980432,74.341485935,262.94169693648
2025,03,BSNZ,AT,REP,PSR6,BSJ,PSR14059,"",102V 235/55 R20,20,0,,0,,0,,0,,0,,0,
2025,03,BSNZ,AT,REP,PSR6,BSJ,PSR14059,3,102V 235/55 R20,20,4,22,1393.2021841150004,6733.591519999999,-46.819303297000005,-506.28481999999997,1346.3828808179996,6227.306699999999,593.5371203805998,3454.261052,568.8370977254001,2893.2126866952435
2025,03,BSNZ,AT,REP,PSR6,BSJ,PSR14143,"",101V 235/55 R19,19,0,,0,,0,,0,,0,,0,
2025,03,BSNZ,AT,REP,PSR6,BSJ,PSR14143,3,101V 235/55 R19,19,6,8,1231.762371882,1731.24509,-38.153825223999995,-136.53724,1193.608546658,1594.70785,728.0284425,875.9248640000001,546.8498023469999,739.8589085716695
2025,03,BSNZ,AT,REP,PSR6,BSJ,PSR14945,"",100H 225/60 R18,18,0,,0,,0,,0,,0,,0,
2025,03,BSNZ,AT,REP,PSR6,BSJ,PSR14945,3,100H 225/60 R18,18,26,27,5498.803158646,4687.979619999999,-184.20666379100004,-583.31035,5314.596494854,4104.669269999999,1942.9527125426,2149.602246,2252.9233546893,1905.2265100819463
2025,03,BSNZ,AT,REP,PSR6,BSJ,PSR15127,"",102W 265/35 R22,22,0,,0,,0,,0,,0,,0,
2025,03,BSNZ,AT,REP,PSR6,BSJ,PSR15127,3,102W 265/35 R22,22,2,,563.679726232,,-19.239022820000002,,544.440703412,,240.891086502,,226.1309669101,
2025,03,BSNZ,AT,REP,PSR6,BSJ,PSR15128,"",106W 285/35 R22,22,0,,0,,0,,0,,0,,0,
2025,03,BSNZ,AT,REP,PSR6,BSJ,PSR15128,3,106W 285/35 R22,22,0,1,0,314.89028999999994,-4.522317999999999,-16.762739999999997,-4.522317999999999,298.12755,0,169.949274,-61.309388,138.6206734285859
2025,03,BSNZ,AT,REP,PSR6,BSJ,PSR15196,3,098V 225/55 R18,18,,48,,9007.42363,,-516.35043,,8491.073199999999,,4340.168544,,3958.2046718305214
2025,03,BSNZ,AT,REP,PSR6,BSJ,PSR15218,"",098H 225/55 R18,18,0,,0,,0,,0,,0,,0,
2025,03,BSNZ,AT,REP,PSR6,BSJ,PSR15218,3,098H 225/55 R18,18,1,47,159.6921326,7746.66188,-7.413700362000001,-682.4187699999999,152.278432238,7064.243109999999,81.311425102,3955.7547180000006,37.447971018299995,3286.617210355273
2025,03,BSNZ,AT,REP,PSR6,BSJ,PSR15301,"",105W 235/55 R19,19,0,,0,,0,,0,,0,,0,
2025,03,BSNZ,AT,REP,PSR6,BSJ,PSR15301,3,105W 235/55 R19,19,61,13,11774.262862186999,2712.5937,-357.05674827099995,-255.64601,11417.206113916,2456.94769,5482.2392580054,1158.4450020000002,5330.9058623325,1140.5080074817602
2025,03,BSNZ,AT,REP,PSR6,BSJ,PSR15302,3,116W 285/50 R20,20,10,8,2904.989735788,2592.7566099999995,-86.285638381,-257.75131,2818.704097406,2335.0053,1481.0387976318,1267.344848,1339.8033190955,1084.9886347464221
2025,03,BSNZ,AT,REP,PSR6,BSJ,PSR15320,"",101H 215/70 R17,17,0,,0,,0,,0,,0,,0,
2025,03,BSNZ,AT,REP,PSR6,BSJ,PSR15320,3,101H 215/70 R17,17,4,15,573.484599828,2412.4348199999995,-17.701685891,-190.58655,555.7829139370001,2221.84827,281.3977463616,1201.80786,255.4430742311,1031.4732526915643
2025,03,BSNZ,AT,REP,PSR6,BSJ,PSR15328,"",112V 255/60 R18,18,0,,0,,0,,0,,0,,0,
2025,03,BSNZ,AT,REP,PSR6,BSJ,PSR15328,3,112V 255/60 R18,18,35,20,6985.626251408001,4601.411959999999,-212.764511115,-564.81216,6772.861740292001,4036.5997999999995,3395.5635926608,1968.71532,3150.2497800065,1874.0500929183588
2025,03,BSNZ,AT,REP,PSR6,BSJ,PSR15339,"",111V 265/50 R20,20,0,,0,,0,,0,,0,,0,
2025,03,BSNZ,AT,REP,PSR6,BSJ,PSR15339,3,111V 265/50 R20,20,72,61,12516.881531545998,11382.253239999998,-391.73071203200004,-1083.0459799999999,12125.150819513,10299.20157,6223.4633166024,5210.353918,5502.2206452751,4792.820615326696
2025,03,BSNZ,AT,REP,PSR6,BSJ,PSR15457,3,110Y 255/55 R20,20,0,1,0,269.51822999999996,-1.233411,-28.52397,-1.233411,240.99426,0,143.068376,-16.721443,111.96904882191674
2025,03,BSNZ,AT,REP,PSR6,BSJ,PSR15509,3,110H 285/45 R22,22,4,0,1158.71718032,0,-34.788731176000006,0,1123.928449144,0,731.0055028276,0,529.3677917648,0
2025,03,BSNZ,AT,REP,PSR6,BSJ,PSR15519,3,099V 225/60 R17,17,,16,,2602.5775499999995,,-263.2194,,2339.35815,,1310.648768,,1087.460122829691
2025,03,BSNZ,AT,REP,PSR6,BSJ,PSR15595,3,111HP275/50 R22,22,,0,,0,,0,,0,,0,,0
2025,03,BSNZ,AT,REP,PSR6,BSJ,PSR15718,3,107Y 295/35 R21,21,,7,,2093.31117,,-187.19530999999998,,1906.1158599999999,,907.659676,,886.5901816817579
2025,03,BSNZ,AT,REP,PSR6,BSJ,PSR15721,3,101V 235/55 R19,19,,5,,1060.2290799999998,,-124.65082999999998,,935.5782499999999,,485.12178,,434.6073760672819
2025,03,BSNZ,AT,REP,PSR6,BSJ,PSR15919,"",106Y 275/40 R20,20,0,,0,,0,,0,,0,,0,
2025,03,BSNZ,AT,REP,PSR6,BSJ,PSR15919,3,106Y 275/40 R20,20,9,2,1827.6541230429998,465.76633,-55.412620774000004,-61.20164,1772.2415022690002,404.56469,993.9091846442,226.04274,827.6544173213,187.89308612875058
2025,03,BSNZ,AT,REP,PSR6,BSJ,PSR15928,"",110Y 275/45 R20,20,0,,0,,0,,0,,0,,0,
2025,03,BSNZ,AT,REP,PSR6,BSJ,PSR15928,3,110Y 275/45 R20,20,0,19,0,3879.9370299999996,-4.853181000000001,-332.5805,-4.853181000000001,3547.3565299999996,0,1886.60538,-65.79490799999999,1650.5846784690773
2025,03,BSNZ,AT,REP,PSR6,BSJ,PSR15964,3,114W 295/45 R20,20,0,3,0,1042.8518199999999,-0.992941,-102.01600999999998,-0.992941,940.8358099999999,0,531.400518,-13.461374,437.1840039874654
2025,03,BSNZ,AT,REP,PSR6,BSJ,PSR15967,3,107Y 275/40 R21,21,4,1,1663.779843334,476.9187299999999,-48.838900893,-33.32633,1614.940942441,443.5924,926.9878932644,218.076804,775.2058871263,205.20953192370567
2025,03,BSNZ,AT,REP,PSR6,BSJ,PSR15971,3,105Y 265/40 R21,21,2,2,650.952035062,660.8252200000001,-20.126994296,-63.796279999999996,630.825040766,597.0289399999999,330.3046789878,314.247076,289.4861323178,279.8398878497529
2025,03,BSNZ,AT,REP,PSR6,BSJ,PSR15972,3,105Y 285/35 R21,21,4,4,1050.72956338,1059.71129,-31.355068718,-104.51392,1019.374494662,955.1916799999999,579.8690926336,528.783464,482.6290640858,443.8465646071872
2025,03,BSNZ,AT,REP,PSR6,BSJ,PSR16010,"",109V 255/55 R18,18,0,,0,,0,,0,,0,,0,
2025,03,BSNZ,AT,REP,PSR6,BSJ,PSR16010,3,109V 255/55 R18,18,29,10,3848.641815711,1431.89988,-116.52112995099999,-144.83326,3732.120685756,1287.0666199999998,2181.6106706922,773.14248,1745.0987182005997,596.779521763704
2025,03,BSNZ,AT,REP,PSR6,BSJ,PSR16128,"",107W 235/60 R18,18,0,,0,,0,,0,,0,,0,
2025,03,BSNZ,AT,REP,PSR6,BSJ,PSR16128,3,107W 235/60 R18,18,27,15,4611.758031181,2328.90562,-146.499947821,-234.93440999999999,4465.25808336,2093.9712099999997,2143.4629877386,1148.9497800000001,1997.8460359689002,972.1590236675345
2025,03,BSNZ,AT,REP,PSR6,BSJ,PSR16129,"",102V 225/65 R17,17,0,,0,,0,,0,,0,,0,
2025,03,BSNZ,AT,REP,PSR6,BSJ,PSR16129,3,102V 225/65 R17,17,589,130,68398.82612390099,16468.06628,-2073.3714962449994,-1969.17244,66325.45462765302,14498.893839999999,35256.41719817579,7575.77678,30978.7780858927,6740.5762484682355
2025,03,BSNZ,AT,REP,PSR6,BSJ,PSR16149,"",100H 225/60 R18,18,0,,0,,0,,0,,0,,0,
2025,03,BSNZ,AT,REP,PSR6,BSJ,PSR16149,3,100H 225/60 R18,18,17,9,3466.2070763389997,1914.2241099999999,-105.513057769,-113.76585999999999,3360.694018569,1800.4525599999997,1680.4166216552,892.3337280000001,1563.9495587199,835.5919099741743
2025,03,BSNZ,AT,REP,PSR6,BSJ,PSR16208,"",098H 225/55 R18,18,0,,0,,0,,0,,0,,0,
2025,03,BSNZ,AT,REP,PSR6,BSJ,PSR16208,3,098H 225/55 R18,18,109,98,18268.651545696997,15995.949909999998,-562.660888483,-1488.94782,17705.990657211005,14507.00209,8512.927938882396,7806.313284,8153.624619475999,6742.033430780207
2025,03,BSNZ,AT,REP,PSR6,BSJ,PSR16241,"",111W 255/55 R19,19,0,,0,,0,,0,,0,,0,
2025,03,BSNZ,AT,REP,PSR6,BSJ,PSR16241,3,111W 255/55 R19,19,10,21,1990.06548881,4545.450809999999,-63.13264200900001,-554.63844,1926.9328468009999,3990.812369999999,1129.7049814094,2409.1465860000003,863.2986721924001,1847.6869455117394
2025,03,BSNZ,AT,REP,PSR6,BSJ,PSR16244,"",102V 235/55 R20,20,0,,0,,0,,0,,0,,0,
2025,03,BSNZ,AT,REP,PSR6,BSJ,PSR16244,3,102V 235/55 R20,20,54,51,10944.768322509,11200.008229999998,-334.09937977399994,-1132.95297,10610.668942732002,10067.06095,5904.3339474834,5558.849142,4925.5008609713,4685.503759625781
2025,03,BSNZ,AT,REP,PSR6,BSJ,PSR16330,"",107Y 255/50 R19,19,0,,0,,0,,0,,0,,0,
2025,03,BSNZ,AT,REP,PSR6,BSJ,PSR16330,3,107Y 255/50 R19,19,4,2,843.604400485,425.25352999999996,-28.958361500000002,-26.151239999999998,814.6460389839999,399.09659999999997,390.7608281874,196.37727999999998,336.17451298789996,185.10436485029135
2025,03,BSNZ,AT,REP,PSR6,BSJ,PSR16577,3,109V 235/65 R19,19,,4,,905.0855399999999,,-83.21624999999999,,821.86929,,538.03156,,381.93216845153887
2025,03,BSNZ,AT,REP,PSR6,BSJ,PSR16760,"",109V 255/50 R20,20,0,,0,,0,,0,,0,,0,
2025,03,BSNZ,AT,REP,PSR6,BSJ,PSR16760,3,109V 255/50 R20,20,144,65,25808.833853943,12596.41389,-786.283668932,-1108.89565,25022.550185007003,11487.518239999998,13017.3464514896,5911.926020000001,11636.088302374501,5336.103159985653
2025,03,BSNZ,AT,REP,PSR6,BSJ,PSR16878,"",109V 265/55 R19,19,0,,0,,0,,0,,0,,0,
2025,03,BSNZ,AT,REP,PSR6,BSJ,PSR16878,3,109V 265/55 R19,19,8,4,1677.035407068,689.2979799999999,-52.01628916,-36.7005,1625.019117908,652.60317,660.2399939136,349.643216,743.5811074621,303.4391683978395
2025,03,BSNZ,AT,REP,PSR6,BSJ,PSR16931,"",100W 235/50 R20,20,0,,0,,0,,0,,0,,0,
2025,03,BSNZ,AT,REP,PSR6,BSJ,PSR16931,3,100W 235/50 R20,20,2,0,403.38456040400007,0,-12.693383909,0,390.69117649600014,0,219.546584252,0,176.3937072775,0
2025,03,BSNZ,AT,REP,PSR6,BSJ,PSR16978,3,101W 235/50 R21,21,2,2,645.446565036,657.7469299999999,-18.946557712,-69.61146,626.500007324,588.13547,258.0125132642,336.272138,300.7332845424,273.25741247178024
2025,03,BSNZ,AT,REP,PSR6,BSJ,PSR16983,"",101W 255/45 R20,20,0,,0,,0,,0,,0,,0,
2025,03,BSNZ,AT,REP,PSR6,BSJ,PSR16983,3,101W 255/45 R20,20,119,7,26571.358203467003,1610.7877899999999,-814.6837714000002,-153.56171999999998,25756.674432064003,1457.23176,12945.711889283797,801.405836,11909.3888793094,676.634955617608
2025,03,BSNZ,AT,REP,PSR6,BSJ,PSR17151,"",110Y 275/45 R20,20,0,,0,,0,,0,,0,,0,
2025,03,BSNZ,AT,REP,PSR6,BSJ,PSR17151,3,110Y 275/45 R20,20,6,22,1898.488192769,6260.371289999999,-56.248037144,-515.99196,1842.2401556250002,5744.37933,823.8834247781,2957.49289,877.5212686492,2678.038982994234
2025,03,BSNZ,AT,REP,PSR6,BSJ,PSR17170,3,103S 245/55 R19,19,,2,,578.1495199999999,,-75.96718999999999,,502.18233,,274.074108,,233.23142192817454
2025,03,BSNZ,AT,REP,PSR6,BSJ,PSR17195,3,098H 225/55 R18,18,0,4,0,830.2051399999999,-1.035459,-63.984049999999996,-1.035459,766.2210899999999,0,369.75272,-14.037802,354.7570194262202
2025,03,BSNZ,AT,REP,PSR6,BSJ,PSR17238,3,096H 215/60 R17,17,,4,,691.8983099999999,,-52.609739999999995,,639.2942599999999,,273.029656,,295.95348853278637
2025,03,BSNZ,AT,REP,PSR6,BSJ,PSR17246,3,103H 235/60 R18,18,0,1,0,158.37545999999998,-0.689918,-16.762739999999997,-0.689918,141.61272,0,95.83375500000001,-9.353268,65.79610164234461
2025,03,BSNZ,AT,REP,PSR6,BSJ,PSR17267,"",103H 235/60 R18,18,0,,0,,0,,0,,0,,0,
2025,03,BSNZ,AT,REP,PSR6,BSJ,PSR17267,3,103H 235/60 R18,18,1,,239.018920287,,-7.144382543,,231.874537744,,79.9743041321,,109.6285192483,
2025,03,BSNZ,AT,REP,PSR6,BSJ,PSR17268,3,104V 235/50 R20,20,1,,204.445015215,,-6.645754746,,197.799260468,,89.7856670471,,86.5204940269,
2025,03,BSNZ,AT,REP,PSR6,BSJ,PSR17305,"",101H 225/65 R17,17,0,,0,,0,,0,,0,,0,
2025,03,BSNZ,AT,REP,PSR6,BSJ,PSR17305,3,101H 225/65 R17,17,15,50,2079.783432398,6040.970579999999,-62.216242101,-548.09494,2017.5671902969998,5492.875639999999,869.35362314,3196.91545,953.2285925904002,2551.056104368661
2025,03,BSNZ,AT,REP,PSR6,BSJ,PSR17330,"",100V 225/60 R18,18,0,,0,,0,,0,,0,,0,
2025,03,BSNZ,AT,REP,PSR6,BSJ,PSR17330,3,100V 225/60 R18,18,47,115,10408.225091537,22632.21967,-319.33309992,-2032.7354299999997,10088.891991616001,20599.478549999996,4534.648183186,11102.26997,4662.2584469364,9577.763491591608
2025,03,BSNZ,AT,REP,PSR6,BSJ,PSR17455,"",105V 255/50 R20,20,0,,0,,0,,0,,0,,0,
2025,03,BSNZ,AT,REP,PSR6,BSJ,PSR17455,3,105V 255/50 R20,20,10,13,3475.48150404,4836.41465,-104.08596514199999,-519.05887,3371.3955388980003,4317.35578,1687.547716085,2355.589522,1591.3236336122,2004.1005762708407
2025,03,BSNZ,AT,REP,PSR6,BSJ,PSR17570,"",100V 235/50 R20,20,0,,0,,0,,0,,0,,0,
2025,03,BSNZ,AT,REP,PSR6,BSJ,PSR17570,3,100V 235/50 R20,20,7,5,2114.6309358790004,1359.1361599999998,-68.450703156,-99.93346999999999,2046.1802327229998,1259.20269,1027.594575,717.094575,898.8118326773,585.3214799940737
2025,03,BSNZ,AT,REP,PSR6,BSJ,PSR17572,"",100V 225/60 R18,18,0,,0,,0,,0,,0,,0,
2025,03,BSNZ,AT,REP,PSR6,BSJ,PSR17572,3,100V 225/60 R18,18,40,4,5714.002266427,650.0085299999998,-174.171362711,-55.47180999999999,5539.830903715,594.5367200000001,2725.503965008,300.360456,2574.9643838657,275.5377337707049
2025,03,BSNZ,AT,REP,PSR6,BSJ,PSR17607,"",101W 255/45 R20,20,0,,0,,0,,0,,0,,0,
2025,03,BSNZ,AT,REP,PSR6,BSJ,PSR17607,3,101W 255/45 R20,20,0,16,0,3341.43543,-18.610143,-334.9589199999999,-18.610143,3006.4765099999995,0,1856.0640799999999,-252.29897799999992,1398.9557008751367
2025,03,BSNZ,AT,REP,PSR6,BSJ,PSR17610,"",114V 265/65 R18,18,0,,0,,0,,0,,0,,0,
2025,03,BSNZ,AT,REP,PSR6,BSJ,PSR17610,3,114V 265/65 R18,18,2,2,498.161282738,467.00674999999995,-15.272522325,0,482.888760412,467.00674999999995,204.560920047,240.99851600000002,223.304557331,218.40904298599463
2025,03,BSNZ,AT,REP,PSR6,BSJ,PSR17613,"",102V 245/50 R20,20,0,,0,,0,,0,,0,,0,
2025,03,BSNZ,AT,REP,PSR6,BSJ,PSR17613,3,102V 245/50 R20,20,11,1,2278.203698974,216.07206,-68.883902489,-11.505179999999998,2209.319796485,204.56687999999997,1172.483864541,111.61513,1034.2409130792,95.11773180350264
2025,03,BSNZ,AT,REP,PSR6,BSJ,PSR17642,3,113V 265/55 R20,20,6,1,1337.639372524,227.79345999999995,-41.053903261,-12.125389999999998,1296.585469262,215.66806999999997,640.4662359018,118.76937600000001,598.9990363731,100.27979942501558
2025,03,BSNZ,AT,REP,PSR6,BSJ,PSR17694,3,101V 235/55 R19,19,2,2,385.271229,345.8382,-11.309322832,-28.108599999999996,373.961906168,317.72959999999995,157.3395657291,183.553148,179.5096424911,147.67738989507086
2025,03,BSNZ,AT,REP,PSR6,BSJ,PSR17723,"",102H 225/65 R17,17,0,,0,,0,,0,,0,,0,
2025,03,BSNZ,AT,REP,PSR6,BSJ,PSR17723,3,102H 225/65 R17,17,76,124,9281.463088659999,15801.044649999998,-287.302677597,-1876.1011099999998,8994.16041106,13924.93785,4796.9230262184,7739.11776,4122.874709467298,6473.815999478161
2025,03,BSNZ,AT,REP,PSR6,BSJ,PSR17795,"",101V 235/55 R19,19,0,,0,,0,,0,,0,,0,
2025,03,BSNZ,AT,REP,PSR6,BSJ,PSR17795,3,101V 235/55 R19,19,6,,1288.654090031,,-39.848915229,,1248.805174802,,583.3889299656,,573.0173678866,
2025,03,BSNZ,AT,REP,PSR6,BSJ,PSR17823,"",107Y 295/35 R21,21,0,,0,,0,,0,,0,,0,
2025,03,BSNZ,AT,REP,PSR6,BSJ,PSR17823,3,107Y 295/35 R21,21,6,,1605.749062421,,-52.67984463,,1553.069217791,,772.8771358506001,,673.0018604237,
2025,03,BSNZ,AT,REP,PSR6,BSJ,PSR17824,"",102Y 255/40 R21,21,0,,0,,0,,0,,0,,0,
2025,03,BSNZ,AT,REP,PSR6,BSJ,PSR17824,3,102Y 255/40 R21,21,1,3,429.672342232,1017.9239299999999,-17.179010313,-92.76975999999999,412.49333191900007,925.1541699999999,149.41235375,465.8645639999999,138.29142539070003,432.35915681427747
2025,03,BSNZ,AT,REP,PSR6,BSJ,PSR17919,3,099V 225/60 R17,17,15,,2121.2084649770004,,-65.72694223799999,,2055.481522739,,1108.6153068999997,,941.3614114888999,
2025,03,BSNZ,AT,REP,PSR6,BSJ,PSR17921,"",098V 225/55 R18,18,0,,0,,0,,0,,0,,0,
2025,03,BSNZ,AT,REP,PSR6,BSJ,PSR17921,3,098V 225/55 R18,18,38,,6565.178084108,,-211.55309575199996,,6353.624988356,,3226.8412346,,2803.4910226633997,
2025,03,BSNZ,AT,REP,PSR6,BSWX,PSR0W615,3,105W 245/50 R19,19,,0,,0,,0,,0,,0,,0
2025,03,BSNZ,AT,REP,PSR6,BSWX,PSR0W617,3,106W 275/40 R20,20,,1,,227.41791999999998,,-24.068699999999996,,203.34921999999997,,40.933992,,97.49942849060099
2025,03,BSNZ,AT,REP,PSR6,BSWX,PSR0W698,"",103W 245/45 R20,20,0,,0,,0,,0,,0,,0,
2025,03,BSNZ,AT,REP,PSR6,BSWX,PSR0W698,3,103W 245/45 R20,20,4,,1028.495504918,,-30.190647059,,998.304857859,,158.3771775916,,553.1615861652,
2025,03,BSNZ,AT,REP,PSR6,BSWX,PSR0W703,3,106W 275/40 R20,20,2,,379.687588,,-11.456128603,,368.23145939700004,,103.475556448,,199.9972306269,
2025,03,BSNZ,AT,REP,PSR6,BSWX,PSR0W803,3,099V 225/55 R19,19,1,,175.985197038,,-5.613946986,,170.371250052,,40.7622106881,,88.57693629949999,
2025,03,BSNZ,AT,REP,PSR6,BTMV,PSR0V13D,"",102V 225/65 R17,17,0,,0,,0,,0,,0,,0,
2025,03,BSNZ,AT,REP,PSR6,BTMV,PSR0V13D,3,102V 225/65 R17,17,306,402,20682.169200024,26683.48829,-645.7676211070001,-613.0406,20036.401580914004,26070.447689999997,16361.237102275998,24134.515416,13653.976643482103,14771.153072566261
2025,03,BSNZ,AT,REP,PSR6,BTMV,PSR0V14D,"",108V 235/65 R17,17,0,,0,,0,,0,,0,,0,
2025,03,BSNZ,AT,REP,PSR6,BTMV,PSR0V14D,3,108V 235/65 R17,17,5,24,307.608366331,2037.48658,-13.678626321000001,-11.28896,293.92974001,2026.19762,305.462261115,1568.420832,147.93221578919997,1148.8204670055552
2025,03,BSNZ,AT,REP,PSR6,BTMV,PSR0V15D,"",096H 215/60 R17,17,0,,0,,0,,0,,0,,0,
2025,03,BSNZ,AT,REP,PSR6,BTMV,PSR0V15D,3,096H 215/60 R17,17,165,0,11700.558800987,0,-359.1866387609999,0,11341.372162220003,0,7826.762054199,0,7818.571350487,0
2025,03,BSNZ,AT,REP,PSR6,BTMV,PSR0V16D,"",099V 225/60 R17,17,0,,0,,0,,0,,0,,0,
2025,03,BSNZ,AT,REP,PSR6,BTMV,PSR0V16D,3,099V 225/60 R17,17,117,95,7939.351219695001,7441.057669999999,-245.38491676499996,-82.05548999999999,7693.966302927,7358.996489999999,5871.860464230199,5315.2253,5283.046581324799,4170.4652752159
2025,03,BSNZ,AT,REP,PSR6,BTMV,PSR0V17D,"",102V 235/60 R17,17,0,,0,,0,,0,,0,,0,
2025,03,BSNZ,AT,REP,PSR6,BTMV,PSR0V17D,3,102V 235/60 R17,17,42,55,2943.1204201769997,4488.69875,-88.34279847099998,-85.31585999999999,2854.7776217050005,4403.38289,2274.3463590738,3357.8322799999996,1994.1698468166,2495.463538514303
2025,03,BSNZ,AT,REP,PSR6,BTMV,PSR0V18D,"",103V 235/55 R17,17,0,,0,,0,,0,,0,,0,
2025,03,BSNZ,AT,REP,PSR6,BTMV,PSR0V18D,3,103V 235/55 R17,17,57,54,4165.9601337409995,3770.8483499999993,-127.11161111,-70.72100999999999,4038.8485226310004,3700.12165,3468.8524697684006,3384.49914,2794.6293155653,2096.713184346409
2025,03,BSNZ,AT,REP,PSR6,BTMV,PSR0V19D,"",100V 225/60 R18,18,0,,0,,0,,0,,0,,0,
2025,03,BSNZ,AT,REP,PSR6,BTMV,PSR0V19D,3,100V 225/60 R18,18,123,87,9188.802566265,7291.42205,-279.873668144,-114.14139999999999,8908.92889812,7177.28065,6609.614475180199,5077.319478,6170.3658521199995,4066.3383073487707
2025,03,BSNZ,AT,REP,PSR6,BTMV,PSR0V208,"",105W 255/45 R20,20,0,,0,,0,,0,,0,,0,
2025,03,BSNZ,AT,REP,PSR6,BTMV,PSR0V208,3,105W 255/45 R20,20,142,83,32610.825320143,17763.3834,-984.9817550800001,-1839.1900799999999,31625.84356506,15924.193319999998,10466.212527287,6439.911236,22010.0477469357,9027.041095067994
2025,03,BSNZ,AT,REP,PSR6,BTMV,PSR0V20D,"",107V 235/60 R18,18,0,,0,,0,,0,,0,,0,
2025,03,BSNZ,AT,REP,PSR6,BTMV,PSR0V20D,3,107V 235/60 R18,18,0,0,0,0,-3.9954529999999995,0,-3.9954529999999995,0,0,0,-54.16663199999999,0
2025,03,BSNZ,AT,REP,PSR6,BTMV,PSR0V213,"",099V 225/55 R19,19,0,,0,,0,,0,,0,,0,
2025,03,BSNZ,AT,REP,PSR6,BTMV,PSR0V213,3,099V 225/55 R19,19,73,37,13086.921024877,6598.823869999999,-417.875167376,-668.1539399999999,12669.045857499998,5930.669929999999,4471.124723238799,2394.75951,8526.616307370296,3360.424513433631
2025,03,BSNZ,AT,REP,PSR6,BTMV,PSR0V215,"",103V 245/55 R19,19,0,,0,,0,,0,,0,,0,
2025,03,BSNZ,AT,REP,PSR6,BTMV,PSR0V215,3,103V 245/55 R19,19,5,9,1167.974857098,2096.4918799999996,-40.991155325,-201.7105,1126.983701773,1894.78138,310.1512999442,681.05961,710.9183019822001,1071.4854496151731
2025,03,BSNZ,AT,REP,PSR6,BTMV,PSR0V21D,3,105H 245/60 R18,18,0,3,0,325.23471,-1.4040610000000002,0,-1.4040610000000002,325.23471,0,206.884788,-19.034931999999998,184.83114069349037
2025,03,BSNZ,AT,REP,PSR6,BTMV,PSR0V22D,"",098V 225/55 R18,18,0,,0,,0,,0,,0,,0,
2025,03,BSNZ,AT,REP,PSR6,BTMV,PSR0V22D,3,098V 225/55 R18,18,404,434,31392.915961582006,35413.56994,-972.9071525490001,-555.8674799999999,30420.00880903001,34857.70245999999,21247.748474631793,25690.832244,20849.437435023,19753.30561840541
2025,03,BSNZ,AT,REP,PSR6,BTMV,PSR0V23D,"",104V 235/55 R18,18,0,,0,,0,,0,,0,,0,
2025,03,BSNZ,AT,REP,PSR6,BTMV,PSR0V23D,3,104V 235/55 R18,18,105,116,8916.560982028,9289.5509,-278.05901370000004,-163.22903,8638.501968326002,9126.316179999998,6289.5265771008,7586.577944,5899.381214070399,5172.12349123383
2025,03,BSNZ,AT,REP,PSR6,BTMV,PSR0V29D,"",099V 215/55 R18,18,0,,0,,0,,0,,0,,0,
2025,03,BSNZ,AT,REP,PSR6,BTMV,PSR0V29D,3,099V 215/55 R18,18,23,60,1779.054111779,4698.5800899999995,-54.58032489299999,-43.687819999999995,1724.473786886,4654.897959999999,1259.3472383051997,3669.16968,1189.2682324656,2637.1469411877983
2025,03,BSNZ,AT,REP,PSR6,BTMV,PSR0V42D,"",112V 255/60 R18,18,0,,0,,0,,0,,0,,0,
2025,03,BSNZ,AT,REP,PSR6,BTMV,PSR0V42D,3,112V 255/60 R18,18,23,18,2660.833865781,2190.3825699999998,-82.320323269,0,2578.513542508,2190.3825699999998,1535.8970293436,1297.5355800000002,1769.5300248980998,1241.73930729476
2025,03,BSNZ,AT,REP,PSR6,BTMV,PSR0V43D,"",106H 235/65 R18,18,0,,0,,0,,0,,0,,0,
2025,03,BSNZ,AT,REP,PSR6,BTMV,PSR0V43D,3,106H 235/65 R18,18,30,29,3094.9340353260004,3408.24172,-93.881400438,-59.47187999999999,3001.052634887,3348.7755299999994,1975.2244812145998,1923.4519699999998,2083.6895398465003,1898.113533758371
2025,03,BSNZ,AT,REP,PSR6,TBSC,LVR0L11S,"",114S 265/60 R18,18,0,,0,,0,,0,,0,,0,
2025,03,BSNZ,AT,REP,PSR6,TBSC,LVR0L11S,3,114S 265/60 R18,18,91,163,13726.236752095,22470.925239999997,-433.937569466,-1107.96249,13292.299182629,21362.96275,5461.6641917376,9393.856912,6570.4012706858,11089.510994063736
2025,03,BSNZ,AT,REP,PSR6,TBSC,LVR0L193,"",114S 255/65 R17,17,0,,0,,0,,0,,0,,0,
2025,03,BSNZ,AT,REP,PSR6,TBSC,LVR0L193,3,114S 255/65 R17,17,128,67,21917.142166122,15899.06059,-661.287720649,-1982.4301399999997,21255.854445461002,13916.630449999999,6980.9415501099,3683.359706,10919.6460582158,7219.611208454006
2025,03,BSNZ,AT,REP,PSR6,TBSC,LVR0L253,"",117R 245/65 R17,17,0,,0,,0,,0,,0,,0,
2025,03,BSNZ,AT,REP,PSR6,TBSC,LVR0L253,3,117R 245/65 R17,17,52,75,10002.244138068,15177.506,-311.166179308,-1787.33711,9691.077958758,13390.168889999999,3117.0353638071997,4375.2159,4856.261044506102,6944.215096982989
2025,03,BSNZ,AT,REP,PSR6,TBSC,LVR0L398,3,121R 265/70 R17,17,,1,,190.56379,,-25.041689999999996,,165.52779,,67.750782,,85.80299413874594
2025,03,BSNZ,AT,REP,PSR6,TBSC,LVR0L417,"",116S 265/65 R17,17,0,,0,,0,,0,,0,,0,
2025,03,BSNZ,AT,REP,PSR6,TBSC,LVR0L417,3,116S 265/65 R17,17,959,970,157839.715029122,161667.32984,-4920.934830182,-19159.00953,152918.78019891898,142508.32030999998,56691.43395378011,57827.61020999999,76480.77306827671,73903.64127751377
2025,03,BSNZ,AT,REP,PSR6,TBSC,LVR0L419,3,114S 265/60 R18,18,,671,,125171.04393999999,,-14554.724119999999,,110616.31981999999,,42137.195639000005,,57373.75407568043
2025,03,BSNZ,AT,REP,PSR6,TBSC,PSR0L16S,"",102V 245/50 R20,20,0,,0,,0,,0,,0,,0,
2025,03,BSNZ,AT,REP,PSR6,TBSC,PSR0L16S,3,102V 245/50 R20,20,3,12,523.924202312,1841.21572,-19.560518826,-13.39426,504.363683486,1827.82146,141.998688007,568.2491759999999,210.16957394820002,949.0051218591975
2025,03,BSNZ,AT,REP,PSR6,TBSC,PSR0L681,"",112H 255/60 R18,18,0,,0,,0,,0,,0,,0,
2025,03,BSNZ,AT,REP,PSR6,TBSC,PSR0L681,3,112H 255/60 R18,18,5,23,1233.811568129,5694.398369999999,-39.423319709,-522.911,1194.3882484199999,5171.487369999999,269.8426662992,1223.389343,584.9641642486,2682.2851818536465
2025,03,BSNZ,AT,REP,PSR6,TBSC,PSR0L76F,"",102H 235/60 R17,17,0,,0,,0,,0,,0,,0,
2025,03,BSNZ,AT,REP,PSR6,TBSC,PSR0L76F,3,102H 235/60 R17,17,10,35,1230.707063733,4231.533509999999,-38.412559973,-256.87505,1192.29450376,3974.6584599999996,409.464663311,1440.97723,595.8284876161,2063.402455734239
2025,03,BSNZ,AT,REP,PSR6,TBSC,PSR0L80D,"",103V 245/55 R19,19,0,,0,,0,,0,,0,,0,
2025,03,BSNZ,AT,REP,PSR6,TBSC,PSR0L80D,3,103V 245/55 R19,19,5,12,631.9955738670001,1372.7124999999999,-19.376955832,-33.69618,612.6186180349999,1339.02201,220.568290074,549.761256,310.71057139259995,695.351139389053
2025,03,BSNZ,AT,REP,PSR6,TBSC,PSR0L81D,"",099V 235/50 R19,19,0,,0,,0,,0,,0,,0,
2025,03,BSNZ,AT,REP,PSR6,TBSC,PSR0L81D,3,099V 235/50 R19,19,6,18,501.338374467,1305.96311,-15.510819421,-27.414419999999996,485.827555046,1278.54869,268.25122871580004,777.3301799999999,244.56917590979998,663.7175645739353
2025,03,BSNZ,AT,REP,PSR6,TBSC,PSR0L82D,3,107V 255/50 R19,19,,6,,569.3072599999999,,-16.023039999999998,,553.28422,,281.295564,,287.1955350425691
2025,03,BSNZ,AT,REP,PSR6,TBSC,PSR0L83D,"",110V 265/60 R18,18,0,,0,,0,,0,,0,,0,
2025,03,BSNZ,AT,REP,PSR6,TBSC,PSR0L83D,3,110V 265/60 R18,18,19,48,2659.047100661,6323.006809999999,-84.763213881,-49.6168,2574.2838867789997,6273.395699999999,906.1923202926,2283.4194239999997,1263.3712482664,3257.8006033526367
2025,03,BSNZ,AT,REP,PSR6,TBSC,PSR0L95D,"",111V 265/50 R20,20,0,,0,,0,,0,,0,,0,
2025,03,BSNZ,AT,REP,PSR6,TBSC,PSR0L95D,3,111V 265/50 R20,20,64,91,5792.0057311969995,8138.19078,-184.27076703599994,-115.20542999999999,5607.734964161,8022.985349999999,3339.4171513252,4831.915088,2756.8124047088995,4165.038869459759
2025,03,BSNZ,AT,REP,PSR6,TBSC,PSR0L96D,"",109V 255/50 R20,20,0,,0,,0,,0,,0,,0,
2025,03,BSNZ,AT,REP,PSR6,TBSC,PSR0L96D,3,109V 255/50 R20,20,16,11,1694.18835222,1144.11106,-50.285311715,-18.327489999999997,1643.903040505,1125.7835699999998,828.9453969632,559.2368319999999,855.3738232332,584.7213963921247
2025,03,BSNZ,AT,REP,PSR6,TBSC,PSR0L97D,"",105V 235/55 R19,19,0,,0,,0,,0,,0,,0,
2025,03,BSNZ,AT,REP,PSR6,TBSC,PSR0L97D,3,105V 235/55 R19,19,26,11,2582.0877767580005,1031.75632,-78.62439991600002,-29.326259999999998,2503.4633768420003,1002.42437,1262.7069167921998,509.600696,1276.7554398521002,520.3362691177783
2025,03,BSNZ,AT,REP,PSR6,TBSC,PSR0LDVF,"",102H 225/65 R17,17,0,,0,,0,,0,,0,,0,
2025,03,BSNZ,AT,REP,PSR6,TBSC,PSR0LDVF,3,102H 225/65 R17,17,205,294,23528.033761904,32252.023859999998,-744.3384430949999,-1710.1807099999999,22783.695318802995,30541.843149999997,8450.318674938797,12284.174363999999,11254.269186252202,15846.331451549191
2025,03,BSNZ,AT,REP,PSR6,TBSC,PSR0LDWF,"",108H 235/65 R17,17,0,,0,,0,,0,,0,,0,
2025,03,BSNZ,AT,REP,PSR6,TBSC,PSR0LDWF,3,108H 235/65 R17,17,35,24,4414.158559832,3193.23938,-133.057035644,-274.9977,4281.1015241879995,2918.2473699999996,1553.8047660498,1058.3527680000002,2201.0356646055,1511.3175300897544
2025,03,BSNZ,AT,REP,PSR6,TBSC,PSR0LDXF,"",112H 265/65 R17,17,0,,0,,0,,0,,0,,0,
2025,03,BSNZ,AT,REP,PSR6,TBSC,PSR0LDXF,3,112H 265/65 R17,17,132,38,15548.748341777002,4711.6044999999995,-460.58380880699997,-265.80265999999995,15088.164532969999,4445.801839999999,5866.848242083401,1885.3480359999999,7863.0979755164,2306.9208310825065
2025,03,BSNZ,AT,REP,PSR6,TBSC,PSR0LDYF,"",103H 235/60 R18,18,0,,0,,0,,0,,0,,0,
2025,03,BSNZ,AT,REP,PSR6,TBSC,PSR0LDYF,3,103H 235/60 R18,18,203,148,22591.623664357998,17689.32805,-687.0459121800002,-756.0758199999999,21904.577752174995,16933.25223,8890.998364402,6459.174655999999,11182.198767551397,8785.74806792827
2025,03,BSNZ,AT,REP,PSR6,TBSC,PSR0LDZF,"",104H 235/55 R18,18,0,,0,,0,,0,,0,,0,
2025,03,BSNZ,AT,REP,PSR6,TBSC,PSR0LDZF,3,104H 235/55 R18,18,44,56,6233.325548555,6704.492859999999,-188.94729099699998,-306.65686,6044.378257558001,6397.835999999999,1945.3298066796,2567.0580320000004,3093.8139069527997,3325.6042586750514
2025,03,BSNZ,AT,REP,PSR6,TBSC,PSR0LE45,"",096H 215/60 R17,17,0,,0,,0,,0,,0,,0,
2025,03,BSNZ,AT,REP,PSR6,TBSC,PSR0LE45,3,096H 215/60 R17,17,287,235,33511.299104213,30870.258569999998,-1015.354472213,-3199.58942,32495.944631996987,27670.669149999998,11957.742255727393,9797.59979,16638.6292828109,14344.557895468233
2025,03,BSNZ,AT,REP,PSR6,TBSC,PSR0LE46,"",102V 225/65 R17,17,0,,0,,0,,0,,0,,0,
2025,03,BSNZ,AT,REP,PSR6,TBSC,PSR0LE46,3,102V 225/65 R17,17,618,602,84571.641269325,85200.51232,-2640.7271756050004,-9506.351279999999,81930.91409372,75694.15534999999,27924.09068569779,26883.147984000003,40923.28853391581,39227.94029882332
2025,03,BSNZ,AT,REP,PSR6,TBSC,PSR0LE47,"",102V 235/60 R17,17,0,,0,,0,,0,,0,,0,
2025,03,BSNZ,AT,REP,PSR6,TBSC,PSR0LE47,3,102V 235/60 R17,17,17,23,2275.975826215,2940.67166,-72.382179646,-349.48548999999997,2203.593646569,2591.18617,787.2655355774,1063.1267460000001,1083.643693594,1342.4885806003895
2025,03,BSNZ,AT,REP,PSR6,TBSC,PSR0LE49,"",111H 245/65 R17,17,0,,0,,0,,0,,0,,0,
2025,03,BSNZ,AT,REP,PSR6,TBSC,PSR0LE49,3,111H 245/65 R17,17,33,18,4963.415741361,3132.37914,-149.04399042,-305.5871399999999,4814.371750939001,2826.792,1731.8606120442,896.0933520000001,2482.6502969615003,1463.5679862128832
2025,03,BSNZ,AT,REP,PSR6,TBSC,PSR0LE51,"",112H 265/65 R17,17,0,,0,,0,,0,,0,,0,
2025,03,BSNZ,AT,REP,PSR6,TBSC,PSR0LE51,3,112H 265/65 R17,17,33,50,5416.4053684089995,9748.97288,-169.88314642900002,-1254.4629199999997,5246.522221980001,8494.50996,1834.8430259742,2716.7832999999996,2611.0681617532,4410.127245119714
2025,03,BSNZ,AT,REP,PSR6,TBSC,PSR0LE52,"",100V 225/60 R18,18,0,,0,,0,,0,,0,,0,
2025,03,BSNZ,AT,REP,PSR6,TBSC,PSR0LE52,3,100V 225/60 R18,18,598,384,88238.920841715,60801.45091999999,-2708.1457697199994,-7280.195679999999,85530.77507198998,53521.25524,27664.075707155804,17565.360384,43338.3918036682,27752.75511510555
2025,03,BSNZ,AT,REP,PSR6,TBSC,PSR0LE53,"",103H 225/65 R18,18,0,,0,,0,,0,,0,,0,
2025,03,BSNZ,AT,REP,PSR6,TBSC,PSR0LE53,3,103H 225/65 R18,18,0,,0,,-0.338164,,-0.338164,,0,,-4.584513,
2025,03,BSNZ,AT,REP,PSR6,TBSC,PSR0LE54,"",104V 235/55 R18,18,0,,0,,0,,0,,0,,0,
2025,03,BSNZ,AT,REP,PSR6,TBSC,PSR0LE54,3,104V 235/55 R18,18,94,209,15419.118532321001,30106.193989999996,-480.69450525,-3223.67519,14938.424027067002,26882.51311,4411.6230473414,9489.862777999999,7472.569218071799,13939.24405048791
2025,03,BSNZ,AT,REP,PSR6,TBSC,PSR0LE56,"",110H 265/60 R18,18,0,,0,,0,,0,,0,,0,
2025,03,BSNZ,AT,REP,PSR6,TBSC,PSR0LE56,3,110H 265/60 R18,18,62,86,11600.695381702,13625.632469999999,-364.639368226,-1533.80209,11236.056013473,12091.83038,3479.021496214,4716.262188,5581.5180456889,6272.363954139674
2025,03,BSNZ,AT,REP,PSR6,TBSC,PSR0LE57,"",099V 235/50 R19,19,0,,0,,0,,0,,0,,0,
2025,03,BSNZ,AT,REP,PSR6,TBSC,PSR0LE57,3,099V 235/50 R19,19,173,186,20277.952677752004,23014.30886,-620.5445112800002,-2518.13226,19657.408166469002,20496.1766,8349.628085301802,8710.738608,9984.537648284602,10628.113184050471
2025,03,BSNZ,AT,REP,PSR6,TBSC,PSR0LE59,"",105V 235/55 R19,19,0,,0,,0,,0,,0,,0,
2025,03,BSNZ,AT,REP,PSR6,TBSC,PSR0LE59,3,105V 235/55 R19,19,70,189,13133.555594509,30735.155209999994,-442.01488361500003,-3409.2943699999996,12691.540710890999,27325.855149999996,3607.3122764381988,9623.362518,5922.784806748201,14167.883548031636
2025,03,BSNZ,AT,REP,PSR6,TBSC,PSR0LE60,"",103V 245/55 R19,19,0,,0,,0,,0,,0,,0,
2025,03,BSNZ,AT,REP,PSR6,TBSC,PSR0LE60,3,103V 245/55 R19,19,38,109,7676.177468442,19352.111059999996,-239.97009290600005,-1981.4571499999997,7436.207375536,17370.653909999997,1911.8991517978,5430.287785999999,3711.1497057430997,9010.533794197347
2025,03,BSNZ,AT,REP,PSR6,TBSC,PSR0LEAF,"",099V 225/60 R17,17,0,,0,,0,,0,,0,,0,
2025,03,BSNZ,AT,REP,PSR6,TBSC,PSR0LEAF,3,099V 225/60 R17,17,144,36,14530.872922041,3923.7784799999995,-432.74047091599994,-118.61373999999999,14098.132451108999,3805.1647399999997,5749.188470095399,1441.536624,7317.0046752886,1978.2332477559999
2025,03,BSNZ,AT,REP,PSR6,TBSC,PSR0LG23,3,112T 265/65 R17,17,,245,,49631.13879999999,,-5536.204989999999,,44094.93949999999,,13207.82309,,22864.995726365836
2025,03,BSNZ,AT,REP,PSR6,TBSC,PSR0LG25,3,110T 265/60 R18,18,,266,,50463.63700999999,,-4800.550579999999,,45663.086429999996,,14075.101655999999,,23679.5844960687
2025,03,BSNZ,AT,REP,PSR6,TBSC,PSR0LG32,"",110S 255/65 R17,17,0,,0,,0,,0,,0,,0,
2025,03,BSNZ,AT,REP,PSR6,TBSC,PSR0LG32,3,110S 255/65 R17,17,3,,728.821492448,,-21.804618735,,707.016873713,,129.8082837,,365.6480641424,
2025,03,BSNZ,AT,REP,PSR6,TBSC,PSR0LG46,"",110S 255/65 R17,17,0,,0,,0,,0,,0,,0,
2025,03,BSNZ,AT,REP,PSR6,TBSC,PSR0LG46,3,110S 255/65 R17,17,73,62,14523.586270535998,14438.170159999998,-437.505731019,-1646.61772,14086.080539517,12791.552439999998,3828.6486031328996,3128.288864,7245.656237024799,6632.477032787989
2025,03,BSNZ,AT,REP,PSR6,TBSC,PSR0LG62,3,111S 245/65 R17,17,23,45,4799.686636318,9531.8311,-147.76908683300002,-949.53582,4651.917549485001,8582.29528,1025.7509252276,2119.3019099999997,2351.3926601928,4448.613370622879
2025,03,BSNZ,AT,REP,PSR6,TBSC,PSR0LG94,"",110S 255/65 R17,17,0,,0,,0,,0,,0,,0,
2025,03,BSNZ,AT,REP,PSR6,TBSC,PSR0LG94,3,110S 255/65 R17,17,4,9,744.182088839,2070.27805,-24.106038518,-146.05660999999998,720.0760503209999,1924.22144,-63.7915223792,460.758672,348.3841195898,998.8134138085506
2025,03,BSNZ,AT,REP,PSR6,TBSC,PSR0LH07,3,110S 265/60 R18,18,14,13,3376.4053781360003,2925.2233099999994,-105.26887737300001,-244.85776999999996,3271.1365007629997,2680.36554,687.8406380427999,663.994474,1636.3100119316,1389.79225858659
2025,03,BSNZ,AT,REP,PSR6,TBSC,PSR0LH27,"",108V 235/65 R17,17,0,,0,,0,,0,,0,,0,
2025,03,BSNZ,AT,REP,PSR6,TBSC,PSR0LH27,3,108V 235/65 R17,17,76,108,10887.463414926002,15220.56792,-344.371859781,-1767.92283,10543.091555142,13452.650779999998,3683.7830258064005,5215.752432,5209.144517416299,6972.293587171625
2025,03,BSNZ,AT,REP,PSR6,TBSC,PSR0LH65,"",099V 225/60 R17,17,0,,0,,0,,0,,0,,0,
2025,03,BSNZ,AT,REP,PSR6,TBSC,PSR0LH65,3,099V 225/60 R17,17,109,188,16740.665851482998,25975.953859999998,-525.917128253,-2912.24442,16214.748723227996,23063.70944,4760.4433188576,8142.692096,8058.0810220077,11957.512066357067
2025,03,BSNZ,AT,REP,PSR6,TBSC,PSR0LH67,"",104V 235/55 R18,18,0,,0,,0,,0,,0,,0,
2025,03,BSNZ,AT,REP,PSR6,TBSC,PSR0LH67,3,104V 235/55 R18,18,75,8,10686.703602770998,1214.5646399999998,-324.34719508,-168.74264,10362.356407691,1045.8276899999998,3457.0724261369996,371.677504,5296.7922428565,547.7695047528666
2025,03,BSNZ,AT,REP,PSR6,TBSC,PSR0LH76,"",103W 245/45 R20,20,0,,0,,0,,0,,0,,0,
2025,03,BSNZ,AT,REP,PSR6,TBSC,PSR0LH76,3,103W 245/45 R20,20,16,0,4390.227074506,0,-131.40317360999998,0,4258.823900896001,0,755.1628629226001,0,2201.7813397108,0
2025,03,BSNZ,AT,REP,PSR6,TBSC,PSR0LH87,"",107S 265/50 R20,20,0,,0,,0,,0,,0,,0,
2025,03,BSNZ,AT,REP,PSR6,TBSC,PSR0LH87,3,107S 265/50 R20,20,25,4,4504.557707622,768.7246899999999,-135.862273571,-38.57251,4368.695434050999,730.1521799999999,1391.3313434954998,218.4264,2244.9853874177,379.4235577065813
2025,03,BSNZ,AT,REP,PSR6,TBSC,PSR0LXA4,"",105H 245/60 R18,18,0,,0,,0,,0,,0,,0,
2025,03,BSNZ,AT,REP,PSR6,TBSC,PSR0LXA4,3,105H 245/60 R18,18,90,30,11929.359658244,4981.80553,-361.129725302,-615.1231399999999,11568.22993294,4366.68239,4379.0368177621995,1509.4332,5927.3199194139,2267.9034389330695
2025,03,BSNZ,AT,REP,PSR6,TBSC,PSR0LXC5,3,096H 215/60 R17,17,,2,,257.72285999999997,,-13.718589999999999,,244.00426999999996,,79.367772,,126.61848844906817
2025,03,BSNZ,AT,REP,PSR6,TBSC,PSR0LXD4,"",112S 265/65 R17,17,0,,0,,0,,0,,0,,0,
2025,03,BSNZ,AT,REP,PSR6,TBSC,PSR0LXD4,3,112S 265/65 R17,17,256,471,48489.047566407025,87436.83026,-1510.243572513,-10330.974529999998,46978.803993893016,77105.85003999999,13114.893676783797,23711.737632000004,23515.079710299295,39993.551733001485
2025,03,BSNZ,AT,REP,PSR6,TBSC,PSR0LXF3,"",096H 215/60 R17,17,0,,0,,0,,0,,0,,0,
2025,03,BSNZ,AT,REP,PSR6,TBSC,PSR0LXF3,3,096H 215/60 R17,17,18,,2368.960199788,,-70.680829687,,2298.279370101,,715.869103158,,1191.0543050403999,
2025,03,BSNZ,AT,REP,PSR6,TBSC,PSR0LXF4,"",110H 255/65 R17,17,0,,0,,0,,0,,0,,0,
2025,03,BSNZ,AT,REP,PSR6,TBSC,PSR0LXF4,3,110H 255/65 R17,17,3,8,630.1697232600003,1974.06584,-22.432278438999994,-221.42065999999997,607.737444821,1752.6451799999998,-41.115576565800005,402.151552,267.63886043649995,908.7772415903476
2025,03,BSNZ,AT,REP,PSR6,TBSC,PSR0LXM1,3,112T 255/70 R17,17,54,,10037.326154471,,-294.637526266,,9742.688628200998,,6481.106916007001,,5112.376601174499,
2025,03,BSNZ,AT,REP,PSR6,TBSC,PSR0LXM2,"",112T 255/70 R17,17,0,,0,,0,,0,,0,,0,
2025,03,BSNZ,AT,REP,PSR6,TBSC,PSR0LXM2,3,112T 255/70 R17,17,98,,18550.441156044006,,-544.533076764,,18005.908079276996,,11181.411598707,,9448.416824172798,
2025,03,BSNZ,AT,REP,PSR6,TBSC,PSR0LXM4,3,112T 255/70 R17,17,48,40,7529.182535476,6348.526459999999,-226.13984893499997,-704.4902799999999,7303.042686540998,5644.030489999999,2777.5198344460996,2313.67144,3765.1702287623,2925.6371026746765
2025,03,BSNZ,AT,REP,PSR6,TBSC,PSR0LXM8,"",103H 225/60 R17,17,0,,0,,0,,0,,0,,0,
2025,03,BSNZ,AT,REP,PSR6,TBSC,PSR0LXM8,3,103H 225/60 R17,17,2,11,298.1664294,1707.7226299999998,-14.757752453,-207.33221999999998,283.408676947,1500.3904099999997,96.4176614632,522.3623240000001,70.45248140919999,781.6456380375985
2025,03,BSNZ,AT,REP,PSR6,TBSC,PSR0LXN6,"",098H 225/55 R18,18,0,,0,,0,,0,,0,,0,
2025,03,BSNZ,AT,REP,PSR6,TBSC,PSR0LXN6,3,098H 225/55 R18,18,56,39,7778.5702771,6028.43551,-244.82678590900002,-469.0153199999999,7533.7434911909995,5559.42019,2578.0807885074,1786.683756,3738.1994251988003,2884.5866454389966
2025,03,BSNZ,AT,REP,PSR6,TBSC,PSR0LXN7,"",104H 235/55 R18,18,0,,0,,0,,0,,0,,0,
2025,03,BSNZ,AT,REP,PSR6,TBSC,PSR0LXN7,3,104H 235/55 R18,18,32,29,4505.71910495,3958.17453,-137.552558205,-263.63476999999995,4368.166546744,3694.5397599999997,1566.0461988864,1445.205256,2223.1375477321003,1917.9838214899555
2025,03,BSNZ,AT,REP,PSR6,TBSC,PSR0LXN8,"",107H 235/60 R18,18,0,,0,,0,,0,,0,,0,
2025,03,BSNZ,AT,REP,PSR6,TBSC,PSR0LXN8,3,107H 235/60 R18,18,32,31,4568.4178097389995,4252.085789999999,-141.119804116,-320.3071699999999,4427.298005623,3931.7729299999996,1619.1560347248,1632.9269219999999,2231.6816837456,2041.1815121642785
2025,03,BSNZ,AT,REP,PSR6,TBSC,PSR0LXN9,"",099H 225/55 R19,19,0,,0,,0,,0,,0,,0,
2025,03,BSNZ,AT,REP,PSR6,TBSC,PSR0LXN9,3,099H 225/55 R19,19,12,29,2087.7847899509998,4644.81528,-61.855652428,-421.30466999999993,2025.9291375230002,4223.510609999999,522.8334078857999,1363.4934059999998,1055.6516205525,2187.3598214304357
2025,03,BSNZ,AT,REP,PSR6,TBSC,PSR0LXP0,"",111H 255/55 R19,19,0,,0,,0,,0,,0,,0,
2025,03,BSNZ,AT,REP,PSR6,TBSC,PSR0LXP0,3,111H 255/55 R19,19,16,19,3295.8892749160004,3670.8978099999995,-102.50630966899999,-313.48486,3193.3829652460004,3357.41295,928.3924364704,1030.904204,1600.6528669651002,1740.1909731740996
2025,03,BSNZ,AT,REP,PSR6,TBSC,PSR0LXP1,"",111S 265/50 R20,20,0,,0,,0,,0,,0,,0,
2025,03,BSNZ,AT,REP,PSR6,TBSC,PSR0LXP1,3,111S 265/50 R20,20,240,263,38337.843053741,37553.032699999996,-1180.942533458,-3738.2162,37156.90052027901,33814.81649999999,14319.415282812202,15621.436248000002,18772.453798638497,17545.66913717941
2025,03,BSNZ,AT,REP,PSR6,TBSC,PSR0LXP2,"",102H 225/65 R17,17,0,,0,,0,,0,,0,,0,
2025,03,BSNZ,AT,REP,PSR6,TBSC,PSR0LXP2,3,102H 225/65 R17,17,92,57,10903.159029777002,7189.736059999999,-335.370846896,-940.9609899999999,10567.78818288,6248.77507,4418.584888069,2600.4624360000003,5345.6106330076,3242.0250668053077
2025,03,BSNZ,AT,REP,PSR6,TBSC,PSR0LXQ9,"",110H 265/60 R18,18,0,,0,,0,,0,,0,,0,
2025,03,BSNZ,AT,REP,PSR6,TBSC,PSR0LXQ9,3,110H 265/60 R18,18,164,,33233.31195338699,,-975.5367787130001,,32257.775174672002,,17285.542044463,,16926.938887428798,
2025,03,BSNZ,AT,REP,PSR6,TBSC,PSR0LXR0,"",110H 265/60 R18,18,0,,0,,0,,0,,0,,0,
2025,03,BSNZ,AT,REP,PSR6,TBSC,PSR0LXR0,3,110H 265/60 R18,18,0,129,0,28025.013899999998,-48.43619699999999,-2650.8458199999995,-48.43619699999999,25374.168079999996,0,6533.246279999999,-656.6529569999999,13159.899552812418
2025,03,BSNZ,AT,REP,PSR6,TBSC,PSR0LXR6,"",102T 225/65 R17,17,0,,0,,0,,0,,0,,0,
2025,03,BSNZ,AT,REP,PSR6,TBSC,PSR0LXR6,3,102T 225/65 R17,17,21,56,2977.565901506,7878.90317,-89.04640256,-781.2142399999999,2888.519498946,7097.6832399999985,963.7177412133001,2510.4525599999997,1494.3171041867,3677.972933097354
2025,03,BSNZ,AT,REP,PSR6,TBSC,PSR0LXS0,"",112S 265/65 R17,17,0,,0,,0,,0,,0,,0,
2025,03,BSNZ,AT,REP,PSR6,TBSC,PSR0LXS0,3,112S 265/65 R17,17,24,,3946.260611314,,-120.501850292,,3825.7587610220003,,1150.7782805,,1946.7127110113997,
2025,03,BSNZ,AT,REP,PSR6,TBSC,PSR0LXS4,"",112T 255/70 R17,17,0,,0,,0,,0,,0,,0,
2025,03,BSNZ,AT,REP,PSR6,TBSC,PSR0LXS4,3,112T 255/70 R17,17,0,4,0,736.0071899999999,-12.999464,-42.52137,-12.999464,693.4858199999999,0,207.07645599999998,-176.23467599999998,359.4195519078779
2025,03,BSNZ,AT,REP,PSR6,TBSC,PSR0LXS5,"",112T 255/70 R17,17,0,,0,,0,,0,,0,,0,
2025,03,BSNZ,AT,REP,PSR6,TBSC,PSR0LXS5,3,112T 255/70 R17,17,0,8,0,1577.6947499999999,-21.271222,-151.33693,-21.271222,1426.35782,0,441.579488,-288.37546499999996,739.7549587038105
2025,03,BSNZ,AT,REP,PSR6,TBSC,PSR0LXU5,3,110H 235/65 R18,18,,4,,622.5258299999999,,-81.79943999999999,,540.7263899999999,,250.463752,,280.2987067157941
2025,03,BSNZ,AT,REP,PSR6,TBSC,PSR0LXU6,3,111S 255/65 R18,18,,16,,2753.42514,,-236.9885,,2516.43664,,969.3046400000001,,1304.9784145610404
2025,03,BSNZ,AT,REP,PSR6,TBSC,PSR0LXU8,3,112T 255/60 R18,18,,10,,1777.69825,,-170.65448,,1607.0437699999998,,560.65548,,833.5040074744226
2025,03,BSNZ,AT,REP,PSR6,TBSC,PSR0LXV1,3,110T 255/55 R20,20,,16,,4042.18738,,-343.18665999999996,,3699.0007199999995,,894.093104,,1918.2359154356698
2025,03,BSNZ,AT,REP,PSR6,TBSC,PSR0LXV3,3,109S 255/50 R20,20,,14,,3402.0509999999995,,-292.50583,,3109.5508599999994,,782.331466,,1613.0323076903449
2025,03,BSNZ,AT,REP,PSR6,TBSC,PSR0LXV4,3,100S 215/60 R17,17,,6,,896.47088,,-70.69824999999999,,825.7783199999999,,238.19017200000002,,426.96141305310647
2025,03,BSNZ,AT,REP,PSR6,TBSC,PSR0LXW1,"",110T 265/60 R18,18,0,,0,,0,,0,,0,,0,
2025,03,BSNZ,AT,REP,PSR6,TBSC,PSR0LXW1,3,110T 265/60 R18,18,98,229,22496.551009051,48773.74683999999,-722.5614367279999,-5219.180949999999,21773.989572325,43554.56589,5016.2447037678985,11616.229268,10613.2128624896,22579.851875013097
2025,03,BSNZ,AT,REP,PSR6,TBSC,PSR0LXX4,"",111S 245/65 R17,17,0,,0,,0,,0,,0,,0,
2025,03,BSNZ,AT,REP,PSR6,TBSC,PSR0LXX4,3,111S 245/65 R17,17,2,14,416.735046035,2827.2358199999994,-14.26557453,-280.76736,402.469471505,2546.4627699999996,96.1590042346,684.799542,184.7015049496,1320.6172713487122
2025,03,BSNZ,AT,REP,PSR6,TBSC,PSR0LY34,"",112T 265/65 R17,17,0,,0,,0,,0,,0,,0,
2025,03,BSNZ,AT,REP,PSR6,TBSC,PSR0LY34,3,112T 265/65 R17,17,155,,31794.591927840007,,-987.4773194079999,,30807.114608428994,,8073.2834012186995,,15457.8757608501,
2025,03,BSNZ,AT,REP,PSR6,TBSC,PSR0LY36,"",110T 265/60 R18,18,0,,0,,0,,0,,0,,0,
2025,03,BSNZ,AT,REP,PSR6,TBSC,PSR0LY36,3,110T 265/60 R18,18,119,,25291.420176797,,-793.233369709,,24498.186807089,,12095.012900023,,12197.028894512398,
2025,03,BSNZ,AT,REP,PSR7,BSFC,PSR0F946,"",100H 235/60 R16,16,0,,0,,0,,0,,0,,0,
2025,03,BSNZ,AT,REP,PSR7,BSFC,PSR0F946,3,100H 235/60 R16,16,14,7,1869.408590441,817.23763,-59.371724123999996,-59.523089999999996,1810.0368663160002,757.7145399999999,654.634426303,334.562074,973.4252621965,420.17170784817165
2025,03,BSNZ,AT,REP,PSR7,BSIN,LVR0N004,"",104S 30X950 R15,15,0,,0,,0,,0,,0,,0,
2025,03,BSNZ,AT,REP,PSR7,BSIN,LVR0N004,3,104S 30X950 R15,15,0,4,0,643.38537,-2.615999,-55.34662999999999,-2.615999,588.03874,0,254.554464,-35.465302,325.5531717680443
2025,03,BSNZ,AT,REP,PSR7,BSIN,LVR0N05S,"",110S 235/75 R15,15,0,,0,,0,,0,,0,,0,
2025,03,BSNZ,AT,REP,PSR7,BSIN,LVR0N05S,3,110S 235/75 R15,15,25,62,2592.451014454,5485.137239999999,-80.47901674299999,-214.79181,2511.9719977100003,5270.345429999999,1173.0743596066,3612.101152,1309.6048732061001,2904.580053619257
2025,03,BSNZ,AT,REP,PSR7,BSIN,LVR0N06F,"",103S 205/75 R15,15,0,,0,,0,,0,,0,,0,
2025,03,BSNZ,AT,REP,PSR7,BSIN,LVR0N06F,3,103S 205/75 R15,15,19,27,2488.695797392,3359.5068699999993,-76.839608436,-275.42445,2411.8561889559996,3084.0824199999997,797.0233071245,1381.974642,1262.835703509,1702.4620073556
2025,03,BSNZ,AT,REP,PSR7,BSIN,LVR0N06S,"",109S31X1050 R15,15,0,,0,,0,,0,,0,,0,
2025,03,BSNZ,AT,REP,PSR7,BSIN,LVR0N06S,3,109S31X1050 R15,15,11,22,1167.382991152,2302.5267799999997,-37.116374987,-52.336619999999996,1130.266616165,2250.19585,585.6526109499999,1423.729076,577.8633842152,1243.0563776176114
2025,03,BSNZ,AT,REP,PSR7,BSIN,LVR0N07F,"",109S31X1050 R15,15,0,,0,,0,,0,,0,,0,
2025,03,BSNZ,AT,REP,PSR7,BSIN,LVR0N07F,3,109S31X1050 R15,15,15,45,2061.960450326,5749.204449999999,-62.152074531,-149.04386,1999.8083757949998,5600.1605899999995,858.7596531244001,3215.12517,1066.8460633171,3093.3778013409196
2025,03,BSNZ,AT,REP,PSR7,BSIN,LVR0N09S,"",117S 265/70 R16,16,0,,0,,0,,0,,0,,0,
2025,03,BSNZ,AT,REP,PSR7,BSIN,LVR0N09S,3,117S 265/70 R16,16,67,112,7157.5521414390005,11928.766359999998,-227.67400388299995,-149.20887,6929.878137556001,11779.55749,3627.0800495841995,7670.774496,3541.5229337918995,6504.485553304941
2025,03,BSNZ,AT,REP,PSR7,BSIN,LVR0N169,3,095S 27X850 R14,14,9,11,1084.326331277,1435.95685,-32.677591451,-138.81323999999998,1051.648739826,1297.1436099999999,348.82192550260004,545.8496339999999,561.1258354388,715.6276458249888
2025,03,BSNZ,AT,REP,PSR7,BSIN,LVR0N172,3,110S 225/75 R15C,15C,0,0,0,0,-1.121274,0,-1.121274,0,0,0,-15.201195000000002,0
2025,03,BSNZ,AT,REP,PSR7,BSIN,LVR0N197,"",122R 285/75 R16,16,0,,0,,0,,0,,0,,0,
2025,03,BSNZ,AT,REP,PSR7,BSIN,LVR0N197,3,122R 285/75 R16,16,4,1,953.46253716,242.90609999999995,-28.242076462,-9.126759999999999,925.220460698,233.77934,305.3574100776,85.87811799999999,500.0722661307,129.06359336850838
2025,03,BSNZ,AT,REP,PSR7,BSIN,LVR0N199,"",109S 225/70 R15C,15C,0,,0,,0,,0,,0,,0,
2025,03,BSNZ,AT,REP,PSR7,BSIN,LVR0N199,3,109S 225/70 R15C,15C,40,47,4698.46639227,5340.4519199999995,-145.74200355,-380.53012999999993,4552.724388719,4959.921789999999,1749.350098232,2616.224732,2374.9731057679,2737.6316456532263
2025,03,BSNZ,AT,REP,PSR7,BSIN,LVR0N200,"",100S 215/75 R15,15,0,,0,,0,,0,,0,,0,
2025,03,BSNZ,AT,REP,PSR7,BSIN,LVR0N200,3,100S 215/75 R15,15,21,10,2453.742204732,1468.7312499999998,-75.96878899000001,-143.16609,2377.773415742,1325.5651599999999,914.3249473292001,538.3624400000001,1242.3688490808,731.4954622626003
2025,03,BSNZ,AT,REP,PSR7,BSIN,LVR0N204,"",109Q     10 R15,15,0,,0,,0,,0,,0,,0,
2025,03,BSNZ,AT,REP,PSR7,BSIN,LVR0N204,3,109Q     10 R15,15,113,107,10460.984915346,9980.072229999998,-322.705608129,-768.69624,10138.279307216,9211.375989999999,7212.300492062099,8404.256578,5311.8286200758,5082.5122647532135
2025,03,BSNZ,AT,REP,PSR7,BSIN,LVR0N205,"",105N      9 R15,15,0,,0,,0,,0,,0,,0,
2025,03,BSNZ,AT,REP,PSR7,BSIN,LVR0N205,3,105N      9 R15,15,106,120,8779.225747991999,9889.555709999999,-270.69470843,-676.4841,8508.531039556,9213.06592,6094.4327101818,8486.55912,4459.8032912279,5087.724732865721
2025,03,BSNZ,AT,REP,PSR7,BSIN,LVR0N209,3,114S 245/75 R16,16,10,9,1832.562143482,1854.9968999999999,-55.565026713,-222.24001999999996,1776.997116769,1632.75688,579.1385579932,605.4970409999999,943.7415377671,903.6787136026925
2025,03,BSNZ,AT,REP,PSR7,BSIN,LVR0N222,"",109Q31X1050 R15,15,0,,0,,0,,0,,0,,0,
2025,03,BSNZ,AT,REP,PSR7,BSIN,LVR0N222,3,109Q31X1050 R15,15,17,46,2738.94341973,7089.80828,-84.599268144,-655.4879999999999,2654.344151586,6434.32028,1015.7271301873,3378.97117,1389.4748787221,3550.9844257233535
2025,03,BSNZ,AT,REP,PSR7,BSIN,LVR0N224,3,110Q 235/75 R15,15,2,5,368.01777831000004,588.6987799999999,-11.690401008999999,-37.246739999999996,356.327377302,551.45773,108.500732391,330.82892499999997,182.27929861869998,304.3584828276233
2025,03,BSNZ,AT,REP,PSR7,BSIN,LVR0N228,"",113Q 245/70 R16,16,0,,0,,0,,0,,0,,0,
2025,03,BSNZ,AT,REP,PSR7,BSIN,LVR0N228,3,113Q 245/70 R16,16,20,40,2575.822931556,6450.428669999999,-85.153417864,-770.8698199999999,2490.669513692,5679.558849999999,1141.7337289908999,2845.77688,1230.8861705723996,3132.4620069366006
2025,03,BSNZ,AT,REP,PSR7,BSIN,LVR0N22S,"",115S 255/70 R16,16,0,,0,,0,,0,,0,,0,
2025,03,BSNZ,AT,REP,PSR7,BSIN,LVR0N22S,3,115S 255/70 R16,16,23,21,2362.315666998,2443.43394,-76.220508511,-85.53208,2286.095158486,2357.89617,1322.0921412313999,1411.171146,1154.2909080005,1306.6142357439592
2025,03,BSNZ,AT,REP,PSR7,BSIN,LVR0N23S,"",110S    205 R16C,16C,0,,0,,0,,0,,0,,0,
2025,03,BSNZ,AT,REP,PSR7,BSIN,LVR0N23S,3,110S    205 R16C,16C,8,21,1024.464116116,2190.68414,-30.696873927,-287.65794999999997,993.767242189,1903.02619,325.603357376,1155.749364,532.5432770893001,1047.1548376968067
2025,03,BSNZ,AT,REP,PSR7,BSIN,LVR0N305,"",106S 205/70 R15C,15C,0,,0,,0,,0,,0,,0,
2025,03,BSNZ,AT,REP,PSR7,BSIN,LVR0N305,3,106S 205/70 R15C,15C,55,40,5562.395245995001,4052.9130299999997,-171.889763737,-313.9059199999999,5390.505482257,3739.0071099999996,2232.405553312,2039.6270399999999,2820.6559468774003,2060.7999713206655
2025,03,BSNZ,AT,REP,PSR7,BSIN,LVR0N306,"",109S31X1050 R15,15,0,,0,,0,,0,,0,,0,
2025,03,BSNZ,AT,REP,PSR7,BSIN,LVR0N306,3,109S31X1050 R15,15,4,6,770.922145588,1167.8440499999997,-25.464768084,-78.46509999999999,745.457377504,1089.3789499999998,226.8896130879,416.581566,368.68326760260004,600.3642373399157
2025,03,BSNZ,AT,REP,PSR7,BSIN,LVR0N319,"",108S 215/70 R16C,16C,0,,0,,0,,0,,0,,0,
2025,03,BSNZ,AT,REP,PSR7,BSIN,LVR0N319,3,108S 215/70 R16C,16C,39,52,4142.737770822,6012.275909999999,-131.224575483,-593.4783799999999,4011.5131953400005,5418.79753,1847.8956296393997,2977.1341599999996,2057.1910101763997,2989.048295152246
2025,03,BSNZ,AT,REP,PSR7,BSIN,PSR0N44S,3,,"",0,,25.506072087999996,,-0.7487099519999996,,24.757362136000012,,0,,13.469533627099992,
2025,03,BSNZ,AT,REP,PSR7,BSIN,PSR0N454,"",112T 265/70 R15,15,0,,0,,0,,0,,0,,0,
2025,03,BSNZ,AT,REP,PSR7,BSIN,PSR0N454,3,112T 265/70 R15,15,0,,0,,-0.844786,,-0.844786,,0,,-11.452835,
2025,03,BSNZ,AT,REP,PSR7,BSIN,PSR0N52S,"",098H 215/65 R16,16,0,,0,,0,,0,,0,,0,
2025,03,BSNZ,AT,REP,PSR7,BSIN,PSR0N52S,3,098H 215/65 R16,16,59,88,4976.5540486340005,7245.09407,-156.88650749800001,-107.14269999999999,4819.667541135,7137.951369999999,2018.0231949152005,3733.674736,2481.1958451128,3940.706974614536
2025,03,BSNZ,AT,REP,PSR7,BSIN,PSR0N56S,"",096H 205/70 R15,15,0,,0,,0,,0,,0,,0,
2025,03,BSNZ,AT,REP,PSR7,BSIN,PSR0N56S,3,096H 205/70 R15,15,50,42,3282.5443729259996,3224.8245699999998,-101.85397038100001,-179.87228,3180.690402542,3044.9522899999997,1650.7930313138004,1701.1616159999999,1658.8992790646998,1679.6660584003541
2025,03,BSNZ,AT,REP,PSR7,BSIN,PSR0N60S,"",100H 215/70 R16,16,0,,0,,0,,0,,0,,0,
2025,03,BSNZ,AT,REP,PSR7,BSIN,PSR0N60S,3,100H 215/70 R16,16,43,87,4032.935470557,7165.24061,-126.544210999,-273.77434999999997,3906.391259557,6891.46626,1637.1273782511998,3925.227372,2019.0479067339002,3805.172529140886
2025,03,BSNZ,AT,REP,PSR7,BSIN,PSR0N74F,"",112S 265/70 R16,16,0,,0,,0,,0,,0,,0,
2025,03,BSNZ,AT,REP,PSR7,BSIN,PSR0N74F,3,112S 265/70 R16,16,5,,788.080674381,,-24.897253707999997,,763.183420672,,258.64721410000004,,392.2667106126,
2025,03,BSNZ,AT,REP,PSR7,BSIN,PSR0NJ59,"",111S 245/70 R16,16,0,,0,,0,,0,,0,,0,
2025,03,BSNZ,AT,REP,PSR7,BSIN,PSR0NJ59,3,111S 245/70 R16,16,41,36,5133.281267579,5975.854219999999,-159.65415043,-392.83759999999995,4973.627118146,5583.016619999999,2104.8739927995002,2226.741804,2599.0726669537,3076.0917212635377
2025,03,BSNZ,AT,REP,PSR7,BSIN,PSR0NJ62,"",112T 265/70 R15,15,0,,0,,0,,0,,0,,0,
2025,03,BSNZ,AT,REP,PSR7,BSIN,PSR0NJ62,3,112T 265/70 R15,15,20,21,2296.395201352,3350.5280499999994,-70.59275698299999,-170.59758,2225.8024443679997,3179.93047,1075.163209637,1388.50173,1169.5412025474,1755.322594140698
2025,03,BSNZ,AT,REP,PSR7,BSIN,PSR0NJ63,"",112S 265/70 R16,16,0,,0,,0,,0,,0,,0,
2025,03,BSNZ,AT,REP,PSR7,BSIN,PSR0NJ63,3,112S 265/70 R16,16,23,41,4217.4189691970005,6500.32428,-126.140564562,-607.2993899999999,4091.2784046340003,5893.024889999999,1214.9204292646002,2825.3822010000004,2195.4359075698003,3256.1847861244737
2025,03,BSNZ,AT,REP,PSR7,BSJ,LSR01117,3,114M    750 R16,16,1,2,199.425321956,430.88093999999995,-6.182398743,-56.6155,193.242923213,374.25974999999994,86.4144198679,207.30874400000002,88.46579049590001,173.81889461046356
2025,03,BSNZ,AT,REP,PSR7,BSJ,LVR08444,"",123R 265/75 R16,16,0,,0,,0,,0,,0,,0,
2025,03,BSNZ,AT,REP,PSR7,BSJ,LVR08444,3,123R 265/75 R16,16,37,17,5767.873234795,3165.0112899999995,-174.026808512,-332.80240999999995,5593.846426282998,2832.20888,3405.4035727519004,1482.863335,2623.4988273813,1313.5022145532107
2025,03,BSNZ,AT,REP,PSR7,BSJ,LVR08445,"",115R 225/75 R16,16,0,,0,,0,,0,,0,,0,
2025,03,BSNZ,AT,REP,PSR7,BSJ,LVR08445,3,115R 225/75 R16,16,21,25,3243.754818899,4084.31614,-100.422769768,-379.31816,3143.332049131,3704.9979799999996,1603.1873632635,1989.0697000000002,1440.7375735199998,1719.5333455239295
2025,03,BSNZ,AT,REP,PSR7,BSJ,LVR08790,3,118S 225/95 R16C,16C,0,1,0,191.17262,-1.0042140000000002,-7.18647,-1.0042140000000002,183.98615,0,92.035306,-13.614201,85.56640702287098
2025,03,BSNZ,AT,REP,PSR7,BSJ,PSR14982,"",098H 215/65 R16,16,0,,0,,0,,0,,0,,0,
2025,03,BSNZ,AT,REP,PSR7,BSJ,PSR14982,3,098H 215/65 R16,16,4,,490.087337852,,-14.386114256,,475.701223596,,250.335,,228.3466716046,
2025,03,BSNZ,AT,REP,PSR7,BSJ,PSR17751,"",096S 195/80 R15,15,0,,0,,0,,0,,0,,0,
2025,03,BSNZ,AT,REP,PSR7,BSJ,PSR17751,3,096S 195/80 R15,15,13,4,1616.9610135489997,481.41952,-49.959749544,-36.56394,1567.0012640060004,444.85558,749.9252707562,240.822736,719.5400089323999,206.4877820733601
2025,03,BSNZ,AT,REP,PSR7,BTMV,PSR0V11D,"",100H 215/70 R16,16,0,,0,,0,,0,,0,,0,
2025,03,BSNZ,AT,REP,PSR7,BTMV,PSR0V11D,3,100H 215/70 R16,16,58,195,4313.161661424,11938.530399999998,-134.744515161,-305.88302,4178.417146263,11632.647379999999,2935.3389216888,10676.51013,2850.6115655775,6590.962171595603
2025,03,BSNZ,AT,REP,PSR7,BTMV,PSR0V12D,"",098H 215/65 R16,16,0,,0,,0,,0,,0,,0,
2025,03,BSNZ,AT,REP,PSR7,BTMV,PSR0V12D,3,098H 215/65 R16,16,107,131,7123.637106005,8513.52025,-220.33553466200001,-135.14888,6903.301571342,8378.371369999999,5182.404266122599,6769.855466,4737.5834048046,4746.6446919184355
2025,03,BSNZ,AT,REP,PSR7,BTMV,PSR0V31D,"",103H 225/70 R16,16,0,,0,,0,,0,,0,,0,
2025,03,BSNZ,AT,REP,PSR7,BTMV,PSR0V31D,3,103H 225/70 R16,16,0,,0,,-0.114217,,-0.114217,,0,,-1.54845,
2025,03,BSNZ,AT,REP,PSR7,TBSC,LVR0L06S,"",115R 225/75 R16,16,0,,0,,0,,0,,0,,0,
2025,03,BSNZ,AT,REP,PSR7,TBSC,LVR0L06S,3,115R 225/75 R16,16,20,39,1799.1384684560003,3646.1007899999995,-56.51084031,-186.22800999999998,1742.627628145,3459.8670899999997,1156.3181354494,2136.592458,866.2185708071999,1794.2443261926364
2025,03,BSNZ,AT,REP,PSR7,TBSC,LVR0L08S,"",123S 265/75 R16,16,0,,0,,0,,0,,0,,0,
2025,03,BSNZ,AT,REP,PSR7,TBSC,LVR0L08S,3,123S 265/75 R16,16,2,6,246.149229844,889.0112899999999,-8.676812967,-91.98454,237.472416877,797.0267499999999,136.8165285806,392.347164,105.69738190059999,419.2475959642101
2025,03,BSNZ,AT,REP,PSR7,TBSC,LVR0L10S,"",113S 245/70 R16,16,0,,0,,0,,0,,0,,0,
2025,03,BSNZ,AT,REP,PSR7,TBSC,LVR0L10S,3,113S 245/70 R16,16,206,149,16174.976014491,13302.912739999998,-492.03911349500004,-198.16562999999996,15682.936900994999,13104.747109999998,10566.073793294798,7308.8910399999995,8004.226576385898,6801.519766313444
2025,03,BSNZ,AT,REP,PSR7,TBSC,LVR0L189,"",117S 265/70 R16,16,0,,0,,0,,0,,0,,0,
2025,03,BSNZ,AT,REP,PSR7,TBSC,LVR0L189,3,117S 265/70 R16,16,84,83,15187.464434513004,14701.247309999999,-460.690430838,-1274.8160499999997,14726.774003675999,13426.43126,4549.928405493999,4519.846423,7533.697461239999,6963.671290511101
2025,03,BSNZ,AT,REP,PSR7,TBSC,LVR0L190,"",110S 235/75 R15,15,0,,0,,0,,0,,0,,0,
2025,03,BSNZ,AT,REP,PSR7,TBSC,LVR0L190,3,110S 235/75 R15,15,2,17,185.47738673800018,2645.04771,-9.386644476000008,-241.17065,176.09074226200016,2403.87706,93.1342053781,824.7727649999999,41.02699251300004,1247.903691787926
2025,03,BSNZ,AT,REP,PSR7,TBSC,LVR0L192,3,112S    205 R16,16,28,16,3436.334596989,1635.10685,-102.753378632,-114.49417999999999,3333.581218357,1520.6126699999998,1285.3342775055999,719.727776,1724.7238857205998,787.7747335262068
2025,03,BSNZ,AT,REP,PSR7,TBSC,LVR0L194,3,119S 275/70 R16,16,4,11,872.0027986109999,2401.7148599999996,-28.112212177999996,-253.04568,843.890586433,2148.66918,237.4105920956,665.5414149999999,409.9663231863001,1119.1511265670315
2025,03,BSNZ,AT,REP,PSR7,TBSC,LVR0L195,"",110S 235/70 R16,16,0,,0,,0,,0,,0,,0,
2025,03,BSNZ,AT,REP,PSR7,TBSC,LVR0L195,3,110S 235/70 R16,16,13,7,1821.8806382490002,1376.33703,-56.976615835000004,-164.23615999999998,1764.9040224139999,1212.0951799999998,643.3793216279,340.614057,880.5440148408,628.4315375560805
2025,03,BSNZ,AT,REP,PSR7,TBSC,LVR0L197,"",115S 255/70 R16,16,0,,0,,0,,0,,0,,0,
2025,03,BSNZ,AT,REP,PSR7,TBSC,LVR0L197,3,115S 255/70 R16,16,168,184,27681.397201549007,31259.966669999998,-853.6243814230003,-3652.5532499999995,26827.772820121998,27607.407729999995,9213.845924988002,9934.990944,13540.879640482402,14312.996495687043
2025,03,BSNZ,AT,REP,PSR7,TBSC,LVR0L200,"",106S 215/65 R16C,16C,0,,0,,0,,0,,0,,0,
2025,03,BSNZ,AT,REP,PSR7,TBSC,LVR0L200,3,106S 215/65 R16C,16C,41,45,4824.455667794,5782.66734,-153.707863864,-525.3406299999999,4670.74780393,5257.326709999999,1807.3283036181997,1899.1255050000002,2293.2129962627,2726.4144648702886
2025,03,BSNZ,AT,REP,PSR7,TBSC,LVR0L294,"",112S 255/70 R15C,15C,0,,0,,0,,0,,0,,0,
2025,03,BSNZ,AT,REP,PSR7,TBSC,LVR0L294,3,112S 255/70 R15C,15C,4,6,697.3967609,1032.09772,-21.934666358999998,-76.88896999999999,675.4620945409999,955.2087499999999,218.4011303329,315.98427,335.3735552742,495.5419003658167
2025,03,BSNZ,AT,REP,PSR7,TBSC,LVR0L382,"",110S    205 R16C,16C,0,,0,,0,,0,,0,,0,
2025,03,BSNZ,AT,REP,PSR7,TBSC,LVR0L382,3,110S    205 R16C,16C,34,43,4931.762080532,6597.6631099999995,-152.89338886500002,-750.03304,4778.868691664,5847.63576,1588.3883460113002,1991.7016059999999,2401.5214977403,3032.894614064341
2025,03,BSNZ,AT,REP,PSR7,TBSC,LVR0L418,"",113S 245/70 R16,16,0,,0,,0,,0,,0,,0,
2025,03,BSNZ,AT,REP,PSR7,TBSC,LVR0L418,3,113S 245/70 R16,16,234,279,34809.065696356,43486.678499999995,-1076.672121482,-4933.998149999999,33732.39357487201,38552.680349999995,13537.747596694413,16040.06712,16982.853788537403,19992.435527942496
2025,03,BSNZ,AT,REP,PSR7,TBSC,PSR0L670,"",111S 245/70 R16,16,0,,0,,0,,0,,0,,0,
2025,03,BSNZ,AT,REP,PSR7,TBSC,PSR0L670,3,111S 245/70 R16,16,33,77,5130.75187849,12722.504289999999,-168.916837304,-1555.7597999999998,4961.835041183,11166.75018,1530.9924795517004,3578.9120289999996,2364.2418090437995,5787.69605437661
2025,03,BSNZ,AT,REP,PSR7,TBSC,PSR0L78F,"",112H 265/70 R16,16,0,,0,,0,,0,,0,,0,
2025,03,BSNZ,AT,REP,PSR7,TBSC,PSR0L78F,3,112H 265/70 R16,16,13,17,1782.5941401730001,2217.8311299999996,-55.514120632,-88.75831,1727.080019541,2129.07282,1096.6117007714001,840.949098,864.6983283957,1104.997559948358
2025,03,BSNZ,AT,REP,PSR7,TBSC,PSR0L92F,"",098H 215/65 R16,16,0,,0,,0,,0,,0,,0,
2025,03,BSNZ,AT,REP,PSR7,TBSC,PSR0L92F,3,098H 215/65 R16,16,28,75,2973.2218288080003,8218.7498,-94.77409449199999,-246.65012,2878.4477343160006,7972.099679999999,1018.6583496760001,2792.5755,1412.6313009498,4135.646882334091
2025,03,BSNZ,AT,REP,PSR7,TBSC,PSR0LE37,"",098H 215/65 R16,16,0,,0,,0,,0,,0,,0,
2025,03,BSNZ,AT,REP,PSR7,TBSC,PSR0LE37,3,098H 215/65 R16,16,26,42,3610.784292752,5389.90371,-116.243731686,-441.83419,3494.540561066,4948.069519999999,1072.8320785578,1762.6122360000002,1700.0943952060002,2564.525040235694
2025,03,BSNZ,AT,REP,PSR7,TBSC,PSR0LE38,"",100H 215/70 R16,16,0,,0,,0,,0,,0,,0,
2025,03,BSNZ,AT,REP,PSR7,TBSC,PSR0LE38,3,100H 215/70 R16,16,48,64,5748.632007909,7038.8714,-172.629931043,-438.35191,5576.002076865,6600.5138,2153.759620848,2757.024512,2875.2998349515,3418.810832739269
2025,03,BSNZ,AT,REP,PSR7,TBSC,PSR0LE39,"",103H 225/70 R16,16,0,,0,,0,,0,,0,,0,
2025,03,BSNZ,AT,REP,PSR7,TBSC,PSR0LE39,3,103H 225/70 R16,16,22,14,2299.449452979,1830.25109,-70.199837565,-156.78226,2229.249615415,1673.4745199999998,974.4824530297999,625.623768,1134.5273045911,866.2502825333709
2025,03,BSNZ,AT,REP,PSR7,TBSC,PSR0LE40,"",106H 235/70 R16,16,0,,0,,0,,0,,0,,0,
2025,03,BSNZ,AT,REP,PSR7,TBSC,PSR0LE40,3,106H 235/70 R16,16,0,4,0,589.93351,-1.20913,-28.654839999999997,-1.20913,561.2786699999999,0,191.10388,-16.392274999999998,290.85534560854956
2025,03,BSNZ,AT,REP,PSR7,TBSC,PSR0LE41,"",111H 245/70 R16,16,0,,0,,0,,0,,0,,0,
2025,03,BSNZ,AT,REP,PSR7,TBSC,PSR0LE41,3,111H 245/70 R16,16,0,,0,,-0.280477,,-0.280477,,0,,-3.802451,
2025,03,BSNZ,AT,REP,PSR7,TBSC,PSR0LG21,3,111T 255/70 R16,16,,110,,19487.794799999996,,-2518.33141,,16969.46339,,5649.088610000001,,8797.84825454884
2025,03,BSNZ,AT,REP,PSR7,TBSC,PSR0LG54,3,111S 245/70 R16,16,7,1,1019.5449283949999,163.6444,-30.394170285,-21.502509999999997,989.150758109,142.14189,326.96848884480005,46.322166,512.9110931152,73.68147636210553
2025,03,BSNZ,AT,REP,PSR7,TBSC,PSR0LH64,"",096H 205/70 R15,15,0,,0,,0,,0,,0,,0,
2025,03,BSNZ,AT,REP,PSR7,TBSC,PSR0LH64,3,096H 205/70 R15,15,8,15,768.711023752,1548.0612299999998,-24.329029406,-116.76449,744.3819943459999,1431.3024299999997,316.4954027048,595.13421,367.6159635158,743.6060567762925
2025,03,BSNZ,AT,REP,PSR7,TBSC,PSR0LU7F,"",111H 245/70 R16,16,0,,0,,0,,0,,0,,0,
2025,03,BSNZ,AT,REP,PSR7,TBSC,PSR0LU7F,3,111H 245/70 R16,16,4,,493.186258607,,-14.821569548,,478.364689059,,170.859076,,246.52749019779998,
2025,03,BSNZ,AT,REP,PSR7,TBSC,PSR0LXM0,3,111T 255/70 R16,16,19,,3002.128338265,,-88.125029864,,2914.003308401,,1816.554415869,,1529.0935488259,
2025,03,BSNZ,AT,REP,PSR7,TBSC,PSR0LXS3,3,111T 255/70 R16,16,0,2,0,342.54938,-2.769243,-31.852619999999995,-2.769243,310.6967599999999,0,96.93876,-37.542835,161.14611103544337
2025,03,BSNZ,AT,REP,PSR7,TBSC,PSR0LXW3,"",111S 245/70 R16,16,0,,0,,0,,0,,0,,0,
2025,03,BSNZ,AT,REP,PSR7,TBSC,PSR0LXW3,3,111S 245/70 R16,16,9,51,1403.4537489909999,7578.209429999999,-45.034744536,-651.6586299999999,1358.4190044549998,6926.5508,439.44537222959997,2307.270702,662.716771119,3591.401374077832
2025,03,BSNZ,AT,REP,PSR7,TBSC,PSR0LY38,"",111T 255/70 R16,16,0,,0,,0,,0,,0,,0,
2025,03,BSNZ,AT,REP,PSR7,TBSC,PSR0LY38,3,111T 255/70 R16,16,80,,13311.964091741003,,-413.661939416,,12898.302152322001,,7169.991332858999,,6469.018181015599,
2025,03,BSNZ,AT,REP,TBR2,BSJ,TBR00731,2,143J    825 R15,15,,12,,2653.5314999999996,,-75.05678999999999,,2578.47471,,1480.869984,,1026.5193495372566
2025,03,BSNZ,AT,REP,TBR2,BSJ,TBR06028,"",143L    825 R15,15,0,,0,,0,,0,,0,,0,
2025,03,BSNZ,AT,REP,TBR2,BSJ,TBR06028,3,143L    825 R15,15,0,,66.065640312,,-2.200954011,,63.86468630099998,,0,,33.45348918629999,
2025,03,BSNZ,AT,REP,TBR2,BTMT,TBR0J83F,"",147L   1000 R20,20,0,,0,,0,,0,,0,,0,
2025,03,BSNZ,AT,REP,TBR2,BTMT,TBR0J83F,3,147L   1000 R20,20,8,9,2243.908975952,3127.37763,-67.017492627,-24.0118,2176.891483325,3103.3658299999997,1297.0037207996,1439.433468,1334.3123000486,1382.620115879704
2025,03,BSNZ,AT,REP,TBR3,BSJ,TBR00329,3,B50M 305/70 R225,225,,22,,9761.456739999998,,-276.11294,,9485.343799999999,,5764.434192,,3776.223056563055
2025,03,BSNZ,AT,REP,TBR3,BSJ,TBR00330,3,B60K 385/55 R225,225,,85,,43224.09068999999,,-1222.62737,,42001.463319999995,,26679.0095,,16721.2605487101
2025,03,BSNZ,AT,REP,TBR3,BSJ,TBR00342,3,,"",0,,51.715682942,,-1.5180717120000011,,50.197611230999996,,0,,29.007739513100006,
2025,03,BSNZ,AT,REP,TBR3,BSJ,TBR00467,"",148L     11 R225,225,0,,0,,0,,0,,0,,0,
2025,03,BSNZ,AT,REP,TBR3,BSJ,TBR00467,3,148L     11 R225,225,6,20,2326.770208392,8246.920989999999,-75.172735553,-233.27293,2251.597472839,8013.6537499999995,1445.306547621,4602.99412,1210.4641291845999,3190.329121664943
2025,03,BSNZ,AT,REP,TBR3,BSJ,TBR00546,"",152M 295/80 R225,225,0,,0,,0,,0,,0,,0,
2025,03,BSNZ,AT,REP,TBR3,BSJ,TBR00546,3,152M 295/80 R225,225,46,46,23302.851104014997,22883.21126,-709.044986644,-647.2716399999999,22593.806117366996,22235.93962,12679.7469703322,12769.316824,12726.0863082271,8852.383757542399
2025,03,BSNZ,AT,REP,TBR3,BSJ,TBR00730,"",B60K 385/55 R225,225,0,,0,,0,,0,,0,,0,
2025,03,BSNZ,AT,REP,TBR3,BSJ,TBR00730,3,B60K 385/55 R225,225,84,90,38432.64769428001,42752.56608,-1178.234307336,-1209.29001,37254.413386942004,41543.27606999999,20090.9278423766,23864.027220000004,20866.3680141074,16538.854422624845
2025,03,BSNZ,AT,REP,TBR3,BSJ,TBR00778,"",148L     11 R225,225,0,,0,,0,,0,,0,,0,
2025,03,BSNZ,AT,REP,TBR3,BSJ,TBR00778,3,148L     11 R225,225,11,53,2817.912854281,22283.33732,-92.28416064599998,-630.3040599999999,2725.6286936360007,21653.03895,2460.7494092499996,12389.638385999999,1451.5771862753002,8620.320218843963
2025,03,BSNZ,AT,REP,TBR3,BSJ,TBR00812,"",133L      9 R225,225,0,,0,,0,,0,,0,,0,
2025,03,BSNZ,AT,REP,TBR3,BSJ,TBR00812,3,133L      9 R225,225,16,,7204.471476762001,,-212.019416708,,6992.452060054,,4409.4337673833,,4033.6362541391,
2025,03,BSNZ,AT,REP,TBR3,BSJ,TBR00920,"",150L 295/60 R225,225,0,,0,,0,,0,,0,,0,
2025,03,BSNZ,AT,REP,TBR3,BSJ,TBR00920,3,150L 295/60 R225,225,24,23,9954.638014527998,9769.13255,-305.97268075499994,-276.32915999999994,9648.665334772999,9492.80339,5446.995243305,5448.908058,5394.8735483709,3779.1941906900684
2025,03,BSNZ,AT,REP,TBR3,BSJ,TBR00923,"",156L 355/50 R225,225,0,,0,,0,,0,,0,,0,
2025,03,BSNZ,AT,REP,TBR3,BSJ,TBR00923,3,156L 355/50 R225,225,238,225,116929.81800150001,112502.17927999998,-3621.005461692,-3182.21216,113308.81253980601,109319.96712,63231.0410834278,62790.839100000005,62984.3009891671,43521.52666729142
2025,03,BSNZ,AT,REP,TBR3,BSJ,TBR00949,"",B50M 305/70 R225,225,0,,0,,0,,0,,0,,0,
2025,03,BSNZ,AT,REP,TBR3,BSJ,TBR00949,3,B50M 305/70 R225,225,19,,8103.5158487359995,,-248.668830295,,7854.847018440999,,4528.3480795036,,4396.6426132633005,
2025,03,BSNZ,AT,REP,TBR3,BSJ,TBR00951,"",B60K 385/55 R225,225,0,,0,,0,,0,,0,,0,
2025,03,BSNZ,AT,REP,TBR3,BSJ,TBR00951,3,B60K 385/55 R225,225,145,,73679.420592267,,-2252.9915640589998,,71426.42902820298,,39708.121371776,,40083.733080337995,
2025,03,BSNZ,AT,REP,TBR3,BSJ,TBR05309,"",148L 275/70 R225,225,0,,0,,0,,0,,0,,0,
2025,03,BSNZ,AT,REP,TBR3,BSJ,TBR05309,3,148L 275/70 R225,225,10,,3239.90769025,,-100.93468789199997,,3138.973002358,,1843.595,,1737.0060941769002,
2025,03,BSNZ,AT,REP,TBR3,BSJ,TBR05399,"",B50M 305/70 R225,225,0,,0,,0,,0,,0,,0,
2025,03,BSNZ,AT,REP,TBR3,BSJ,TBR05399,3,B50M 305/70 R225,225,0,,57.746015222000096,,-1.7292891989999997,,56.01672602199999,,0,,31.919189041400017,
2025,03,BSNZ,AT,REP,TBR3,BSJ,TBR05707,"",151J 275/80 R225,225,0,,0,,0,,0,,0,,0,
2025,03,BSNZ,AT,REP,TBR3,BSJ,TBR05707,3,151J 275/80 R225,225,2,,945.64543976,,-27.75865094,,917.88678882,,458.44,,530.4200781554,
2025,03,BSNZ,AT,REP,TBR3,BSJ,TBR08827,3,133L      9 R225,225,,0,,0,,0,,0,,0,,0
2025,03,BSNZ,AT,REP,TBR3,BTMT,TBR0J04F,"",152K 295/80 R225,225,0,,0,,0,,0,,0,,0,
2025,03,BSNZ,AT,REP,TBR3,BTMT,TBR0J04F,3,152K 295/80 R225,225,99,112,35770.121985072,42982.62984999999,-1100.226009781,-330.02,34669.895975291,42652.604159999995,19047.7373336624,19871.031488,20848.919694781198,19002.70099490032
2025,03,BSNZ,AT,REP,TBR3,BTMT,TBR0J059,"",148M 275/70 R225,225,0,,0,,0,,0,,0,,0,
2025,03,BSNZ,AT,REP,TBR3,BTMT,TBR0J059,3,148M 275/70 R225,225,14,,2668.824056052,,-79.532468253,,2589.2915877990004,,1902.2991419,,1589.4156429655,
2025,03,BSNZ,AT,REP,TBR3,BTMT,TBR0J0GF,"",148L     11 R225,225,0,,0,,0,,0,,0,,0,
2025,03,BSNZ,AT,REP,TBR3,BTMT,TBR0J0GF,3,148L     11 R225,225,6,1,2081.13467352,346.90223,-64.08028838499999,-2.6629199999999997,2017.0543851349998,344.23931,977.1905383218,154.920084,1210.9250127236999,153.36651856763152
2025,03,BSNZ,AT,REP,TBR3,BTMT,TBR0J0JF,"",152M 295/80 R225,225,0,,0,,0,,0,,0,,0,
2025,03,BSNZ,AT,REP,TBR3,BTMT,TBR0J0JF,3,152M 295/80 R225,225,63,55,23654.486479301,21607.33687,-741.2375254169999,-165.90332999999998,22913.24895388,21441.43354,11121.215447097798,9127.635,13586.583566841302,9552.642646547129
2025,03,BSNZ,AT,REP,TBR3,BTMT,TBR0J107,"",148J     11 R225,225,0,,0,,0,,0,,0,,0,
2025,03,BSNZ,AT,REP,TBR3,BTMT,TBR0J107,3,148J     11 R225,225,0,2,0,803.9002699999999,-0.742658,-22.73724,-0.742658,781.1630299999998,0,372.23379600000004,-10.227301,348.0281195164289
2025,03,BSNZ,AT,REP,TBR3,BTMT,TBR0J132,"",148M 275/70 R225,225,0,,0,,0,,0,,0,,0,
2025,03,BSNZ,AT,REP,TBR3,BTMT,TBR0J132,3,148M 275/70 R225,225,0,,0,,5.043445999999998,,5.043445999999998,,0,,69.45439500000003,
2025,03,BSNZ,AT,REP,TBR3,BTMT,TBR0J185,"",B60K 385/65 R225,225,0,,0,,0,,0,,0,,0,
2025,03,BSNZ,AT,REP,TBR3,BTMT,TBR0J185,3,B60K 385/65 R225,225,48,47,25936.213456076,26933.808459999997,-832.7495354409999,-761.84548,25103.463920628008,26171.962979999997,10122.806493840002,9396.294332,14620.747028195297,11660.20053673892
2025,03,BSNZ,AT,REP,TBR3,BTMT,TBR0J218,"",140J 255/70 R225,225,0,,0,,0,,0,,0,,0,
2025,03,BSNZ,AT,REP,TBR3,BTMT,TBR0J218,3,140J 255/70 R225,225,60,62,14866.902021062,16387.757619999997,-463.94335862,-463.54153999999994,14402.958662439001,15924.216079999998,8101.8956195543,7867.01384,8565.8557475784,7094.595768709363
2025,03,BSNZ,AT,REP,TBR3,BTMT,TBR0J347,"",148J     11 R225,225,0,,0,,0,,0,,0,,0,
2025,03,BSNZ,AT,REP,TBR3,BTMT,TBR0J347,3,148J     11 R225,225,248,253,88065.95639445801,89814.9999,-2709.626058561,-2540.48827,85356.330335894,87274.51163,45236.957656933795,42232.512531,51268.0779227698,38882.771940075
2025,03,BSNZ,AT,REP,TBR3,BTMT,TBR0J41F,3,B60K 385/65 R225,225,,39,,14199.838819999997,,-109.02609,,14090.812729999998,,7360.5031500000005,,6277.77448132479
2025,03,BSNZ,AT,REP,TBR3,BTMT,TBR0J425,"",B60K 385/65 R225,225,0,,0,,0,,0,,0,,0,
2025,03,BSNZ,AT,REP,TBR3,BTMT,TBR0J425,3,B60K 385/65 R225,225,63,76,38988.728085111004,47486.04863,-1189.75849208,-1343.1814,37798.969593024,46142.872919999994,13661.175401423297,15676.10086,22834.462929716203,20557.691186623975
2025,03,BSNZ,AT,REP,TBR3,BTMT,TBR0J443,"",B60K 385/65 R225,225,0,,0,,0,,0,,0,,0,
2025,03,BSNZ,AT,REP,TBR3,BTMT,TBR0J443,3,B60K 385/65 R225,225,4,2,2176.536763646,1105.2768099999998,-68.54634926,-31.260859999999997,2107.990414386,1074.0102599999998,694.1127966344,410.179528,1245.486055025,478.49582360823683
2025,03,BSNZ,AT,REP,TBR3,BTMT,TBR0J462,"",148M 275/70 R225,225,0,,0,,0,,0,,0,,0,
2025,03,BSNZ,AT,REP,TBR3,BTMT,TBR0J462,3,148M 275/70 R225,225,34,80,11987.116840748,30126.35935,-405.5067659,-852.1457799999998,11581.610074847998,29274.213569999996,5801.339857418599,13145.200640000001,6469.7965963386,13042.325364540982
2025,03,BSNZ,AT,REP,TBR3,BTMT,TBR0J565,"",148M 275/70 R225,225,0,,0,,0,,0,,0,,0,
2025,03,BSNZ,AT,REP,TBR3,BTMT,TBR0J565,3,148M 275/70 R225,225,669,726,256261.226029564,281466.46754,-7895.811113484,-7961.493519999999,248365.41491607705,273504.96833,112392.5199597794,114811.863012,149030.141355854,121852.65131351532
2025,03,BSNZ,AT,REP,TBR3,BTMT,TBR0J587,"",148L 275/70 R225,225,0,,0,,0,,0,,0,,0,
2025,03,BSNZ,AT,REP,TBR3,BTMT,TBR0J587,3,148L 275/70 R225,225,11,,4153.329937799001,,-128.648715076,,4024.681222722,,1493.7023302,,2405.9466495784,
2025,03,BSNZ,AT,REP,TBR3,BTMT,TBR0J642,"",B50J 275/70 R225,225,0,,0,,0,,0,,0,,0,
2025,03,BSNZ,AT,REP,TBR3,BTMT,TBR0J642,3,B50J 275/70 R225,225,26,31,9473.964695776,11349.376419999999,-308.109482385,-321.02411,9165.855213391,11028.35231,5019.6734327718,5552.810582,5285.0692638997,4913.382398507164
2025,03,BSNZ,AT,REP,TBR3,BTMT,TBR0J679,"",148L     11 R225,225,0,,0,,0,,0,,0,,0,
2025,03,BSNZ,AT,REP,TBR3,BTMT,TBR0J679,3,148L     11 R225,225,20,,6763.084655711999,,-200.907777628,,6562.176878083999,,3740.496563408,,4036.2809392239,
2025,03,BSNZ,AT,REP,TBR3,BTMT,TBR0J744,"",B56K 315/80 R225,225,0,,0,,0,,0,,0,,0,
2025,03,BSNZ,AT,REP,TBR3,BTMT,TBR0J744,3,B56K 315/80 R225,225,0,8,45.24982666400001,3132.0035999999996,-10.204435586000002,-88.59329999999999,35.04539107699975,3043.41599,0,1632.0637840000002,-95.01536207520007,1355.9082983999344
2025,03,BSNZ,AT,REP,TBR3,BTMT,TBR0J748,"",B52K 295/80 R225,225,0,,0,,0,,0,,0,,0,
2025,03,BSNZ,AT,REP,TBR3,BTMT,TBR0J748,3,B52K 295/80 R225,225,24,15,11481.065873277,7543.93856,-348.612795611,-213.38637999999997,11132.453077666,7330.552179999999,4524.920843023499,2663.5293149999998,6748.0892175527,3265.9249956313033
2025,03,BSNZ,AT,REP,TBR3,BTMT,TBR0J757,"",B56K 315/80 R225,225,0,,0,,0,,0,,0,,0,
2025,03,BSNZ,AT,REP,TBR3,BTMT,TBR0J757,3,B56K 315/80 R225,225,1,0,565.354818532,0,-16.595529789,0,548.759288743,0,179.6984137777,0,340.169092662,0
2025,03,BSNZ,AT,REP,TBR3,BTMT,TBR0J759,"",148M 275/70 R225,225,0,,0,,0,,0,,0,,0,
2025,03,BSNZ,AT,REP,TBR3,BTMT,TBR0J759,3,148M 275/70 R225,225,666,574,269292.377648133,237532.10552999997,-8261.371161099,-6718.780449999999,261031.00648703193,230813.33077,121544.36332047681,99361.107076,157103.75206261178,102832.55833589754
2025,03,BSNZ,AT,REP,TBR3,BTMT,TBR0J769,"",146J     11 R225,225,0,,0,,0,,0,,0,,0,
2025,03,BSNZ,AT,REP,TBR3,BTMT,TBR0J769,3,146J     11 R225,225,48,56,20991.497328423997,24047.112139999997,-646.96121238,-680.1882899999999,20344.536116043,23366.918159999997,9049.9321935404,9914.864848000001,12205.4657582108,10410.493420821898
2025,03,BSNZ,AT,REP,TBR3,BTMT,TBR0J774,"",B48K     11 R225,225,0,,0,,0,,0,,0,,0,
2025,03,BSNZ,AT,REP,TBR3,BTMT,TBR0J774,3,B48K     11 R225,225,43,65,17944.007490675,28002.748929999998,-545.869918466,-792.0764499999999,17398.137572208998,27210.66679,7384.5100812333,10382.459555000001,10532.6323207078,12122.96939089936
2025,03,BSNZ,AT,REP,TBR3,BTMT,TBR0J788,3,     255/70 R225,225,,1,,400.71824999999995,,-11.33448,,389.38376999999997,,131.09546600000002,,173.47787748605316
2025,03,BSNZ,AT,REP,TBR3,BTMT,TBR0J812,"",148K 275/70 R225,225,0,,0,,0,,0,,0,,0,
2025,03,BSNZ,AT,REP,TBR3,BTMT,TBR0J812,3,148K 275/70 R225,225,66,127,30520.645148203002,58805.84274,-984.670702891,-1663.36908,29535.974445307995,57142.479349999994,11169.900492867902,20576.124964,17139.584644885705,25458.267800599268
2025,03,BSNZ,AT,REP,TBR3,BTMT,TBR0J815,"",154G     13 R225,225,0,,0,,0,,0,,0,,0,
2025,03,BSNZ,AT,REP,TBR3,BTMT,TBR0J815,3,154G     13 R225,225,97,92,39236.591492742,38878.95633,-1200.5155373300001,-1099.72337,38036.075955411,37779.232959999994,23480.490993514897,20962.6439,22933.1073109061,16831.505487866067
2025,03,BSNZ,AT,REP,TBR3,BTMT,TBR0J834,"",152M 295/80 R225,225,0,,0,,0,,0,,0,,0,
2025,03,BSNZ,AT,REP,TBR3,BTMT,TBR0J834,3,152M 295/80 R225,225,17,12,8301.874695261,6209.957889999999,-249.346577834,-175.65598999999997,8052.528117426,6034.3018999999995,3434.8613649318,2315.990172,4917.189382999,2688.42063102033
2025,03,BSNZ,AT,REP,TBR3,BTMT,TBR0J865,"",B54K     13 R225,225,0,,0,,0,,0,,0,,0,
2025,03,BSNZ,AT,REP,TBR3,BTMT,TBR0J865,3,B54K     13 R225,225,7,8,2821.9498268360003,3499.7596799999997,-87.129138736,-98.99461999999998,2734.8206881,3400.7650599999997,1467.4990375370999,1684.7599759999998,1638.6038352686,1515.1162551863765
2025,03,BSNZ,AT,REP,TBR3,BTMT,TBR0J869,"",B50M 305/70 R225,225,0,,0,,0,,0,,0,,0,
2025,03,BSNZ,AT,REP,TBR3,BTMT,TBR0J869,3,B50M 305/70 R225,225,6,0,2831.3638455620003,0,-84.048622228,0,2747.3152233339997,0,1204.3865328664,0,1690.6382300634998,0
2025,03,BSNZ,AT,REP,TBR3,BTMT,TBR0J901,"",B48K     11 R225,225,0,,0,,0,,0,,0,,0,
2025,03,BSNZ,AT,REP,TBR3,BTMT,TBR0J901,3,B48K     11 R225,225,71,108,33357.425125534995,50105.63359,-1051.259087652,-1417.27658,32306.166037883,48688.35700999999,13346.484075254,18711.536976,19075.421004448,21691.763886582885
2025,03,BSNZ,AT,REP,TBR3,BTMT,TBR0JA2F,"",148L     11 R225,225,0,,0,,0,,0,,0,,0,
2025,03,BSNZ,AT,REP,TBR3,BTMT,TBR0JA2F,3,148L     11 R225,225,111,127,43898.518538307995,43577.46814,-1333.3592018250001,-334.58906999999994,42565.159336482,43242.879069999995,18733.7452767014,20373.725064,25795.987956500197,19265.684237331392
2025,03,BSNZ,AT,REP,TBR3,BTMT,TBR0JA3F,"",148M 275/70 R225,225,0,,0,,0,,0,,0,,0,
2025,03,BSNZ,AT,REP,TBR3,BTMT,TBR0JA3F,3,148M 275/70 R225,225,233,100,77251.80060222102,34673.39197999999,-2358.904931674,-266.22371999999996,74892.895670546,34407.16826,38052.151534881,15473.7066,45221.607781768405,15329.174220759414
2025,03,BSNZ,AT,REP,TBR3,BTMT,TBR0JB2F,"",148M 275/70 R225,225,0,,0,,0,,0,,0,,0,
2025,03,BSNZ,AT,REP,TBR3,BTMT,TBR0JB2F,3,148M 275/70 R225,225,124,142,48339.204976531,51560.76005,-1479.965699115,-395.88174999999995,46859.23927741699,51164.87261,20222.778156537002,22218.747099999997,28243.571824599803,22795.109025730082
2025,03,BSNZ,AT,REP,TBR3,BTMT,TBR0JBLF,"",148K     11 R225,225,0,,0,,0,,0,,0,,0,
2025,03,BSNZ,AT,REP,TBR3,BTMT,TBR0JBLF,3,148K     11 R225,225,154,150,47375.691885570996,44478.34308,-1462.5751690919997,-341.5024199999999,45913.11671647501,44136.840659999994,26550.1248204421,23776.439700000003,27513.3329594363,19663.960025272172
2025,03,BSNZ,AT,REP,TBR3,BTMT,TBR0JBPF,"",B60K 385/65 R225,225,0,,0,,0,,0,,0,,0,
2025,03,BSNZ,AT,REP,TBR3,BTMT,TBR0JBPF,3,B60K 385/65 R225,225,27,,9790.841906167,,-301.60872119699997,,9489.23318497,,4949.260242599999,,5695.025913740301,
2025,03,BSNZ,AT,REP,TBR4,"",11005692,"",,195,0,,0,,0,,0,,0,,0,
2025,03,BSNZ,AT,REP,TBR4,"",11005692,3,,195,22,,4894.284682,,-154.485088,,4739.799593999999,,60.538712,,2596.2261408734,
2025,03,BSNZ,AT,REP,TBR4,BRIDGESTON,11082,3,,19.5,,11,,2274.86769,,-17.4683,,2257.3993899999996,,1684.2968999999998,,820.9247499999999
2025,03,BSNZ,AT,REP,TBR4,BSJ,TBR00765,3,140M 265/70 R195,195,,12,,4131.77074,,-116.87259999999999,,4014.89814,,2307.2295959999997,,1598.3786789058265
2025,03,BSNZ,AT,REP,TBR4,BSJ,TBR02803,"",130J 225/70 R195,195,0,,0,,0,,0,,0,,0,
2025,03,BSNZ,AT,REP,TBR4,BSJ,TBR02803,3,130J 225/70 R195,195,33,57,10085.803325338999,17444.21992,-318.06691993799996,-493.4254199999999,9767.736405399999,16950.7945,5490.3364241012,9748.197171,5354.9940137358,6748.304491388088
2025,03,BSNZ,AT,REP,TBR4,BSJ,TBR06447,"",136J 245/70 R195,195,0,,0,,0,,0,,0,,0,
2025,03,BSNZ,AT,REP,TBR4,BSJ,TBR06447,3,136J 245/70 R195,195,33,49,8723.232996044,13310.150419999998,-271.225089677,-376.49022999999994,8452.007906365001,12933.660189999999,4924.419196158,7420.846356000001,4683.8392539058,5149.04079005517
2025,03,BSNZ,AT,REP,TBR4,BSJ,TBR09927,"",143J 265/70 R195,195,0,,0,,0,,0,,0,,0,
2025,03,BSNZ,AT,REP,TBR4,BSJ,TBR09927,3,143J 265/70 R195,195,372,103,94800.38022091701,25394.6407,-2912.1395816769996,-718.3056,91888.240639238,24676.3351,50088.9919743026,14232.394769999999,51389.16651156491,9823.931634234319
2025,03,BSNZ,AT,REP,TBR4,BTMT,TBR0J217,"",143J 265/70 R195,195,0,,0,,0,,0,,0,,0,
2025,03,BSNZ,AT,REP,TBR4,BTMT,TBR0J217,3,143J 265/70 R195,195,1390,1276,341882.59739053005,310196.75125,-10498.352319678997,-8774.150699999998,331384.245070838,301422.59485999995,198751.72723873053,172841.92107599997,199310.02680494427,134290.58657112232
2025,03,BSNZ,AT,REP,TBR4,BTMT,TBR0J289,3,,"",0,,0,,-0.11500400000000005,,-0.11500400000000005,,0,,-1.5837409999999998,
2025,03,BSNZ,AT,REP,TBR4,BTMT,TBR0J358,"",140J 265/70 R195,195,0,,0,,0,,0,,0,,0,
2025,03,BSNZ,AT,REP,TBR4,BTMT,TBR0J358,3,140J 265/70 R195,195,43,169,12101.413972018,44537.83202999999,-389.08950274299997,-1259.78876,11712.324469274,43278.043269999995,5266.6572212716,21905.983814,6814.1205755384,19281.348351616223
2025,03,BSNZ,AT,REP,TBR4,BTMT,TBR0J406,"",140M 265/70 R195,195,0,,0,,0,,0,,0,,0,
2025,03,BSNZ,AT,REP,TBR4,BTMT,TBR0J406,3,140M 265/70 R195,195,50,28,13350.156196181,7990.43286,-415.287707736,-226.01818,12934.868488441,7764.420369999999,6380.2892224587995,3401.252008,7709.3902892066,3459.2269084796226
2025,03,BSNZ,AT,REP,TBR4,BTMT,TBR0J470,3,148M 305/70 R195,195,,3,,1560.9206299999998,,-44.154399999999995,,1516.7719199999997,,487.515477,,675.7577120450983
2025,03,BSNZ,AT,REP,TBR4,BTMT,TBR0J512,3,150J 285/70 R195,195,,0,,0,,0,,0,,0,,0
2025,03,BSNZ,AT,REP,TBR4,BTMT,TBR0J826,"",140M 265/70 R195,195,0,,0,,0,,0,,0,,0,
2025,03,BSNZ,AT,REP,TBR4,BTMT,TBR0J826,3,140M 265/70 R195,195,114,239,27928.947925284003,54784.116599999994,-857.5735733109999,-1549.6089099999997,27071.374351973,53234.50768999999,12388.608462487999,27731.401113,16283.651756817,23717.176822346577
2025,03,BSNZ,AT,REP,TBR4,BTMT,TBR0J836,"",143J 265/70 R195,195,0,,0,,0,,0,,0,,0,
2025,03,BSNZ,AT,REP,TBR4,BTMT,TBR0J836,3,143J 265/70 R195,195,7,83,2077.013946462,23811.506309999997,-68.5781081,-673.5253,2008.435838362,23137.98101,995.5689970138,11583.82445,1144.935298791,10308.495615546793
2025,03,BSNZ,AT,REP,TBR4,BTMT,TBR0J888,"",148M 305/70 R195,195,0,,0,,0,,0,,0,,0,
2025,03,BSNZ,AT,REP,TBR4,BTMT,TBR0J888,3,148M 305/70 R195,195,5,,2393.690145777,,-73.635724757,,2320.05442102,,30.854110466899996,,1393.8411743243,
2025,03,BSNZ,AT,REP,TBR4,BTMT,TBR0J889,"",148M 305/70 R195,195,0,,0,,0,,0,,0,,0,
2025,03,BSNZ,AT,REP,TBR4,BTMT,TBR0J889,3,148M 305/70 R195,195,0,3,55.85874456400006,1471.51935,-3.7255059069999987,-41.62235,52.13323865699999,1429.897,0,509.379585,4.88547130569998,637.0492081194038
2025,03,BSNZ,AT,REP,TBR4,BTMT,TBR0J908,"",140M 265/70 R195,195,0,,0,,0,,0,,0,,0,
2025,03,BSNZ,AT,REP,TBR4,BTMT,TBR0J908,3,140M 265/70 R195,195,14,,4369.891453984,,-140.15068004800003,,4229.740773935,,1986.2058247738,,2465.777732724,
2025,03,BSNZ,AT,REP,TBR4,BTMT,TBR0JC7F,"",143J 265/70 R195,195,0,,0,,0,,0,,0,,0,
2025,03,BSNZ,AT,REP,TBR4,BTMT,TBR0JC7F,3,143J 265/70 R195,195,622,794,118593.54200842402,156150.14652,-3615.7911161039997,-1198.92283,114977.750892309,154951.22368999998,84137.79911029899,101253.43668,69497.0052276376,69034.27561110786
2025,03,BSNZ,AT,REP,TBR5,"",11004119,"",,175,0,,0,,0,,0,,0,,0,
2025,03,BSNZ,AT,REP,TBR5,"",11004119,3,,175,1,,185.58347500000002,,-5.428632,,180.15484499999994,,2.311200999999999,,104.35792111590001,
2025,03,BSNZ,AT,REP,TBR5,"",11006509,"",,175,0,,0,,0,,0,,0,,0,
2025,03,BSNZ,AT,REP,TBR5,"",11006509,3,,175,412,,86468.75588499999,,-2679.67253,,83789.083359,,1049.122924,,46548.78985931999,
2025,03,BSNZ,AT,REP,TBR5,BRIDGESTON,23832,3,,17.5,,345,,75023.83920999999,,-2122.10826,,72901.73095,,58284.91754999999,,26511.33734
2025,03,BSNZ,AT,REP,TBR5,BSEU,TBR0G042,"",138M 265/70 R175,175,0,,0,,0,,0,,286.47428499999995,,0,
2025,03,BSNZ,AT,REP,TBR5,BSEU,TBR0G042,3,138M 265/70 R175,175,2,27,655.6534610000001,8051.816579999999,-24.660013,-227.75362999999996,630.9934480000002,7824.062949999999,6.882497000000001,2838.77514,268.54693799999995,2845.2901899999997
2025,03,BSNZ,AT,REP,TBR5,BSEU,TBR0G29F,"",132M 235/75 R175,175,0,,0,,0,,0,,819.5612430000001,,0,
2025,03,BSNZ,AT,REP,TBR5,BSEU,TBR0G29F,3,132M 235/75 R175,175,6,34,1578.897332,7763.327889999999,-53.146595000000005,-59.608439999999995,1525.750738,7703.719449999999,18.033990999999997,4125.72796,584.094863,2801.5227099999997
2025,03,BSNZ,AT,REP,TBR5,BSJ,TBR00926,"",135J 215/75 R175,175,0,,0,,0,,0,,0,,0,
2025,03,BSNZ,AT,REP,TBR5,BSJ,TBR00926,3,135J 215/75 R175,175,43,55,7785.5944974779995,10934.296609999998,-248.260074598,-309.28563999999994,7537.334422879,10625.01097,4917.154125110201,6109.93141,4094.9326904477,4229.941747350186
2025,03,BSNZ,AT,REP,TBR5,BSJ,TBR00936,"",143J 235/75 R175,175,0,,0,,0,,0,,0,,0,
2025,03,BSNZ,AT,REP,TBR5,BSJ,TBR00936,3,143J 235/75 R175,175,36,,9419.289683104002,,-286.277062824,,9133.012620279,,3957.0125373768,,5148.4411540201,
2025,03,BSNZ,AT,REP,TBR5,BSJ,TBR06042,"",127L 225/90 R175,175,0,,0,,0,,0,,0,,0,
2025,03,BSNZ,AT,REP,TBR5,BSJ,TBR06042,3,127L 225/90 R175,175,6,12,1395.619900668,3662.4879899999996,-43.039972395999996,-103.59782999999999,1352.579928272,3558.89016,1024.4131656,2043.6348240000002,754.2709193325001,1416.832854880562
2025,03,BSNZ,AT,REP,TBR5,BSJ,TBR06431,"",123L 225/80 R175,175,0,,0,,0,,0,,0,,0,
2025,03,BSNZ,AT,REP,TBR5,BSJ,TBR06431,3,123L 225/80 R175,175,36,58,9660.659316252,16563.578619999997,-293.947769577,-468.5146,9366.711546674,16095.06402,5550.8056189828,9234.968336,5275.9233024775995,6407.630348474415
2025,03,BSNZ,AT,REP,TBR5,BSJ,TBR06433,"",123L 225/80 R175,175,0,,0,,0,,0,,0,,0,
2025,03,BSNZ,AT,REP,TBR5,BSJ,TBR06433,3,123L 225/80 R175,175,0,2,0,585.5465199999999,-1.4003009999999998,-16.563589999999998,-1.4003009999999998,568.98293,0,326.109124,-19.28386,226.51993290539755
2025,03,BSNZ,AT,REP,TBR5,BSJ,TBR09988,3,143J 235/75 R175,175,,56,,14914.32643,,-421.86229,,14492.46414,,8840.666912,,5769.617966985759
2025,03,BSNZ,RE,REP,"","","",3,,"",,8536,,1476380.1690599998,,-29819.583,,1446560.5860599997,,1029340.6191199999,,590302.89342
2025,03,BSNZ,RE,REP,"","",69000062,"",,"",0,,0,,0,,0,,0,,0,
2025,03,BSNZ,RE,REP,"","",69000092,"",,"",0,,0,,0,,0,,0,,0,
2025,03,BSNZ,RE,REP,"","",69000110,"",,"",0,,0,,0,,0,,0,,0,
2025,03,BSNZ,RE,REP,"","",69000337,"",,"",0,,0,,0,,0,,-2.747151,,0,
2025,03,BSNZ,RE,REP,"","",69000470,"",,"",0,,0,,0,,0,,0,,0,
2025,03,BSNZ,RE,REP,"","",69000534,"",,"",0,,0,,0,,0,,0,,0,
2025,03,BSNZ,RE,REP,"","",69000540,"",,"",0,,0,,0,,0,,68.477773,,0,
2025,03,BSNZ,RE,REP,"","",69000558,"",,"",0,,0,,0,,0,,-43.167129,,0,
2025,03,BSNZ,RE,REP,"","",69000583,"",,"",0,,0,,0,,0,,0,,0,
2025,03,BSNZ,RE,REP,"","",69000591,"",,"",0,,0,,0,,0,,397.309559,,0,
2025,03,BSNZ,RE,REP,"","",69000598,"",,"",0,,0,,0,,0,,318.0721089999999,,0,
2025,03,BSNZ,RE,REP,"","",69000609,"",,"",0,,0,,0,,0,,0,,0,
2025,03,BSNZ,RE,REP,"","",69000620,"",,"",0,,0,,0,,0,,0,,0,
2025,03,BSNZ,RE,REP,"","",69000671,"",,"",0,,0,,0,,0,,489.434052,,0,
2025,03,BSNZ,RE,REP,"","",69000716,"",,"",0,,0,,0,,0,,339.993484,,0,
2025,03,BSNZ,RE,REP,"","",69000726,"",,"",0,,0,,0,,0,,316.704118,,0,
2025,03,BSNZ,RE,REP,"","",69000734,"",,"",0,,0,,0,,0,,0,,0,
2025,03,BSNZ,RE,REP,"","",69000777,"",,"",0,,0,,0,,0,,265.278784,,0,
2025,03,BSNZ,RE,REP,"","",69000779,"",,"",0,,0,,0,,0,,132.656143,,0,
2025,03,BSNZ,RE,REP,"","",69000780,"",,"",0,,0,,0,,0,,358.637262,,0,
2025,03,BSNZ,RE,REP,"","",69000784,"",,"",0,,0,,0,,0,,111.237296,,0,
2025,03,BSNZ,RE,REP,"","",69000824,"",,"",0,,0,,0,,0,,0,,0,
2025,03,BSNZ,RE,REP,"","",69000874,"",,"",0,,0,,0,,0,,0,,0,
2025,03,BSNZ,RE,REP,"","",69001028,"",,"",0,,0,,0,,0,,0,,0,
2025,03,BSNZ,RE,REP,"","",69001029,"",,"",0,,0,,0,,0,,1316.315447,,0,
2025,03,BSNZ,RE,REP,"","",69001184,"",,"",0,,0,,0,,0,,0,,0,
2025,03,BSNZ,RE,REP,"","",69001372,"",,"",0,,0,,0,,0,,156.202357,,0,
2025,03,BSNZ,RE,REP,"","",69001412,"",,"",0,,0,,0,,0,,0,,0,
2025,03,BSNZ,RE,REP,"","",69001659,"",,"",0,,0,,0,,0,,0,,0,
2025,03,BSNZ,RE,REP,"","",69001711,"",,"",0,,0,,0,,0,,442.983742,,0,
2025,03,BSNZ,RE,REP,"","",69001773,"",,"",0,,0,,0,,0,,0,,0,
2025,03,BSNZ,RE,REP,"","",69002473,"",,"",0,,0,,0,,0,,0,,0,
2025,03,BSNZ,RE,REP,"","",69002474,"",,"",0,,0,,0,,0,,0,,0,
2025,03,BSNZ,RE,REP,"","",69002481,"",,"",0,,0,,0,,0,,0,,0,
2025,03,BSNZ,RE,REP,RTD2,"",69000179,"",,"",1,,243.653342,,0,,243.653342,,142.978924,,88.419511,
2025,03,BSNZ,RE,REP,RTD2,"",69000564,"",,"",1,,172.182738,,0,,172.182738,,87.476733,,60.751071,
2025,03,BSNZ,RE,REP,RTD2,"",69000565,"",,"",1,,150.691303,,0,,150.691303,,10.590399,,54.684459,
2025,03,BSNZ,RE,REP,RTD2,"",69000576,"",,"",1,,166.755438,,0,,166.755438,,109.405759,,54.485987,
2025,03,BSNZ,RE,REP,RTD2,"",69000658,"",,"",3,,682.237176,,0,,682.237176,,418.55738199999996,,239.65046,
2025,03,BSNZ,RE,REP,RTD2,"",69001115,"",,"",0,,0,,0,,0,,0.6513410000000004,,0.3724660000000002,
2025,03,BSNZ,RE,REP,RTD2,"",69002365,"",,"",2,,545.432387,,0,,545.432387,,326.126783,,195.372926,
2025,03,BSNZ,RE,REP,RTD3,"",69000089,"",,"",59,,10204.919139000001,,0,,10204.919139000001,,7888.363868,,3636.1777470000006,
2025,03,BSNZ,RE,REP,RTD3,"",69000092,"",,"",143,,26088.283918,,0,,26088.283918,,19494.221091,,9082.684095000002,
2025,03,BSNZ,RE,REP,RTD3,"",69000101,"",,"",67,,14428.066923999999,,0,,14428.066923999999,,9692.105179,,4952.807896,
2025,03,BSNZ,RE,REP,RTD3,"",69000103,"",,"",119,,22422.014984999998,,0,,22422.014984999998,,17246.705132,,7870.097132999999,
2025,03,BSNZ,RE,REP,RTD3,"",69000106,"",,"",0,,0,,0,,0,,-7.8133479999999995,,-4.46802,
2025,03,BSNZ,RE,REP,RTD3,"",69000110,"",,"",297,,57294.985454,,0,,57294.985454,,43843.854451,,20153.086255,
2025,03,BSNZ,RE,REP,RTD3,"",69000120,"",,"",4,,755.957988,,0,,755.957988,,542.838379,,272.556443,
2025,03,BSNZ,RE,REP,RTD3,"",69000136,"",,"",12,,2367.173435,,0,,2367.173435,,1643.4635629999998,,783.4949610000001,
2025,03,BSNZ,RE,REP,RTD3,"",69000139,"",,"",0,,0,,0,,0,,-88.813536,,-50.787531,
2025,03,BSNZ,RE,REP,RTD3,"",69000154,"",,"",0,,0,,0,,0,,-14.201589,,-8.1211,
2025,03,BSNZ,RE,REP,RTD3,"",69000167,"",,"",1,,237.86869,,0,,237.86869,,169.964952,,84.087982,
2025,03,BSNZ,RE,REP,RTD3,"",69000194,"",,"",324,,51603.25074999999,,0,,51603.25074999999,,43179.493584,,18179.879223,
2025,03,BSNZ,RE,REP,RTD3,"",69000317,"",,"",9,,1244.766672,,0,,1244.766672,,1010.864027,,436.726262,
2025,03,BSNZ,RE,REP,RTD3,"",69000326,"",,"",54,,10173.125886,,0,,10173.125886,,7232.030245,,3571.459225,
2025,03,BSNZ,RE,REP,RTD3,"",69000332,"",,"",4,,711.512205,,0,,711.512205,,539.2123310000001,,255.98689800000002,
2025,03,BSNZ,RE,REP,RTD3,"",69000336,"",,"",139,,26245.552753,,0,,26245.552753,,20160.211443,,9297.529309000001,
2025,03,BSNZ,RE,REP,RTD3,"",69000337,"",,"",346,,62724.880896,,0,,62724.880896,,46558.073045,,22110.527470999998,
2025,03,BSNZ,RE,REP,RTD3,"",69000344,"",,"",1,,203.998324,,0,,203.998324,,134.854058,,74.029077,
2025,03,BSNZ,RE,REP,RTD3,"",69000382,"",,"",46,,8827.725254,,0,,8827.725254,,6434.923447999999,,3056.505303,
2025,03,BSNZ,RE,REP,RTD3,"",69000383,"",,"",47,,8573.116807,,0,,8573.116807,,6563.314946,,2999.1591379999995,
2025,03,BSNZ,RE,REP,RTD3,"",69000385,"",,"",36,,6399.494704000001,,0,,6399.494704000001,,5034.937303,,2242.423807,
2025,03,BSNZ,RE,REP,RTD3,"",69000387,"",,"",12,,2471.4535140000003,,0,,2471.4535140000003,,1738.187491,,827.250672,
2025,03,BSNZ,RE,REP,RTD3,"",69000388,"",,"",25,,5403.367566999999,,0,,5403.367566999999,,3633.913541,,1805.683405,
2025,03,BSNZ,RE,REP,RTD3,"",69000390,"",,"",107,,21075.737718999997,,0,,21075.737718999997,,16403.542712,,7463.787635999999,
2025,03,BSNZ,RE,REP,RTD3,"",69000416,"",,"",7,,1651.361826,,0,,1651.361826,,1178.868232,,599.263706,
2025,03,BSNZ,RE,REP,RTD3,"",69000510,"",,"",4,,792.095312,,0,,792.095312,,547.273257,,283.727154,
2025,03,BSNZ,RE,REP,RTD3,"",69000517,"",,"",0,,0,,0,,0,,-19.012515,,-10.872202999999999,
2025,03,BSNZ,RE,REP,RTD3,"",69000580,"",,"",23,,4175.323898000001,,0,,4175.323898000001,,3056.9687329999997,,1459.141825,
2025,03,BSNZ,RE,REP,RTD3,"",69000583,"",,"",96,,17522.598936,,0,,17522.598936,,12439.520513,,5841.0332149999995,
2025,03,BSNZ,RE,REP,RTD3,"",69000591,"",,"",225,,43541.936056,,0,,43541.936056,,32654.451385000004,,15361.803076999997,
2025,03,BSNZ,RE,REP,RTD3,"",69000593,"",,"",55,,8943.340124,,0,,8943.340124,,7502.7109390000005,,3081.856721,
2025,03,BSNZ,RE,REP,RTD3,"",69000595,"",,"",5,,687.8654860000001,,0,,687.8654860000001,,650.741774,,248.27406200000001,
2025,03,BSNZ,RE,REP,RTD3,"",69000598,"",,"",335,,63874.273395000004,,0,,63874.273395000004,,48041.215091,,21941.621001999996,
2025,03,BSNZ,RE,REP,RTD3,"",69000606,"",,"",4,,598.365304,,0,,598.365304,,16.163843,,202.336938,
2025,03,BSNZ,RE,REP,RTD3,"",69000620,"",,"",32,,5654.586742,,0,,5654.586742,,4386.309583,,1935.2985769999998,
2025,03,BSNZ,RE,REP,RTD3,"",69000621,"",,"",0,,0,,0,,0,,-5.857308,,-3.349469,
2025,03,BSNZ,RE,REP,RTD3,"",69000622,"",,"",108,,15637.198798,,0,,15637.198798,,12710.617366,,5378.874362999999,
2025,03,BSNZ,RE,REP,RTD3,"",69000623,"",,"",252,,35958.692708,,0,,35958.692708,,29779.396847,,12589.186744,
2025,03,BSNZ,RE,REP,RTD3,"",69000643,"",,"",0,,0,,0,,0,,-3.110366,,-1.778646,
2025,03,BSNZ,RE,REP,RTD3,"",69000645,"",,"",18,,2966.320449,,0,,2966.320449,,2317.1851420000003,,1057.891105,
2025,03,BSNZ,RE,REP,RTD3,"",69000646,"",,"",6,,1148.811801,,0,,1148.811801,,685.693371,,361.189702,
2025,03,BSNZ,RE,REP,RTD3,"",69000648,"",,"",14,,3099.9760640000004,,0,,3099.9760640000004,,2384.8855590000003,,1067.424876,
2025,03,BSNZ,RE,REP,RTD3,"",69000649,"",,"",0,,0,,0,,0,,-4.003348,,-2.289293,
2025,03,BSNZ,RE,REP,RTD3,"",69000671,"",,"",168,,30895.095283000002,,0,,30895.095283000002,,21862.553133999998,,10914.133050999999,
2025,03,BSNZ,RE,REP,RTD3,"",69000761,"",,"",15,,2248.14696,,0,,2248.14696,,1653.346295,,784.5147320000001,
2025,03,BSNZ,RE,REP,RTD3,"",69000771,"",,"",70,,12900.874108,,0,,12900.874108,,9504.41448,,4429.495005,
2025,03,BSNZ,RE,REP,RTD3,"",69000773,"",,"",0,,0,,0,,0,,1.358397,,0.7767919999999999,
2025,03,BSNZ,RE,REP,RTD3,"",69000776,"",,"",4,,754.774256,,0,,754.774256,,520.216678,,273.900493,
2025,03,BSNZ,RE,REP,RTD3,"",69000777,"",,"",42,,8393.239813,,0,,8393.239813,,5788.092842999999,,2993.569518,
2025,03,BSNZ,RE,REP,RTD3,"",69000779,"",,"",237,,45910.846005,,0,,45910.846005,,33042.239205000005,,15666.542676,
2025,03,BSNZ,RE,REP,RTD3,"",69000780,"",,"",954,,170631.953815,,0,,170631.953815,,126371.72170600004,,59051.87823399999,
2025,03,BSNZ,RE,REP,RTD3,"",69000784,"",,"",156,,27764.308690000005,,0,,27764.308690000005,,20972.045569,,9566.703923,
2025,03,BSNZ,RE,REP,RTD3,"",69000808,"",,"",54,,9459.815750999998,,0,,9459.815750999998,,6614.614852000001,,3217.7562739999994,
2025,03,BSNZ,RE,REP,RTD3,"",69000815,"",,"",39,,7260.090126,,0,,7260.090126,,5256.809862,,2559.404321,
2025,03,BSNZ,RE,REP,RTD3,"",69000816,"",,"",37,,6832.600987,,0,,6832.600987,,5252.69446,,2435.9007479999996,
2025,03,BSNZ,RE,REP,RTD3,"",69000818,"",,"",13,,2307.132544,,0,,2307.132544,,1764.89259,,800.485334,
2025,03,BSNZ,RE,REP,RTD3,"",69000821,"",,"",82,,15292.911495,,0,,15292.911495,,12146.437022,,5305.012883,
2025,03,BSNZ,RE,REP,RTD3,"",69000822,"",,"",44,,9424.046945,,0,,9424.046945,,6423.564659,,3311.2431159999996,
2025,03,BSNZ,RE,REP,RTD3,"",69000824,"",,"",32,,6294.1760699999995,,0,,6294.1760699999995,,4548.192114,,2095.749408,
2025,03,BSNZ,RE,REP,RTD3,"",69000842,"",,"",6,,1266.090596,,0,,1266.090596,,785.971494,,439.34798,
2025,03,BSNZ,RE,REP,RTD3,"",69000911,"",,"",24,,4178.752256,,0,,4178.752256,,3127.8841789999997,,1444.048843,
2025,03,BSNZ,RE,REP,RTD3,"",69001030,"",,"",8,,1506.444007,,0,,1506.444007,,1067.64685,,529.278635,
2025,03,BSNZ,RE,REP,RTD3,"",69001031,"",,"",12,,2048.135354,,0,,2048.135354,,1581.377003,,732.907505,
2025,03,BSNZ,RE,REP,RTD3,"",69001041,"",,"",0,,0,,0,,0,,-2.899881,,-1.658281,
2025,03,BSNZ,RE,REP,RTD3,"",69001073,"",,"",11,,2023.2211499999999,,0,,2023.2211499999999,,1509.4058289999998,,727.3241540000001,
2025,03,BSNZ,RE,REP,RTD3,"",69001074,"",,"",88,,15160.244186000002,,0,,15160.244186000002,,11721.632947000002,,5346.814304,
2025,03,BSNZ,RE,REP,RTD3,"",69001178,"",,"",14,,2580.41827,,0,,2580.41827,,1685.6963380000002,,885.2471619999999,
2025,03,BSNZ,RE,REP,RTD3,"",69001184,"",,"",139,,22968.932623,,0,,22968.932623,,18326.911616999998,,7917.222553,
2025,03,BSNZ,RE,REP,RTD3,"",69001194,"",,"",0,,0,,0,,0,,-11.724879,,-6.704807,
2025,03,BSNZ,RE,REP,RTD3,"",69001340,"",,"",15,,2557.11215,,0,,2557.11215,,1701.715815,,895.954924,
2025,03,BSNZ,RE,REP,RTD3,"",69001341,"",,"",6,,1061.0928,,0,,1061.0928,,704.610306,,383.337727,
2025,03,BSNZ,RE,REP,RTD3,"",69001374,"",,"",1,,199.939017,,0,,199.939017,,114.093563,,72.555992,
2025,03,BSNZ,RE,REP,RTD3,"",69001411,"",,"",19,,2897.306646,,0,,2897.306646,,1971.037441,,1013.5401919999999,
2025,03,BSNZ,RE,REP,RTD3,"",69001412,"",,"",35,,5097.551549,,0,,5097.551549,,3418.7893390000004,,1787.706075,
2025,03,BSNZ,RE,REP,RTD3,"",69001518,"",,"",0,,19.431071000000003,,0,,19.431071000000003,,-7.389762999999979,,2.044650999999992,
2025,03,BSNZ,RE,REP,RTD3,"",69001519,"",,"",1,,247.695898,,0,,247.695898,,109.105108,,81.362872,
2025,03,BSNZ,RE,REP,RTD3,"",69001580,"",,"",2,,414.965032,,0,,414.965032,,270.075005,,150.586915,
2025,03,BSNZ,RE,REP,RTD3,"",69001582,"",,"",8,,1616.039713,,0,,1616.039713,,1069.911387,,586.445642,
2025,03,BSNZ,RE,REP,RTD3,"",69001595,"",,"",0,,0,,0,,0,,-16.088994,,-9.200402,
2025,03,BSNZ,RE,REP,RTD3,"",69001633,"",,"",4,,1121.4519589999998,,0,,1121.4519589999998,,663.9852550000002,,398.665754,
2025,03,BSNZ,RE,REP,RTD3,"",69001652,"",,"",201,,39631.528003,,0,,39631.528003,,30543.607513999996,,13810.671436,
2025,03,BSNZ,RE,REP,RTD3,"",69001656,"",,"",5,,1213.933806,,0,,1213.933806,,839.9235799999999,,417.06496,
2025,03,BSNZ,RE,REP,RTD3,"",69001703,"",,"",0,,0,,0,,0,,-3.211714,,-1.836601,
2025,03,BSNZ,RE,REP,RTD3,"",69001704,"",,"",0,,16.192559000000017,,0,,16.192559000000017,,1.1379930000000087,,5.8761280000000085,
2025,03,BSNZ,RE,REP,RTD3,"",69001789,"",,"",0,,9.67086599999999,,0,,9.67086599999999,,1.731442999999956,,4.110925000000009,
2025,03,BSNZ,RE,REP,RTD3,"",69001792,"",,"",7,,1123.361566,,0,,1123.361566,,722.004677,,403.573237,
2025,03,BSNZ,RE,REP,RTD3,"",69001795,"",,"",0,,0,,0,,0,,-0.22139100000000056,,-0.12660099999999996,
2025,03,BSNZ,RE,REP,RTD3,"",69001803,"",,"",6,,1226.737095,,0,,1226.737095,,722.089797,,422.3256620000001,
2025,03,BSNZ,RE,REP,RTD3,"",69001804,"",,"",34,,7645.3055190000005,,0,,7645.3055190000005,,6051.688687000001,,2654.474511,
2025,03,BSNZ,RE,REP,RTD3,"",69001888,"",,"",4,,1064.9790150000001,,0,,1064.9790150000001,,644.208663,,341.53261399999997,
2025,03,BSNZ,RE,REP,RTD3,"",69002149,"",,"",0,,0,,0,,0,,-6.381277,,-3.649098,
2025,03,BSNZ,RE,REP,RTD3,"",69002159,"",,"",3,,911.886746,,0,,911.886746,,486.370342,,322.357331,
2025,03,BSNZ,RE,REP,RTD3,"",69002162,"",,"",0,,0,,0,,0,,-10.202821,,-5.834427,
2025,03,BSNZ,RE,REP,RTD3,"",69002214,"",,"",26,,5280.354370999999,,0,,5280.354370999999,,4049.615876,,1888.7312579999998,
2025,03,BSNZ,RE,REP,RTD3,"",69002262,"",,"",0,,64.75906800000001,,0,,64.75906800000001,,3.4884040000000027,,22.892712000000017,
2025,03,BSNZ,RE,REP,RTD3,"",69002340,"",,"",68,,13639.606561,,0,,13639.606561,,10739.952779,,4816.222314000001,
2025,03,BSNZ,RE,REP,RTD3,"",69002343,"",,"",2,,347.201965,,0,,347.201965,,251.430402,,124.367136,
2025,03,BSNZ,RE,REP,RTD3,"",69002344,"",,"",1,,196.192394,,0,,196.192394,,107.827841,,71.196378,
2025,03,BSNZ,RE,REP,RTD3,"",69002354,"",,"",4,,866.692756,,0,,866.692756,,506.299115,,307.98749799999996,
2025,03,BSNZ,RE,REP,RTD3,"",69002355,"",,"",7,,1568.9249499999999,,0,,1568.9249499999999,,1275.8041640000001,,554.038778,
2025,03,BSNZ,RE,REP,RTD3,"",69002400,"",,"",0,,0,,0,,0,,-5.742947,,-3.284073,
2025,03,BSNZ,RE,REP,RTD3,"",69002404,"",,"",0,,-11.759147999999982,,0,,-11.759147999999982,,-0.8264190000000156,,-4.267284000000018,
2025,03,BSNZ,RE,REP,RTD3,"",69002431,"",,"",0,,0,,0,,0,,0.868425000000002,,0.4966039999999996,
2025,03,BSNZ,RE,REP,RTD3,"",69002472,"",,"",1,,198.928378,,0,,198.928378,,126.873232,,67.142715,
2025,03,BSNZ,RE,REP,RTD3,"",69002473,"",,"",33,,6393.447620999999,,0,,6393.447620999999,,3771.1249489999996,,2225.778398,
2025,03,BSNZ,RE,REP,RTD3,"",69002474,"",,"",65,,11950.655664,,0,,11950.655664,,8526.969497999999,,4064.377799,
2025,03,BSNZ,RE,REP,RTD3,"",69002475,"",,"",312,,57378.432968999994,,0,,57378.432968999994,,41600.421509,,19837.467086,
2025,03,BSNZ,RE,REP,RTD3,"",69002476,"",,"",52,,11001.900137999999,,0,,11001.900137999999,,7407.597340000001,,3847.9397180000005,
2025,03,BSNZ,RE,REP,RTD3,"",69002477,"",,"",105,,21692.903145,,0,,21692.903145,,15038.178116000001,,7579.472877,
2025,03,BSNZ,RE,REP,RTD3,"",69002482,"",,"",48,,8846.631462,,0,,8846.631462,,6094.286149,,3191.333358,
2025,03,BSNZ,RE,REP,RTD3,"",69002483,"",,"",17,,3000.296904,,0,,3000.296904,,2094.084405,,1053.656375,
2025,03,BSNZ,RE,REP,RTD3,"",69002538,"",,"",4,,804.245315,,0,,804.245315,,499.672985,,246.567331,
2025,03,BSNZ,RE,REP,RTD3,"",69002539,"",,"",4,,804.245316,,0,,804.245316,,56.521368,,291.853076,
2025,03,BSNZ,RE,REP,RTD3,"",69002791,"",,"",2,,385.9636,,0,,385.9636,,299.539722,,140.062568,
2025,03,BSNZ,RE,REP,RTD4,"",69000058,"",,"",0,,0,,0,,0,,0.6172540000000009,,0.35297299999999954,
2025,03,BSNZ,RE,REP,RTD4,"",69000062,"",,"",394,,54870.38985699999,,0,,54870.38985699999,,46156.04726800001,,19158.878258999997,
2025,03,BSNZ,RE,REP,RTD4,"",69000124,"",,"",0,,0,,0,,0,,-27.548498,,-15.753456000000002,
2025,03,BSNZ,RE,REP,RTD4,"",69000323,"",,"",11,,1562.39209,,0,,1562.39209,,1183.069309,,532.589768,
2025,03,BSNZ,RE,REP,RTD4,"",69000413,"",,"",4,,846.0723700000001,,0,,846.0723700000001,,548.7218809999999,,307.031721,
2025,03,BSNZ,RE,REP,RTD4,"",69000558,"",,"",334,,50789.641661,,0,,50789.641661,,39749.926892,,17704.881628000003,
2025,03,BSNZ,RE,REP,RTD4,"",69000609,"",,"",0,,0,,0,,0,,-24.164602000000002,,-13.818394999999997,
2025,03,BSNZ,RE,REP,RTD4,"",69000767,"",,"",156,,21864.158997,,0,,21864.158997,,16921.463436,,7645.575242999999,
2025,03,BSNZ,RE,REP,RTD4,"",69000778,"",,"",0,,15.611861000000005,,0,,15.611861000000005,,0.6872990000000101,,5.431008000000006,
2025,03,BSNZ,RE,REP,RTD4,"",69000812,"",,"",10,,1307.521213,,0,,1307.521213,,997.836757,,446.264492,
2025,03,BSNZ,RE,REP,RTD4,"",69000841,"",,"",3,,620.3927679999999,,0,,620.3927679999999,,262.899835,,212.731091,
2025,03,BSNZ,RE,REP,RTD4,"",69000914,"",,"",4,,727.414415,,0,,727.414415,,413.22034499999995,,217.382854,
2025,03,BSNZ,RE,REP,RTD4,"",69001028,"",,"",224,,36005.29377900001,,0,,36005.29377900001,,26620.357412,,12624.337769999998,
2025,03,BSNZ,RE,REP,RTD4,"",69001029,"",,"",283,,43198.743151,,0,,43198.743151,,31836.576586,,14960.087944000003,
2025,03,BSNZ,RE,REP,RTD4,"",69001181,"",,"",5,,926.945826,,0,,926.945826,,656.256055,,321.74613400000004,
2025,03,BSNZ,RE,REP,RTD4,"",69001183,"",,"",4,,486.6031459999999,,0,,486.6031459999999,,527.8841259999999,,177.84987900000002,
2025,03,BSNZ,RE,REP,RTD4,"",69001371,"",,"",268,,38978.191755,,0,,38978.191755,,27996.676939,,13727.472706,
2025,03,BSNZ,RE,REP,RTD4,"",69001372,"",,"",508,,71000.12162400002,,0,,71000.12162400002,,52187.88390300001,,24558.362834999993,
2025,03,BSNZ,RE,REP,RTD4,"",69001409,"",,"",3,,438.003135,,0,,438.003135,,307.316344,,156.206866,
2025,03,BSNZ,RE,REP,RTD4,"",69001410,"",,"",2,,226.51156600000002,,0,,226.51156600000002,,182.21034800000012,,75.496524,
2025,03,BSNZ,RE,REP,RTD4,"",69001496,"",,"",234,,30731.578355,,0,,30731.578355,,25059.302558,,10799.168529,
2025,03,BSNZ,RE,REP,RTD4,"",69001585,"",,"",2,,324.532382,,0,,324.532382,,214.974323,,117.769755,
2025,03,BSNZ,RE,REP,RTD4,"",69001648,"",,"",8,,1332.748103,,0,,1332.748103,,918.015897,,483.641776,
2025,03,BSNZ,RE,REP,RTD4,"",69001659,"",,"",0,,0,,0,,0,,-12.820649,,-7.331417,
2025,03,BSNZ,RE,REP,RTD4,"",69001711,"",,"",4,,815.189251,,0,,815.189251,,57.290494,,295.824527,
2025,03,BSNZ,RE,REP,RTD4,"",69001732,"",,"",8,,1300.843178,,0,,1300.843178,,947.171686,,471.21195,
2025,03,BSNZ,RE,REP,RTD4,"",69001771,"",,"",2,,366.253348,,0,,366.253348,,219.809796,,117.01171499999998,
2025,03,BSNZ,RE,REP,RTD4,"",69001773,"",,"",6,,1216.11701,,0,,1216.11701,,505.07323799999995,,422.872207,
2025,03,BSNZ,RE,REP,RTD4,"",69001776,"",,"",5,,1379.069988,,0,,1379.069988,,719.6718199999999,,492.352933,
2025,03,BSNZ,RE,REP,RTD4,"",69001863,"",,"",0,,0,,0,,0,,-9.157358,,-5.236585,
2025,03,BSNZ,RE,REP,RTD4,"",69002209,"",,"",4,,726.40936,,0,,726.40936,,444.621247,,256.653741,
2025,03,BSNZ,RE,REP,RTD4,"",69002324,"",,"",4,,693.800896,,0,,693.800896,,478.444087,,250.14605,
2025,03,BSNZ,RE,REP,RTD4,"",69002326,"",,"",2,,416.57312,,0,,416.57312,,253.358925,,151.170475,
2025,03,BSNZ,RE,REP,RTD4,"",69002403,"",,"",0,,0,,0,,0,,-0.9700489999999995,,-0.5547169999999997,
2025,03,BSNZ,RE,REP,RTD4,"",69002480,"",,"",9,,1508.2531079999999,,0,,1508.2531079999999,,990.470583,,491.80265099999997,
2025,03,BSNZ,RE,REP,RTD4,"",69002481,"",,"",239,,38680.153749,,0,,38680.153749,,28293.756498,,13498.80705,
2025,03,BSNZ,RE,REP,RTD4,"",69002557,"",,"",5,,902.617902,,0,,902.617902,,543.8890160000001,,323.977819,
2025,03,BSNZ,RE,REP,RTD4,"",69002596,"",,"",28,,4364.285478,,0,,4364.285478,,3247.367601,,1520.859008,
2025,03,BSNZ,RE,REP,RTD4,"",69002597,"",,"",25,,3886.102464,,0,,3886.102464,,2839.637071,,1307.87317,
2025,03,BSNZ,RE,REP,RTD4,"",69002839,"",,"",0,,96.30664000000002,,0,,96.30664000000002,,5.509980999999982,,34.22920500000001,
2025,03,BSNZ,RE,REP,RTD5,"",69000040,"",,"",0,,0,,0,,0,,-1.683151,,-0.962501,
2025,03,BSNZ,RE,REP,RTD5,"",69000041,"",,"",3,,382.244896,,0,,382.244896,,212.13449100000003,,138.713085,
2025,03,BSNZ,RE,REP,RTD5,"",69000246,"",,"",0,,0,,0,,0,,-3.847386,,-2.200107,
2025,03,BSNZ,RE,REP,RTD5,"",69000254,"",,"",1,,96.005123,,0,,96.005123,,68.673314,,33.037394,
2025,03,BSNZ,RE,REP,RTD5,"",69000260,"",,"",0,,0,,0,,0,,-5.26168,,-3.008863,
2025,03,BSNZ,RE,REP,RTD5,"",69000261,"",,"",0,,0,,0,,0,,-14.896456,,-8.518457000000001,
2025,03,BSNZ,RE,REP,RTD5,"",69000266,"",,"",2,,251.866878,,0,,251.866878,,169.721103,,91.400126,
2025,03,BSNZ,RE,REP,RTD5,"",69000267,"",,"",4,,477.8033280000001,,0,,477.8033280000001,,367.44301499999995,,169.754083,
2025,03,BSNZ,RE,REP,RTD5,"",69000276,"",,"",0,,0,,0,,0,,-2.217475,,-1.268051,
2025,03,BSNZ,RE,REP,RTD5,"",69000289,"",,"",15,,2174.253055,,0,,2174.253055,,1542.636758,,762.401263,
2025,03,BSNZ,RE,REP,RTD5,"",69000470,"",,"",0,,0,,0,,0,,-10.284652999999999,,-5.881221,
2025,03,BSNZ,RE,REP,RTD5,"",69000498,"",,"",2,,261.76109,,0,,261.76109,,179.926676,,86.392694,
2025,03,BSNZ,RE,REP,RTD5,"",69000499,"",,"",0,,0,,0,,0,,-11.798003,,-6.746623,
2025,03,BSNZ,RE,REP,RTD5,"",69000521,"",,"",2,,185.159119,,0,,185.159119,,153.85637200000002,,66.053676,
2025,03,BSNZ,RE,REP,RTD5,"",69000534,"",,"",0,,0,,0,,0,,-18.626091,,-10.651228,
2025,03,BSNZ,RE,REP,RTD5,"",69000540,"",,"",4,,479.835773,,0,,479.835773,,223.74031699999998,,168.54405200000002,
2025,03,BSNZ,RE,REP,RTD5,"",69000547,"",,"",0,,0,,0,,0,,-3.983556,,-2.277974,
2025,03,BSNZ,RE,REP,RTD5,"",69000550,"",,"",0,,0,,0,,0,,-44.018601000000004,,-25.171795,
2025,03,BSNZ,RE,REP,RTD5,"",69000686,"",,"",0,,0,,0,,0,,-7.031701,,-4.02104,
2025,03,BSNZ,RE,REP,RTD5,"",69000698,"",,"",0,,0,,0,,0,,-0.06414399999999998,,-0.036680999999999964,
2025,03,BSNZ,RE,REP,RTD5,"",69000706,"",,"",1,,99.701494,,0,,99.701494,,52.02596700000001,,28.305815000000003,
2025,03,BSNZ,RE,REP,RTD5,"",69000707,"",,"",0,,0,,0,,0,,-2.630841,,-1.504431,
2025,03,BSNZ,RE,REP,RTD5,"",69000708,"",,"",28,,2961.981958,,0,,2961.981958,,2219.243763,,1052.851799,
2025,03,BSNZ,RE,REP,RTD5,"",69000714,"",,"",0,,0,,0,,0,,-7.846153,,-4.486779,
2025,03,BSNZ,RE,REP,RTD5,"",69000716,"",,"",60,,7743.069487000001,,0,,7743.069487000001,,5050.704791,,2741.814569,
2025,03,BSNZ,RE,REP,RTD5,"",69000725,"",,"",5,,709.691938,,0,,709.691938,,392.907868,,229.28626300000002,
2025,03,BSNZ,RE,REP,RTD5,"",69000726,"",,"",15,,1928.9469539999998,,0,,1928.9469539999998,,1003.491096,,696.816739,
2025,03,BSNZ,RE,REP,RTD5,"",69000730,"",,"",2,,314.895018,,0,,314.895018,,169.460385,,114.272446,
2025,03,BSNZ,RE,REP,RTD5,"",69000734,"",,"",54,,7466.316322,,0,,7466.316322,,5255.959282,,2630.276172,
2025,03,BSNZ,RE,REP,RTD5,"",69000740,"",,"",2,,289.388946,,0,,289.388946,,172.793631,,105.016532,
2025,03,BSNZ,RE,REP,RTD5,"",69000775,"",,"",0,,0,,0,,0,,-5.123495,,-2.929842,
2025,03,BSNZ,RE,REP,RTD5,"",69000874,"",,"",2,,240.040727,,0,,240.040727,,123.94544700000002,,74.013108,
2025,03,BSNZ,RE,REP,RTD5,"",69000881,"",,"",4,,519.546628,,0,,519.546628,,262.92138700000004,,184.973652,
2025,03,BSNZ,RE,REP,RTD5,"",69000899,"",,"",1,,94.02292999999997,,0,,94.02292999999997,,27.348768999999976,,-6.64277100000001,
2025,03,BSNZ,RE,REP,RTD5,"",69000901,"",,"",0,,0,,0,,0,,-3.872494,,-2.214464,
2025,03,BSNZ,RE,REP,RTD5,"",69001232,"",,"",0,,0,,0,,0,,-7.081551,,-4.049545999999999,
2025,03,BSNZ,RE,REP,RTD5,"",69001408,"",,"",0,,0,,0,,0,,-4.657989,,-2.663645,
2025,03,BSNZ,RE,REP,RTD5,"",69001486,"",,"",2,,268.98632100000003,,0,,268.98632100000003,,148.438915,,97.612611,
2025,03,BSNZ,RE,REP,RTD5,"",69001492,"",,"",0,,0,,0,,0,,-1.803376,,-1.031251,
2025,03,BSNZ,RE,REP,RTD5,"",69001493,"",,"",0,,0,,0,,0,,-4.411124,,-2.522477,
2025,03,BSNZ,RE,REP,RTD5,"",69001494,"",,"",7,,1026.334636,,0,,1026.334636,,679.469335,,340.962197,
2025,03,BSNZ,RE,REP,RTD5,"",69001569,"",,"",4,,526.805361,,0,,526.805361,,349.537665,,180.928544,
2025,03,BSNZ,RE,REP,RTD5,"",69001629,"",,"",15,,2147.552083,,0,,2147.552083,,1511.444458,,758.170759,
2025,03,BSNZ,RE,REP,RTD5,"",69001636,"",,"",0,,0,,0,,0,,-2.168816,,-1.240226,
2025,03,BSNZ,RE,REP,RTD5,"",69001669,"",,"",10,,1479.31868,,0,,1479.31868,,1142.18749,,534.356647,
2025,03,BSNZ,RE,REP,RTD5,"",69001720,"",,"",2,,296.871025,,0,,296.871025,,226.833078,,107.731708,
2025,03,BSNZ,RE,REP,RTD5,"",69001766,"",,"",8,,1316.153522,,0,,1316.153522,,828.125977,,464.854466,
2025,03,BSNZ,RE,REP,RTD5,"",69002216,"",,"",0,,0,,0,,0,,-5.735983,,-3.28009,
2025,03,BSNZ,RE,REP,RTD5,"",69002230,"",,"",4,,584.24986,,0,,584.24986,,452.435759,,209.142292,
2025,03,BSNZ,RE,REP,RTD5,"",69002247,"",,"",0,,0,,0,,0,,-6.468147,,-3.698774,
2025,03,BSNZ,RE,REP,RTD5,"",69002288,"",,"",3,,642.866923,,0,,642.866923,,364.319404,,231.279328,
2025,03,BSNZ,RE,REP,RTD5,"",69002304,"",,"",2,,182.060198,,0,,182.060198,,171.67437800000002,,65.213644,
2025,03,BSNZ,RE,REP,RTD5,"",69002548,"",,"",7,,1613.795089,,0,,1613.795089,,850.577831,,479.18625,
2025,03,BSNZ,RE,REP,RTD5,"",69002549,"",,"",2,,463.297028,,0,,463.297028,,294.125606,,168.126143,
2025,03,BSNZ,RE,REP,RTD5,"",69002598,"",,"",3,,497.569417,,0,,497.569417,,357.164692,,172.78068099999996,
2025,03,BSNZ,RE,REP,RTD5,"",69002599,"",,"",4,,663.425889,,0,,663.425889,,474.142208,,234.524956,
2025,03,BSNZ,RE,REP,RTD5,"",69002739,"",,"",4,,530.445895,,0,,530.445895,,414.956559,,192.493836,
2025,03,BSNZ,ZZ,OE,"","",22027603,"",,"",0,0,0,,0,,0,,-0.008086,,-0.198613,
2025,03,BSNZ,ZZ,OE,"","",33000045,"",,"",0,0,0,,0,,0,,-0.033915,,-0.833025,
2025,03,BSNZ,ZZ,OE,"","",33000078,"",,"",0,0,0,,0,,0,,-0.007233,,-0.177666,
2025,03,BSNZ,ZZ,OE,"","",33000669,"",,"",0,0,0,,0,,0,,-0.09880399999999999,,-2.42691,
2025,03,BSNZ,ZZ,OE,"","",33001075,"",,"",0,0,0,,0,,0,,-0.003617,,-0.088833,
2025,03,BSNZ,ZZ,OE,"","",33001128,"",,"",0,0,0,,0,,0,,-0.033696,,-0.82766,
2025,03,BSNZ,ZZ,OE,"","",33001129,"",,"",0,0,0,,0,,0,,-0.02444,,-0.60031,
2025,03,BSNZ,ZZ,OE,"","",33001408,"",,"",0,0,0,,0,,0,,0.006781,,0.166554,
2025,03,BSNZ,ZZ,OE,"","",98000782,"",,"",0,0,0,,0,,0,,0.03666,,0.900464,
2025,03,BSNZ,ZZ,OE,"","",99031585,"",,"",0,0,0,,0,,0,,-0.0416,,-1.021803,
2025,03,BSNZ,ZZ,REP,"","","",3,,"",0,0,,2909480.7869999995,,,,2909480.7869999995,,326870.03307,,1467683.1519999998
2025,03,BSNZ,ZZ,REP,"","",22000005,"",,"",0,0,0,,0,,0,,0,,0,
2025,03,BSNZ,ZZ,REP,"","",22000008,"",,"",0,0,195.427436,,0,,195.427436,,142.25551199999998,,75.82923000000001,
2025,03,BSNZ,ZZ,REP,"","",22000011,"",,"",0,0,0,,0,,0,,-0.131809,,-3.237583,
2025,03,BSNZ,ZZ,REP,"","",22000527,"",,"",0,0,0,,0,,0,,-0.155999,,-3.831762,
2025,03,BSNZ,ZZ,REP,"","",22000538,"",,"",0,0,353.522646,,0,,353.522646,,278.723538,,113.761742,
2025,03,BSNZ,ZZ,REP,"","",22001008,"",,"",0,0,0,,0,,0,,-0.278864,,-6.849658,
2025,03,BSNZ,ZZ,REP,"","",22001010,"",,"",0,0,136.687532,,0,,136.687532,,77.683358,,52.83009,
2025,03,BSNZ,ZZ,REP,"","",22001019,"",,"",0,0,184.505834,,0,,184.505834,,86.61586700000001,,67.935484,
2025,03,BSNZ,ZZ,REP,"","",22001020,"",,"",0,0,207.80078400000002,,0,,207.80078400000002,,100.295321,,77.98547099999999,
2025,03,BSNZ,ZZ,REP,"","",22001026,"",,"",0,0,0,,0,,0,,-0.065112,,-1.599314,
2025,03,BSNZ,ZZ,REP,"","",22001033,"",,"",0,0,0,,0,,0,,-0.042356,,-1.040387,
2025,03,BSNZ,ZZ,REP,"","",22001048,"",,"",0,0,0,,0,,0,,-0.031426,,-0.771909,
2025,03,BSNZ,ZZ,REP,"","",22001053,"",,"",0,0,5.097864,,0,,5.097864,,0.045750999999999986,,1.494772,
2025,03,BSNZ,ZZ,REP,"","",22001061,"",,"",0,0,0,,0,,0,,0,,0,
2025,03,BSNZ,ZZ,REP,"","",22001066,"",,"",0,0,374.9694159999999,,0,,374.9694159999999,,129.47105000000002,,143.25758699999997,
2025,03,BSNZ,ZZ,REP,"","",22001067,"",,"",0,0,126.50855800000004,,0,,126.50855800000004,,7.808395000000006,,49.863462000000006,
2025,03,BSNZ,ZZ,REP,"","",22001072,"",,"",0,0,1174.546803,,0,,1174.546803,,544.7657880000002,,436.80224499999997,
2025,03,BSNZ,ZZ,REP,"","",22001073,"",,"",0,0,29.034933,,0,,29.034933,,20.710573,,11.597194,
2025,03,BSNZ,ZZ,REP,"","",22001080,"",,"",0,0,4823.439441999999,,0,,4823.439441999999,,2473.355505,,1828.3523050000003,
2025,03,BSNZ,ZZ,REP,"","",22001081,"",,"",0,0,3101.656738,,0,,3101.656738,,1644.427309,,1176.865205,
2025,03,BSNZ,ZZ,REP,"","",22001085,"",,"",0,0,0,,0,,0,,-0.031652,,-0.777465,
2025,03,BSNZ,ZZ,REP,"","",22001096,"",,"",0,0,92.252917,,0,,92.252917,,46.910042000000004,,35.698325,
2025,03,BSNZ,ZZ,REP,"","",22001101,"",,"",0,0,48.694933,,0,,48.694933,,49.307660999999996,,18.594073,
2025,03,BSNZ,ZZ,REP,"","",22001106,"",,"",0,0,108.545981,,0,,108.545981,,77.939377,,43.355665,
2025,03,BSNZ,ZZ,REP,"","",22001117,"",,"",0,0,508.641777,,0,,508.641777,,240.10937,,188.46994,
2025,03,BSNZ,ZZ,REP,"","",22001118,"",,"",0,0,323.415652,,0,,323.415652,,342.11953500000004,,126.777934,
2025,03,BSNZ,ZZ,REP,"","",22001119,"",,"",0,0,243.725929,,0,,243.725929,,101.285145,,96.82087,
2025,03,BSNZ,ZZ,REP,"","",22001131,"",,"",0,0,145.040659,,0,,145.040659,,307.03819,,55.113099,
2025,03,BSNZ,ZZ,REP,"","",22001166,"",,"",0,0,106.82622,,0,,106.82622,,52.656274999999994,,39.381100999999994,
2025,03,BSNZ,ZZ,REP,"","",22001208,"",,"",0,0,0,,0,,0,,-0.125338,,-3.07863,
2025,03,BSNZ,ZZ,REP,"","",22001262,"",,"",0,0,155.677496,,0,,155.677496,,210.96806600000002,,59.63948900000001,
2025,03,BSNZ,ZZ,REP,"","",22001317,"",,"",0,0,29.129855,,0,,29.129855,,18.760519,,11.022026,
2025,03,BSNZ,ZZ,REP,"","",22001318,"",,"",0,0,341.8137499999999,,0,,341.8137499999999,,244.09002400000003,,128.31478,
2025,03,BSNZ,ZZ,REP,"","",22001320,"",,"",0,0,152.941511,,0,,152.941511,,105.879692,,58.375907,
2025,03,BSNZ,ZZ,REP,"","",22001321,"",,"",0,0,58.86832700000001,,0,,58.86832700000001,,12.130735999999999,,22.874684000000002,
2025,03,BSNZ,ZZ,REP,"","",22001322,"",,"",0,0,10.681505,,0,,10.681505,,8.394669,,4.266429,
2025,03,BSNZ,ZZ,REP,"","",22001324,"",,"",0,0,0,,0,,0,,-0.03588,,-0.881305,
2025,03,BSNZ,ZZ,REP,"","",22001382,"",,"",0,0,0,,0,,0,,-0.071234,,-1.749711,
2025,03,BSNZ,ZZ,REP,"","",22001384,"",,"",0,0,72.782761,,0,,72.782761,,17.274808,,26.805258,
2025,03,BSNZ,ZZ,REP,"","",22001469,"",,"",0,0,1021.8063059999913,,0,,1021.8063059999913,,1472.7500820000005,,381.38517600000296,
2025,03,BSNZ,ZZ,REP,"","",22001550,"",,"",0,0,0,,0,,0,,-0.524002,,-12.87089,
2025,03,BSNZ,ZZ,REP,"","",22002380,"",,"",0,0,19.548327,,0,,19.548327,,11.109747,,7.552647,
2025,03,BSNZ,ZZ,REP,"","",22002470,"",,"",0,0,21.848787,,0,,21.848787,,12.730907,,8.726889,
2025,03,BSNZ,ZZ,REP,"","",22002477,"",,"",0,0,21.848787,,0,,21.848787,,12.730907,,8.726889,
2025,03,BSNZ,ZZ,REP,"","",22002572,"",,"",0,0,0,,0,,0,,-0.014695,,-0.360952,
2025,03,BSNZ,ZZ,REP,"","",22002624,"",,"",0,0,0,,0,,0,,-0.054264,,-1.332879,
2025,03,BSNZ,ZZ,REP,"","",22003301,"",,"",0,0,665.179152,,0,,665.179152,,371.782528,,265.68726,
2025,03,BSNZ,ZZ,REP,"","",22003311,"",,"",0,0,267.043214,,0,,267.043214,,178.30751899999998,,92.660426,
2025,03,BSNZ,ZZ,REP,"","",22003743,"",,"",0,0,9.715535,,0,,9.715535,,0.12694,,3.825039,
2025,03,BSNZ,ZZ,REP,"","",22004115,"",,"",0,0,0,,0,,0,,-0.018088,,-0.444293,
2025,03,BSNZ,ZZ,REP,"","",22004141,"",,"",0,0,0,,0,,0,,-0.014695,,-0.360952,
2025,03,BSNZ,ZZ,REP,"","",22005300,"",,"",0,0,302.169901,,0,,302.169901,,113.237464,,120.082492,
2025,03,BSNZ,ZZ,REP,"","",22005320,"",,"",0,0,43.697574,,0,,43.697574,,30.721605,,17.453777,
2025,03,BSNZ,ZZ,REP,"","",22005368,"",,"",0,0,0,,0,,0,,-0.0117,,-0.287382,
2025,03,BSNZ,ZZ,REP,"","",22005617,"",,"",0,0,0,,0,,0,,-0.013,,-0.319314,
2025,03,BSNZ,ZZ,REP,"","",22006147,"",,"",0,0,0,,0,,0,,-0.07156,,-1.7576939999999999,
2025,03,BSNZ,ZZ,REP,"","",22006309,"",,"",0,0,0,,0,,0,,-0.0247,,-0.606696,
2025,03,BSNZ,ZZ,REP,"","",22006323,"",,"",0,0,0,,0,,0,,-0.025222,,-0.619532,
2025,03,BSNZ,ZZ,REP,"","",22006562,"",,"",0,0,0,,0,,0,,-0.076027,,-1.867409,
2025,03,BSNZ,ZZ,REP,"","",22006695,"",,"",0,0,0,,0,,0,,-0.021026,,-0.516458,
2025,03,BSNZ,ZZ,REP,"","",22006704,"",,"",0,0,0,,0,,0,,-0.025111,,-0.616786,
2025,03,BSNZ,ZZ,REP,"","",22006717,"",,"",0,0,0,,0,,0,,-0.021931,,-0.538682,
2025,03,BSNZ,ZZ,REP,"","",22006726,"",,"",0,0,0,,0,,0,,-0.051531999999999994,,-1.265759,
2025,03,BSNZ,ZZ,REP,"","",22006728,"",,"",0,0,0,,0,,0,,-0.026322,,-0.646546,
2025,03,BSNZ,ZZ,REP,"","",22006730,"",,"",0,0,0,,0,,0,,-0.025672,,-0.63058,
2025,03,BSNZ,ZZ,REP,"","",22006752,"",,"",0,0,72.587333,,0,,72.587333,,26.693287,,24.843379,
2025,03,BSNZ,ZZ,REP,"","",22006764,"",,"",0,0,94.921897,,0,,94.921897,,53.613181,,37.194938,
2025,03,BSNZ,ZZ,REP,"","",22006768,"",,"",0,0,0,,0,,0,,-0.024869,,-0.610847,
2025,03,BSNZ,ZZ,REP,"","",22006821,"",,"",0,0,446.668945,,0,,446.668945,,162.226819,,176.09500400000002,
2025,03,BSNZ,ZZ,REP,"","",22006844,"",,"",0,0,72.028969,,0,,72.028969,,25.719981,,26.542624,
2025,03,BSNZ,ZZ,REP,"","",22006858,"",,"",0,0,0,,0,,0,,-0.171449,,-4.211234,
2025,03,BSNZ,ZZ,REP,"","",22006883,"",,"",0,0,0,,0,,0,,-0.081398,,-1.99935,
2025,03,BSNZ,ZZ,REP,"","",22006996,"",,"",0,0,0,,0,,0,,-0.024871,,-0.610911,
2025,03,BSNZ,ZZ,REP,"","",22007017,"",,"",0,0,58.265294,,0,,58.265294,,23.114987,,23.272447,
2025,03,BSNZ,ZZ,REP,"","",22007019,"",,"",0,0,0,,0,,0,,-0.025371,,-0.623172,
2025,03,BSNZ,ZZ,REP,"","",22007350,"",,"",0,0,5241.095791,,0,,5241.095791,,2616.364497,,2043.0954889999998,
2025,03,BSNZ,ZZ,REP,"","",22007351,"",,"",0,0,1671.931958,,0,,1671.931958,,941.413994,,622.020412,
2025,03,BSNZ,ZZ,REP,"","",22007352,"",,"",0,0,1144.227632,,0,,1144.227632,,539.518897,,430.798333,
2025,03,BSNZ,ZZ,REP,"","",22007354,"",,"",0,0,437.95288100000005,,0,,437.95288100000005,,154.442297,,159.117127,
2025,03,BSNZ,ZZ,REP,"","",22007355,"",,"",0,0,5064.51873,,0,,5064.51873,,2605.295061,,1923.6146629999998,
2025,03,BSNZ,ZZ,REP,"","",22007356,"",,"",0,0,575.528213,,0,,575.528213,,287.319618,,226.130206,
2025,03,BSNZ,ZZ,REP,"","",22007357,"",,"",0,0,1059.40654,,0,,1059.40654,,471.530596,,402.498022,
2025,03,BSNZ,ZZ,REP,"","",22007358,"",,"",0,0,0,,0,,0,,-0.295507,,-7.258444,
2025,03,BSNZ,ZZ,REP,"","",22007359,"",,"",0,0,0,,0,,0,,-0.198349,,-4.871957999999999,
2025,03,BSNZ,ZZ,REP,"","",22007360,"",,"",0,0,460.27069400000005,,0,,460.27069400000005,,219.39532199999996,,160.84239300000002,
2025,03,BSNZ,ZZ,REP,"","",22007361,"",,"",0,0,588.940118,,0,,588.940118,,250.68081000000004,,219.177234,
2025,03,BSNZ,ZZ,REP,"","",22007362,"",,"",0,0,0,,0,,0,,-0.10625599999999999,,-2.609941,
2025,03,BSNZ,ZZ,REP,"","",22007367,"",,"",0,0,2148.998247,,0,,2148.998247,,905.800784,,808.819555,
2025,03,BSNZ,ZZ,REP,"","",22007369,"",,"",0,0,135.710395,,0,,135.710395,,80.97197,,52.618105,
2025,03,BSNZ,ZZ,REP,"","",22007383,"",,"",0,0,618.550166,,0,,618.550166,,293.484859,,238.609425,
2025,03,BSNZ,ZZ,REP,"","",22007384,"",,"",0,0,1100.954415,,0,,1100.954415,,488.247979,,400.85767899999996,
2025,03,BSNZ,ZZ,REP,"","",22007390,"",,"",0,0,0,,0,,0,,-0.053809,,-1.321703,
2025,03,BSNZ,ZZ,REP,"","",22007394,"",,"",0,0,116.530588,,0,,116.530588,,48.772383999999995,,42.064541000000006,
2025,03,BSNZ,ZZ,REP,"","",22007400,"",,"",0,0,3992.8672609999994,,0,,3992.8672609999994,,2302.6445050000007,,1484.4989460000002,
2025,03,BSNZ,ZZ,REP,"","",22007403,"",,"",0,0,0,,0,,0,,-0.087495,,-2.149108,
2025,03,BSNZ,ZZ,REP,"","",22007404,"",,"",0,0,0,,0,,0,,-0.058331,,-1.43276,
2025,03,BSNZ,ZZ,REP,"","",22007406,"",,"",0,0,0,,0,,0,,-0.076419,,-1.877053,
2025,03,BSNZ,ZZ,REP,"","",22007411,"",,"",0,0,914.54456,,0,,914.54456,,460.88873300000006,,342.3210930000001,
2025,03,BSNZ,ZZ,REP,"","",22007421,"",,"",0,0,3821.0362940000005,,0,,3821.0362940000005,,1649.791651,,1441.3508450000004,
2025,03,BSNZ,ZZ,REP,"","",22007422,"",,"",0,0,0,,0,,0,,-0.042954,,-1.055076,
2025,03,BSNZ,ZZ,REP,"","",22007423,"",,"",0,0,101.957285,,0,,101.957285,,57.439528,,37.196474,
2025,03,BSNZ,ZZ,REP,"","",22007424,"",,"",0,0,2313.207545,,0,,2313.207545,,1266.313073,,859.9683200000001,
2025,03,BSNZ,ZZ,REP,"","",22007425,"",,"",0,0,2057.454452,,0,,2057.454452,,967.529708,,780.5312900000002,
2025,03,BSNZ,ZZ,REP,"","",22007434,"",,"",0,0,0,,0,,0,,-0.048833,,-1.199469,
2025,03,BSNZ,ZZ,REP,"","",22007455,"",,"",0,0,0,,0,,0,,-0.120278,,-2.9543530000000002,
2025,03,BSNZ,ZZ,REP,"","",22007461,"",,"",0,0,379.70433799999995,,0,,379.70433799999995,,169.972943,,146.57436700000002,
2025,03,BSNZ,ZZ,REP,"","",22007469,"",,"",0,0,0,,0,,0,,-0.097217,,-2.3878909999999998,
2025,03,BSNZ,ZZ,REP,"","",22007477,"",,"",0,0,117.624981,,0,,117.624981,,49.081626,,42.333898,
2025,03,BSNZ,ZZ,REP,"","",22007484,"",,"",0,0,0,,0,,0,,-0.050983,,-1.252284,
2025,03,BSNZ,ZZ,REP,"","",22007490,"",,"",0,0,330.89215,,0,,330.89215,,152.474885,,124.94468300000001,
2025,03,BSNZ,ZZ,REP,"","",22007496,"",,"",0,0,134.007384,,0,,134.007384,,55.038412,,50.222916,
2025,03,BSNZ,ZZ,REP,"","",22007504,"",,"",0,0,940.547577,,0,,940.547577,,456.25180900000004,,372.95341099999996,
2025,03,BSNZ,ZZ,REP,"","",22007513,"",,"",0,0,0,,0,,0,,-0.113045,,-2.776687,
2025,03,BSNZ,ZZ,REP,"","",22007530,"",,"",0,0,680.707258,,0,,680.707258,,380.135203,,242.39370799999998,
2025,03,BSNZ,ZZ,REP,"","",22007536,"",,"",0,0,540.407111,,0,,540.407111,,271.782154,,210.863764,
2025,03,BSNZ,ZZ,REP,"","",22007539,"",,"",0,0,174.790298,,0,,174.790298,,62.604881,,68.70440900000001,
2025,03,BSNZ,ZZ,REP,"","",22007543,"",,"",0,0,359.296131,,0,,359.296131,,205.19027499999999,,123.31455499999998,
2025,03,BSNZ,ZZ,REP,"","",22007556,"",,"",0,0,0,,0,,0,,-0.049738,,-1.221694,
2025,03,BSNZ,ZZ,REP,"","",22007557,"",,"",0,0,140.808259,,0,,140.808259,,54.421991,,53.132009,
2025,03,BSNZ,ZZ,REP,"","",22007569,"",,"",0,0,0,,0,,0,,-0.104002,,-2.554572,
2025,03,BSNZ,ZZ,REP,"","",22007570,"",,"",0,0,0,,0,,0,,-0.039338,,-0.966243,
2025,03,BSNZ,ZZ,REP,"","",22007579,"",,"",0,0,369.011666,,0,,369.011666,,168.18842999999998,,142.55994800000002,
2025,03,BSNZ,ZZ,REP,"","",22007590,"",,"",0,0,428.242929,,0,,428.242929,,264.87030400000003,,151.972818,
2025,03,BSNZ,ZZ,REP,"","",22007595,"",,"",0,0,354.93530799999996,,0,,354.93530799999996,,166.63176400000003,,128.260768,
2025,03,BSNZ,ZZ,REP,"","",22007599,"",,"",0,0,1083.092346,,0,,1083.092346,,568.231804,,399.924179,
2025,03,BSNZ,ZZ,REP,"","",22007648,"",,"",0,0,500.19931099999997,,0,,500.19931099999997,,295.230869,,188.124799,
2025,03,BSNZ,ZZ,REP,"","",22007746,"",,"",0,0,96.139131,,0,,96.139131,,54.669278,,38.400094,
2025,03,BSNZ,ZZ,REP,"","",22007758,"",,"",0,0,0,,0,,0,,-0.38163199999999997,,-9.373897000000001,
2025,03,BSNZ,ZZ,REP,"","",22007803,"",,"",0,0,324.582635,,0,,324.582635,,170.561049,,126.83545800000002,
2025,03,BSNZ,ZZ,REP,"","",22007805,"",,"",0,0,1723.8709880000001,,0,,1723.8709880000001,,961.324269,,668.840896,
2025,03,BSNZ,ZZ,REP,"","",22007853,"",,"",0,0,0,,0,,0,,-0.061043,,-1.499369,
2025,03,BSNZ,ZZ,REP,"","",22007855,"",,"",0,0,1211.812023,,0,,1211.812023,,449.99268700000005,,461.684442,
2025,03,BSNZ,ZZ,REP,"","",22007865,"",,"",0,0,0,,0,,0,,-0.174085,,-4.275991,
2025,03,BSNZ,ZZ,REP,"","",22007872,"",,"",0,0,0,,0,,0,,-0.045219,,-1.1107,
2025,03,BSNZ,ZZ,REP,"","",22007879,"",,"",0,0,0,,0,,0,,-0.049738,,-1.221694,
2025,03,BSNZ,ZZ,REP,"","",22007957,"",,"",0,0,0,,0,,0,,-0.052,,-1.277254,
2025,03,BSNZ,ZZ,REP,"","",22008018,"",,"",0,0,0,,0,,0,,-0.064123,,-1.575046,
2025,03,BSNZ,ZZ,REP,"","",22008027,"",,"",0,0,90.795586,,0,,90.795586,,41.55537100000001,,34.633242,
2025,03,BSNZ,ZZ,REP,"","",22008028,"",,"",0,0,82.54296500000001,,0,,82.54296500000001,,39.770645,,32.025466,
2025,03,BSNZ,ZZ,REP,"","",22008038,"",,"",0,0,104.38616900000001,,0,,104.38616900000001,,43.546566,,38.037811000000005,
2025,03,BSNZ,ZZ,REP,"","",22008070,"",,"",0,0,37.14238,,0,,37.14238,,21.114747,,13.885849,
2025,03,BSNZ,ZZ,REP,"","",22008114,"",,"",0,0,68.701119,,0,,68.701119,,18.753353,,27.440746,
2025,03,BSNZ,ZZ,REP,"","",22008121,"",,"",0,0,0,,0,,0,,-0.077547,,-1.90477,
2025,03,BSNZ,ZZ,REP,"","",22008129,"",,"",0,0,0,,0,,0,,-0.015826,,-0.388732,
2025,03,BSNZ,ZZ,REP,"","",22008217,"",,"",0,0,209.983987,,0,,209.983987,,96.754181,,82.917244,
2025,03,BSNZ,ZZ,REP,"","",22008218,"",,"",0,0,0,,0,,0,,-0.017636,,-0.433181,
2025,03,BSNZ,ZZ,REP,"","",22008341,"",,"",0,0,0,,0,,0,,-0.039564,,-0.971799,
2025,03,BSNZ,ZZ,REP,"","",22008342,"",,"",0,0,0,,0,,0,,-0.051095,,-1.25503,
2025,03,BSNZ,ZZ,REP,"","",22008450,"",,"",0,0,40.782914,,0,,40.782914,,21.760185999999997,,16.289597,
2025,03,BSNZ,ZZ,REP,"","",22008452,"",,"",0,0,0,,0,,0,,-0.030069,,-0.738572,
2025,03,BSNZ,ZZ,REP,"","",22008469,"",,"",0,0,72.833013,,0,,72.833013,,39.417243,,28.535766,
2025,03,BSNZ,ZZ,REP,"","",22008488,"",,"",0,0,0,,0,,0,,-0.042957,,-1.05514,
2025,03,BSNZ,ZZ,REP,"","",22008508,"",,"",0,0,82.057188,,0,,82.057188,,52.610457999999994,,32.338634,
2025,03,BSNZ,ZZ,REP,"","",22008536,"",,"",0,0,36.416507,,0,,36.416507,,16.118479,,14.545558,
2025,03,BSNZ,ZZ,REP,"","",22008649,"",,"",0,0,0,,0,,0,,-0.014695,,-0.360952,
2025,03,BSNZ,ZZ,REP,"","",22009829,"",,"",0,0,63.117478,,0,,63.117478,,56.117412,,25.210516,
2025,03,BSNZ,ZZ,REP,"","",22009831,"",,"",0,0,106.815052,,0,,106.815052,,24.377124000000002,,38.743442,
2025,03,BSNZ,ZZ,REP,"","",22009862,"",,"",0,0,0,,0,,0,,-0.22954000000000002,,-5.638120000000001,
2025,03,BSNZ,ZZ,REP,"","",22009951,"",,"",0,0,0,,0,,0,,-0.033665,,-0.826894,
2025,03,BSNZ,ZZ,REP,"","",22009955,"",,"",0,0,348.12326499999995,,0,,348.12326499999995,,178.92488200000003,,125.794318,
2025,03,BSNZ,ZZ,REP,"","",22009956,"",,"",0,0,175.50500399999999,,0,,175.50500399999999,,85.050302,,56.941539999999996,
2025,03,BSNZ,ZZ,REP,"","",22009957,"",,"",0,0,75.747674,,0,,75.747674,,41.861803,,22.961215,
2025,03,BSNZ,ZZ,REP,"","",22009974,"",,"",0,0,0,,0,,0,,-0.028163,,-0.691761,
2025,03,BSNZ,ZZ,REP,"","",22009995,"",,"",0,0,98.272082,,0,,98.272082,,57.185547,,38.918806000000004,
2025,03,BSNZ,ZZ,REP,"","",22010000,"",,"",0,0,106.815052,,0,,106.815052,,34.777147,,42.664293,
2025,03,BSNZ,ZZ,REP,"","",22010001,"",,"",0,0,288.160545,,0,,288.160545,,161.868148,,109.53014200000001,
2025,03,BSNZ,ZZ,REP,"","",22010005,"",,"",0,0,150.512626,,0,,150.512626,,83.250239,,51.915926,
2025,03,BSNZ,ZZ,REP,"","",22010216,"",,"",0,0,57.734848,,0,,57.734848,,52.912998,,22.227614,
2025,03,BSNZ,ZZ,REP,"","",22010235,"",,"",0,0,66.032138,,0,,66.032138,,25.948673999999997,,26.374696,
2025,03,BSNZ,ZZ,REP,"","",22010243,"",,"",0,0,0,,0,,0,,-0.100609,,-2.471231,
2025,03,BSNZ,ZZ,REP,"","",22010418,"",,"",0,0,0,,0,,0,,-0.047476,,-1.166133,
2025,03,BSNZ,ZZ,REP,"","",22010462,"",,"",0,0,38.84539,,0,,38.84539,,28.148832,,3.9659440000000004,
2025,03,BSNZ,ZZ,REP,"","",22010555,"",,"",0,0,0,,0,,0,,-0.137456,,-3.3762940000000006,
2025,03,BSNZ,ZZ,REP,"","",22010852,"",,"",0,0,68.12042,,0,,68.12042,,41.443131,,27.208802,
2025,03,BSNZ,ZZ,REP,"","",22010961,"",,"",0,0,34.467816,,0,,34.467816,,16.59181,,13.000856,
2025,03,BSNZ,ZZ,REP,"","",22011013,"",,"",0,0,9.709952,,0,,9.709952,,1.865639,,3.878369,
2025,03,BSNZ,ZZ,REP,"","",22011017,"",,"",0,0,5.416132,,0,,5.416132,,1.2974279999999998,,0.9924639999999999,
2025,03,BSNZ,ZZ,REP,"","",22011078,"",,"",0,0,0,,0,,0,,-0.004285,,-0.105246,
2025,03,BSNZ,ZZ,REP,"","",22011080,"",,"",0,0,41.263107,,0,,41.263107,,14.384590999999999,,15.6485,
2025,03,BSNZ,ZZ,REP,"","",22011084,"",,"",0,0,0,,0,,0,,-0.009043,,-0.222114,
2025,03,BSNZ,ZZ,REP,"","",22011137,"",,"",0,0,0,,0,,0,,-0.086351,,-2.121009,
2025,03,BSNZ,ZZ,REP,"","",22011141,"",,"",0,0,0,,0,,0,,-0.066133,,-1.624412,
2025,03,BSNZ,ZZ,REP,"","",22011143,"",,"",0,0,32.530292,,0,,32.530292,,18.613636999999997,,12.59903,
2025,03,BSNZ,ZZ,REP,"","",22011145,"",,"",0,0,72.587333,,0,,72.587333,,26.063422999999997,,28.298797999999998,
2025,03,BSNZ,ZZ,REP,"","",22011158,"",,"",0,0,0,,0,,0,,-0.032783,,-0.805245,
2025,03,BSNZ,ZZ,REP,"","",22011264,"",,"",0,0,0,,0,,0,,-0.044415,,-1.090967,
2025,03,BSNZ,ZZ,REP,"","",22011265,"",,"",0,0,0,,0,,0,,-0.027128,,-0.666343,
2025,03,BSNZ,ZZ,REP,"","",22011306,"",,"",0,0,64.47988600000001,,0,,64.47988600000001,,70.582418,,23.60967,
2025,03,BSNZ,ZZ,REP,"","",22011309,"",,"",0,0,92.252916,,0,,92.252916,,36.909800000000004,,34.46545799999999,
2025,03,BSNZ,ZZ,REP,"","",22011323,"",,"",0,0,99.528401,,0,,99.528401,,39.394780000000004,,34.04126,
2025,03,BSNZ,ZZ,REP,"","",22011324,"",,"",0,0,0,,0,,0,,-0.03705,,-0.910044,
2025,03,BSNZ,ZZ,REP,"","",22011325,"",,"",0,0,79.62272,,0,,79.62272,,47.905099,,28.361832,
2025,03,BSNZ,ZZ,REP,"","",22011334,"",,"",0,0,0,,0,,0,,-0.02939,,-0.721904,
2025,03,BSNZ,ZZ,REP,"","",22011404,"",,"",0,0,87.395149,,0,,87.395149,,28.629994,,34.404252,
2025,03,BSNZ,ZZ,REP,"","",22011428,"",,"",0,0,21.848787,,0,,21.848787,,8.638098,,8.726889,
2025,03,BSNZ,ZZ,REP,"","",22011439,"",,"",0,0,61.174371,,0,,61.174371,,23.399352999999998,,24.434396,
2025,03,BSNZ,ZZ,REP,"","",22011443,"",,"",0,0,33.987623,,0,,33.987623,,10.753801000000001,,13.575408,
2025,03,BSNZ,ZZ,REP,"","",22011445,"",,"",0,0,0,,0,,0,,-0.018034,,-0.442952,
2025,03,BSNZ,ZZ,REP,"","",22011483,"",,"",0,0,0,,0,,0,,-0.029843,,-0.733016,
2025,03,BSNZ,ZZ,REP,"","",22011500,"",,"",0,0,0,,0,,0,,-0.046831,,-1.150295,
2025,03,BSNZ,ZZ,REP,"","",22011513,"",,"",0,0,71.375683,,0,,71.375683,,36.844474999999996,,26.266997999999997,
2025,03,BSNZ,ZZ,REP,"","",22011517,"",,"",0,0,0,,0,,0,,-0.02939,,-0.721904,
2025,03,BSNZ,ZZ,REP,"","",22011523,"",,"",0,0,43.211798,,0,,43.211798,,16.901217,,17.259747,
2025,03,BSNZ,ZZ,REP,"","",22011528,"",,"",0,0,31.558739,,0,,31.558739,,13.474236,,12.605258,
2025,03,BSNZ,ZZ,REP,"","",22011545,"",,"",0,0,0,,0,,0,,-0.01547,,-0.379983,
2025,03,BSNZ,ZZ,REP,"","",22011565,"",,"",0,0,193.15489300000002,,0,,193.15489300000002,,89.24791700000002,,73.82953700000002,
2025,03,BSNZ,ZZ,REP,"","",22011613,"",,"",0,0,284.335751,,0,,284.335751,,133.24342,,111.921495,
2025,03,BSNZ,ZZ,REP,"","",22011678,"",,"",0,0,0,,0,,0,,-0.010174,,-0.249895,
2025,03,BSNZ,ZZ,REP,"","",22011681,"",,"",0,0,0,,0,,0,,-0.009043,,-0.222114,
2025,03,BSNZ,ZZ,REP,"","",22011689,"",,"",0,0,48.555342,,0,,48.555342,,27.348793,,17.66295,
2025,03,BSNZ,ZZ,REP,"","",22011697,"",,"",0,0,147.609133,,0,,147.609133,,88.06225299999998,,56.20388799999999,
2025,03,BSNZ,ZZ,REP,"","",22011707,"",,"",0,0,0,,0,,0,,-0.016279,,-0.399844,
2025,03,BSNZ,ZZ,REP,"","",22011710,"",,"",0,0,92.744277,,0,,92.744277,,43.434515000000005,,37.044115,
2025,03,BSNZ,ZZ,REP,"","",22011806,"",,"",0,0,843.381055,,0,,843.381055,,521.714039,,325.002285,
2025,03,BSNZ,ZZ,REP,"","",22011823,"",,"",0,0,611.492444,,0,,611.492444,,375.952029,,240.76002,
2025,03,BSNZ,ZZ,REP,"","",22011825,"",,"",0,0,123.398466,,0,,123.398466,,70.941222,,48.094099,
2025,03,BSNZ,ZZ,REP,"","",22011872,"",,"",0,0,239.856466,,0,,239.856466,,190.052901,,88.423683,
2025,03,BSNZ,ZZ,REP,"","",22011892,"",,"",0,0,0,,0,,0,,-0.074157,,-1.821492,
2025,03,BSNZ,ZZ,REP,"","",22011897,"",,"",0,0,0,,0,,0,,-0.328909,,-8.078887,
2025,03,BSNZ,ZZ,REP,"","",22011922,"",,"",0,0,582.641771,,0,,582.641771,,483.184106,,232.720005,
2025,03,BSNZ,ZZ,REP,"","",22012042,"",,"",0,0,342.790888,,0,,342.790888,,103.749997,,125.897727,
2025,03,BSNZ,ZZ,REP,"","",22012045,"",,"",0,0,271.923317,,0,,271.923317,,96.215255,,95.44561099999999,
2025,03,BSNZ,ZZ,REP,"","",22012052,"",,"",0,0,195.673115,,0,,195.673115,,89.226758,,78.156168,
2025,03,BSNZ,ZZ,REP,"","",22012060,"",,"",0,0,155.22522,,0,,155.22522,,95.018523,,57.55783900000001,
2025,03,BSNZ,ZZ,REP,"","",22012068,"",,"",0,0,331.618022,,0,,331.618022,,190.83292699999998,,119.747211,
2025,03,BSNZ,ZZ,REP,"","",22012081,"",,"",0,0,360.971224,,0,,360.971224,,217.64476499999998,,135.85282800000002,
2025,03,BSNZ,ZZ,REP,"","",22012098,"",,"",0,0,152.762834,,0,,152.762834,,79.755794,,61.016853,
2025,03,BSNZ,ZZ,REP,"","",22012165,"",,"",0,0,0,,0,,0,,-0.092695,,-2.276833,
2025,03,BSNZ,ZZ,REP,"","",22012188,"",,"",0,0,401.938397,,0,,401.938397,,288.250387,,158.73270200000002,
2025,03,BSNZ,ZZ,REP,"","",22012190,"",,"",0,0,252.481079,,0,,252.481079,,138.481723,,100.846525,
2025,03,BSNZ,ZZ,REP,"","",22012244,"",,"",0,0,117.803658,,0,,117.803658,,79.68311299999999,,40.778108,
2025,03,BSNZ,ZZ,REP,"","",22012246,"",,"",0,0,155.370394,,0,,155.370394,,95.20132,,62.058371,
2025,03,BSNZ,ZZ,REP,"","",22012250,"",,"",0,0,0,,0,,0,,-0.300694,,-7.38585,
2025,03,BSNZ,ZZ,REP,"","",22012332,"",,"",0,0,242.771127,,0,,242.771127,,170.593472,,93.42518,
2025,03,BSNZ,ZZ,REP,"","",22012362,"",,"",0,0,0,,0,,0,,-0.100607,,-2.471167,
2025,03,BSNZ,ZZ,REP,"","",22012492,"",,"",0,0,335.024044,,0,,335.024044,,200.74618000000004,,125.53729600000003,
2025,03,BSNZ,ZZ,REP,"","",22012557,"",,"",0,0,0,,0,,0,,-0.024869,,-0.610847,
2025,03,BSNZ,ZZ,REP,"","",22012672,"",,"",0,0,372.40652,,0,,372.40652,,227.78577800000002,,137.80976,
2025,03,BSNZ,ZZ,REP,"","",22012696,"",,"",0,0,233.038841,,0,,233.038841,,174.622955,,88.829908,
2025,03,BSNZ,ZZ,REP,"","",22012705,"",,"",0,0,19.431071,,0,,19.431071,,13.525444,,7.220218,
2025,03,BSNZ,ZZ,REP,"","",22012725,"",,"",0,0,330.484544,,0,,330.484544,,124.45423,,122.398585,
2025,03,BSNZ,ZZ,REP,"","",22012729,"",,"",0,0,0,,0,,0,,-0.006781,,-0.166554,
2025,03,BSNZ,ZZ,REP,"","",22012734,"",,"",0,0,0,,0,,0,,-0.077773,,-1.910325,
2025,03,BSNZ,ZZ,REP,"","",22012746,"",,"",0,0,77.679614,,0,,77.679614,,26.569925,,30.138497,
2025,03,BSNZ,ZZ,REP,"","",22012747,"",,"",0,0,0,,0,,0,,-0.045209,,-1.110445,
2025,03,BSNZ,ZZ,REP,"","",22012749,"",,"",0,0,0,,0,,0,,-0.0468,,-1.149529,
2025,03,BSNZ,ZZ,REP,"","",22012753,"",,"",0,0,77.679614,,0,,77.679614,,79.695354,,31.026955,
2025,03,BSNZ,ZZ,REP,"","",22012766,"",,"",0,0,0,,0,,0,,-0.024866,,-0.610783,
2025,03,BSNZ,ZZ,REP,"","",22012767,"",,"",0,0,934.143138,,0,,934.143138,,530.694757,,342.90844599999997,
2025,03,BSNZ,ZZ,REP,"","",22012801,"",,"",0,0,106.82622,,0,,106.82622,,15.826419,,42.668754,
2025,03,BSNZ,ZZ,REP,"","",22012816,"",,"",0,0,43.686407,,0,,43.686407,,13.870028,,17.449317,
2025,03,BSNZ,ZZ,REP,"","",22012818,"",,"",0,0,0,,0,,0,,-0.045222,,-1.110764,
2025,03,BSNZ,ZZ,REP,"","",22012820,"",,"",0,0,0,,0,,0,,-0.064844,,-1.592736,
2025,03,BSNZ,ZZ,REP,"","",22012822,"",,"",0,0,0,,0,,0,,-0.023608,,-0.579873,
2025,03,BSNZ,ZZ,REP,"","",22012825,"",,"",0,0,42.726021,,0,,42.726021,,17.051098999999997,,17.065717,
2025,03,BSNZ,ZZ,REP,"","",22012841,"",,"",0,0,211.68699700000002,,0,,211.68699700000002,,105.347482,,82.220201,
2025,03,BSNZ,ZZ,REP,"","",22012855,"",,"",0,0,77.679614,,0,,77.679614,,27.593065,,30.582726,
2025,03,BSNZ,ZZ,REP,"","",22012858,"",,"",0,0,184.505834,,0,,184.505834,,50.116448,,70.42485300000001,
2025,03,BSNZ,ZZ,REP,"","",22012863,"",,"",0,0,26.801477,,0,,26.801477,,13.645485,,10.705102,
2025,03,BSNZ,ZZ,REP,"","",22012864,"",,"",0,0,77.685197,,0,,77.685197,,48.940734,,31.029185,
2025,03,BSNZ,ZZ,REP,"","",22012865,"",,"",0,0,367.07414300000005,,0,,367.07414300000005,,123.497065,,144.615688,
2025,03,BSNZ,ZZ,REP,"","",22012880,"",,"",0,0,0,,0,,0,,-0.264251,,-6.490687,
2025,03,BSNZ,ZZ,REP,"","",22012941,"",,"",0,0,0,,0,,0,,-0.14016,,-3.442711,
2025,03,BSNZ,ZZ,REP,"","",22013003,"",,"",0,0,0,,0,,0,,-0.048836,,-1.199533,
2025,03,BSNZ,ZZ,REP,"","",22013049,"",,"",0,0,0,,0,,0,,-0.156233,,-3.83751,
2025,03,BSNZ,ZZ,REP,"","",22013067,"",,"",0,0,58.270877,,0,,58.270877,,19.566499999999998,,21.282161000000002,
2025,03,BSNZ,ZZ,REP,"","",22013083,"",,"",0,0,0,,0,,0,,-0.011531,,-0.283231,
2025,03,BSNZ,ZZ,REP,"","",22013097,"",,"",0,0,99.785248,,0,,99.785248,,38.067349,,39.856434,
2025,03,BSNZ,ZZ,REP,"","",22013102,"",,"",0,0,494.760845,,0,,494.760845,,238.400831,,186.089605,
2025,03,BSNZ,ZZ,REP,"","",22013108,"",,"",0,0,58.265294,,0,,58.265294,,40.865381,,23.272447,
2025,03,BSNZ,ZZ,REP,"","",22013114,"",,"",0,0,0,,0,,0,,-0.151026,,-3.709594,
2025,03,BSNZ,ZZ,REP,"","",22013122,"",,"",0,0,97.08835,,0,,97.08835,,45.960254,,38.779233,
2025,03,BSNZ,ZZ,REP,"","",22013244,"",,"",0,0,297.14462299999997,,0,,297.14462299999997,,163.360429,,114.471193,
2025,03,BSNZ,ZZ,REP,"","",22013250,"",,"",0,0,548.218625,,0,,548.218625,,305.895399,,210.54057000000003,
2025,03,BSNZ,ZZ,REP,"","",22013261,"",,"",0,0,1770.650732,,0,,1770.650732,,922.958576,,672.096021,
2025,03,BSNZ,ZZ,REP,"","",22013288,"",,"",0,0,988.5557210000001,,0,,988.5557210000001,,558.268268,,386.129728,
2025,03,BSNZ,ZZ,REP,"","",22013292,"",,"",0,0,0,,0,,0,,-0.054259,,-1.332751,
2025,03,BSNZ,ZZ,REP,"","",22013382,"",,"",0,0,235.724572,,0,,235.724572,,136.062142,,90.25510600000001,
2025,03,BSNZ,ZZ,REP,"","",22014735,"",,"",0,0,168.64829300000002,,0,,168.64829300000002,,70.15053900000001,,60.767264999999995,
2025,03,BSNZ,ZZ,REP,"","",22014743,"",,"",0,0,1033.202513,,0,,1033.202513,,478.39693599999987,,395.341495,
2025,03,BSNZ,ZZ,REP,"","",22014744,"",,"",0,0,163.271246,,0,,163.271246,,64.737757,,63.886952,
2025,03,BSNZ,ZZ,REP,"","",22014755,"",,"",0,0,434.876297,,0,,434.876297,,206.249263,,168.54152699999997,
2025,03,BSNZ,ZZ,REP,"","",22014756,"",,"",0,0,140.132637,,0,,140.132637,,53.724852,,51.731398000000006,
2025,03,BSNZ,ZZ,REP,"","",22014773,"",,"",0,0,527.698742,,0,,527.698742,,226.43966000000003,,200.119498,
2025,03,BSNZ,ZZ,REP,"","",22014804,"",,"",0,0,399.83895,,0,,399.83895,,174.81387999999998,,155.30667400000002,
2025,03,BSNZ,ZZ,REP,"","",22014807,"",,"",0,0,0,,0,,0,,-0.052665,,-1.293603,
2025,03,BSNZ,ZZ,REP,"","",22014812,"",,"",0,0,14.567719,,0,,14.567719,,13.342757,,4.299057,
2025,03,BSNZ,ZZ,REP,"","",22014818,"",,"",0,0,102.443061,,0,,102.443061,,35.320027,,40.457125999999995,
2025,03,BSNZ,ZZ,REP,"","",22014825,"",,"",0,0,0,,0,,0,,-0.172731,,-4.242719,
2025,03,BSNZ,ZZ,REP,"","",22014829,"",,"",0,0,123.58272699999999,,0,,123.58272699999999,,69.36338500000001,,48.02764499999999,
2025,03,BSNZ,ZZ,REP,"","",22014831,"",,"",0,0,0,,0,,0,,-0.013564,,-0.333172,
2025,03,BSNZ,ZZ,REP,"","",22014832,"",,"",0,0,126.72631600000001,,0,,126.72631600000001,,35.923388,,48.12984000000001,
2025,03,BSNZ,ZZ,REP,"","",22014834,"",,"",0,0,330.160692,,0,,330.160692,,190.13864999999998,,125.628919,
2025,03,BSNZ,ZZ,REP,"","",22014848,"",,"",0,0,0,,0,,0,,-0.02522,,-0.6194679999999999,
2025,03,BSNZ,ZZ,REP,"","",22014852,"",,"",0,0,189.35243300000002,,0,,189.35243300000002,,109.547589,,68.006789,
2025,03,BSNZ,ZZ,REP,"","",22014853,"",,"",0,0,100.01417799999999,,0,,100.01417799999999,,42.63563300000001,,38.248614,
2025,03,BSNZ,ZZ,REP,"","",22014861,"",,"",0,0,466.116765,,0,,466.116765,,246.21741199999997,,178.09500500000001,
2025,03,BSNZ,ZZ,REP,"","",22014878,"",,"",0,0,109.26068699999999,,0,,109.26068699999999,,52.444404999999996,,41.897363,
2025,03,BSNZ,ZZ,REP,"","",22014879,"",,"",0,0,570.0283250000001,,0,,570.0283250000001,,301.998425,,218.035199,
2025,03,BSNZ,ZZ,REP,"","",22014890,"",,"",0,0,29.129855,,0,,29.129855,,13.291349999999998,,10.405049,
2025,03,BSNZ,ZZ,REP,"","",22014892,"",,"",0,0,43.211798,,0,,43.211798,,16.70039,,15.618475,
2025,03,BSNZ,ZZ,REP,"","",22014910,"",,"",0,0,0,,0,,0,,-0.023964,,-0.588623,
2025,03,BSNZ,ZZ,REP,"","",22014911,"",,"",0,0,11.167282,,0,,11.167282,,12.345374000000001,,3.0057300000000002,
2025,03,BSNZ,ZZ,REP,"","",22014912,"",,"",0,0,43.697574,,0,,43.697574,,22.294800000000002,,16.604083,
2025,03,BSNZ,ZZ,REP,"","",22014913,"",,"",0,0,36.416507,,0,,36.416507,,12.448714,,14.239017,
2025,03,BSNZ,ZZ,REP,"","",22014915,"",,"",0,0,33.987623,,0,,33.987623,,23.057468,,8.846629,
2025,03,BSNZ,ZZ,REP,"","",22014921,"",,"",0,0,305.888604,,0,,305.888604,,180.35679399999998,,117.57040199999999,
2025,03,BSNZ,ZZ,REP,"","",22014924,"",,"",0,0,29.107521,,0,,29.107521,,9.527505000000001,,11.626187,
2025,03,BSNZ,ZZ,REP,"","",22014925,"",,"",0,0,48.555342,,0,,48.555342,,10.417084,,19.394077,
2025,03,BSNZ,ZZ,REP,"","",22014927,"",,"",0,0,22.814757,,0,,22.814757,,8.275670999999999,,8.80969,
2025,03,BSNZ,ZZ,REP,"","",22014930,"",,"",0,0,22.334564,,0,,22.334564,,12.341854,,8.532187,
2025,03,BSNZ,ZZ,REP,"","",22014935,"",,"",0,0,171.395445,,0,,171.395445,,87.700652,,66.471018,
2025,03,BSNZ,ZZ,REP,"","",22014941,"",,"",0,0,0,,0,,0,,-0.02717,,-0.667365,
2025,03,BSNZ,ZZ,REP,"","",22014949,"",,"",0,0,0,,0,,0,,-0.013,,-0.319314,
2025,03,BSNZ,ZZ,REP,"","",22014958,"",,"",0,0,460.37678400000004,,0,,460.37678400000004,,297.34313000000003,,177.723958,
2025,03,BSNZ,ZZ,REP,"","",22014990,"",,"",0,0,38.84539,,0,,38.84539,,9.143309,,15.515708,
2025,03,BSNZ,ZZ,REP,"","",22015010,"",,"",0,0,0,,0,,0,,-0.018088,,-0.444293,
2025,03,BSNZ,ZZ,REP,"","",22015048,"",,"",0,0,78.170974,,0,,78.170974,,46.686598000000004,,29.1851,
2025,03,BSNZ,ZZ,REP,"","",22015052,"",,"",0,0,41.268691,,0,,41.268691,,22.800303999999997,,14.717503999999998,
2025,03,BSNZ,ZZ,REP,"","",22015056,"",,"",0,0,0,,0,,0,,-0.012662,,-0.311011,
2025,03,BSNZ,ZZ,REP,"","",22015058,"",,"",0,0,59.856632,,0,,59.856632,,40.299927,,21.842615,
2025,03,BSNZ,ZZ,REP,"","",22015064,"",,"",0,0,0,,0,,0,,-0.02261,,-0.55535,
2025,03,BSNZ,ZZ,REP,"","",22015073,"",,"",0,0,0,,0,,0,,-0.018088,,-0.444293,
2025,03,BSNZ,ZZ,REP,"","",22015075,"",,"",0,0,36.902283,,0,,36.902283,,19.195941,,14.739588,
2025,03,BSNZ,ZZ,REP,"","",22015077,"",,"",0,0,53.407526,,0,,53.407526,,21.262658000000002,,19.388422,
2025,03,BSNZ,ZZ,REP,"","",22015080,"",,"",0,0,0,,0,,0,,-0.012119,,-0.297664,
2025,03,BSNZ,ZZ,REP,"","",22015183,"",,"",0,0,317.82084599999996,,0,,317.82084599999996,,172.861298,,124.41807299999999,
2025,03,BSNZ,ZZ,REP,"","",22015200,"",,"",0,0,0,,0,,0,,-0.045630000000000004,,-1.120791,
2025,03,BSNZ,ZZ,REP,"","",22015210,"",,"",0,0,40.782914,,0,,40.782914,,30.081053,,15.634366,
2025,03,BSNZ,ZZ,REP,"","",22015393,"",,"",0,0,0,,0,,0,,-0.022607,,-0.555286,
2025,03,BSNZ,ZZ,REP,"","",22015419,"",,"",0,0,69.432576,,0,,69.432576,,36.046075,,26.949949,
2025,03,BSNZ,ZZ,REP,"","",22015494,"",,"",0,0,0,,0,,0,,-0.030747,,-0.755241,
2025,03,BSNZ,ZZ,REP,"","",22015503,"",,"",0,0,31.558739,,0,,31.558739,,17.148270999999998,,12.605258,
2025,03,BSNZ,ZZ,REP,"","",22015522,"",,"",0,0,0,,0,,0,,-0.018088,,-0.444293,
2025,03,BSNZ,ZZ,REP,"","",22015618,"",,"",0,0,53.407526,,0,,53.407526,,28.042161,,21.332147,
2025,03,BSNZ,ZZ,REP,"","",22015621,"",,"",0,0,0,,0,,0,,-0.036218,,-0.889607,
2025,03,BSNZ,ZZ,REP,"","",22015699,"",,"",0,0,0,,0,,0,,-0.018086,,-0.444229,
2025,03,BSNZ,ZZ,REP,"","",22015703,"",,"",0,0,0,,0,,0,,-0.015826,,-0.388732,
2025,03,BSNZ,ZZ,REP,"","",22015790,"",,"",0,0,0,,0,,0,,-0.014695,,-0.360952,
2025,03,BSNZ,ZZ,REP,"","",22015818,"",,"",0,0,26.706555,,0,,26.706555,,5.618133,,10.334016,
2025,03,BSNZ,ZZ,REP,"","",22015819,"",,"",0,0,138.35704,,0,,138.35704,,65.063301,,53.200671,
2025,03,BSNZ,ZZ,REP,"","",22015825,"",,"",0,0,25.10405,,0,,25.10405,,15.081843,,9.517872,
2025,03,BSNZ,ZZ,REP,"","",22015830,"",,"",0,0,54.373495000000005,,0,,54.373495000000005,,25.465891999999997,,21.073859,
2025,03,BSNZ,ZZ,REP,"","",22015833,"",,"",0,0,0,,0,,0,,-0.009043,,-0.222114,
2025,03,BSNZ,ZZ,REP,"","",22015838,"",,"",0,0,5.181619,,0,,5.181619,,41.123461999999996,,2.021564,
2025,03,BSNZ,ZZ,REP,"","",22015839,"",,"",0,0,19.419903,,0,,19.419903,,24.882112,,7.756739,
2025,03,BSNZ,ZZ,REP,"","",22015842,"",,"",0,0,0,,0,,0,,-0.02984,,-0.732952,
2025,03,BSNZ,ZZ,REP,"","",22015843,"",,"",0,0,17.476796,,0,,17.476796,,11.650960999999999,,6.980619,
2025,03,BSNZ,ZZ,REP,"","",22015853,"",,"",0,0,77.67403,,0,,77.67403,,50.111884,,27.290673999999996,
2025,03,BSNZ,ZZ,REP,"","",22015857,"",,"",0,0,51.45883500000001,,0,,51.45883500000001,,22.304561,,19.054495,
2025,03,BSNZ,ZZ,REP,"","",22015858,"",,"",0,0,199.18522499999997,,0,,199.18522499999997,,83.19438699999998,,77.401575,
2025,03,BSNZ,ZZ,REP,"","",22015859,"",,"",0,0,36.958118999999996,,0,,36.958118999999996,,25.062492999999996,,12.77806,
2025,03,BSNZ,ZZ,REP,"","",22015864,"",,"",0,0,118.328521,,0,,118.328521,,47.59879099999999,,45.736008999999996,
2025,03,BSNZ,ZZ,REP,"","",22015872,"",,"",0,0,18.319926,,0,,18.319926,,22.120022,,6.898316,
2025,03,BSNZ,ZZ,REP,"","",22015876,"",,"",0,0,0,,0,,0,,22.855076,,-0.106842,
2025,03,BSNZ,ZZ,REP,"","",22015881,"",,"",0,0,198.54310600000002,,0,,198.54310600000002,,80.715722,,76.269284,
2025,03,BSNZ,ZZ,REP,"","",22015882,"",,"",0,0,19.419903,,0,,19.419903,,20.793551,,7.31251,
2025,03,BSNZ,ZZ,REP,"","",22015887,"",,"",0,0,117.97675000000001,,0,,117.97675000000001,,55.015946,,44.801432,
2025,03,BSNZ,ZZ,REP,"","",22015891,"",,"",0,0,116.61434200000001,,0,,116.61434200000001,,60.968742000000006,,44.169253000000005,
2025,03,BSNZ,ZZ,REP,"","",22015894,"",,"",0,0,0,,0,,0,,4.712593,,0,
2025,03,BSNZ,ZZ,REP,"","",22015896,"",,"",0,0,0,,0,,0,,5.838532,,0.089088,
2025,03,BSNZ,ZZ,REP,"","",22015897,"",,"",0,0,33.010485,,0,,33.010485,,19.569177,,12.65212,
2025,03,BSNZ,ZZ,REP,"","",22015900,"",,"",0,0,24.277671,,0,,24.277671,,16.886059,,9.474924,
2025,03,BSNZ,ZZ,REP,"","",22015904,"",,"",0,0,24.763448,,0,,24.763448,,9.17973,,9.213741,
2025,03,BSNZ,ZZ,REP,"","",22015908,"",,"",0,0,29.129855,,0,,29.129855,,21.229279000000002,,10.629974,
2025,03,BSNZ,ZZ,REP,"","",22015910,"",,"",0,0,119.28890600000001,,0,,119.28890600000001,,74.864841,,45.147935,
2025,03,BSNZ,ZZ,REP,"","",22015911,"",,"",0,0,184.95252400000004,,0,,184.95252400000004,,91.711339,,72.709465,
2025,03,BSNZ,ZZ,REP,"","",22015912,"",,"",0,0,0,,0,,0,,-0.024861,,-0.610655,
2025,03,BSNZ,ZZ,REP,"","",22015920,"",,"",0,0,0,,0,,0,,4.718177,,0,
2025,03,BSNZ,ZZ,REP,"","",22015921,"",,"",0,0,0,,0,,0,,0,,0,
2025,03,BSNZ,ZZ,REP,"","",22015923,"",,"",0,0,14.076359,,0,,14.076359,,6.292237999999999,,5.400295,
2025,03,BSNZ,ZZ,REP,"","",22015926,"",,"",0,0,0,,0,,0,,-0.009269,,-0.227671,
2025,03,BSNZ,ZZ,REP,"","",22015927,"",,"",0,0,60.688594,,0,,60.688594,,19.730973,,23.440806,
2025,03,BSNZ,ZZ,REP,"","",22015933,"",,"",0,0,36.170826000000005,,0,,36.170826000000005,,27.460497,,13.333725999999999,
2025,03,BSNZ,ZZ,REP,"","",22015936,"",,"",0,0,701.701748,,0,,701.701748,,964.1308310000002,,266.34117999999995,
2025,03,BSNZ,ZZ,REP,"","",22015937,"",,"",0,0,0,,0,,0,,-0.012433,,-0.305391,
2025,03,BSNZ,ZZ,REP,"","",22015949,"",,"",0,0,0,,0,,0,,-0.049735,,-1.22163,
2025,03,BSNZ,ZZ,REP,"","",22015951,"",,"",0,0,0,,0,,0,,-0.027583,,-0.677519,
2025,03,BSNZ,ZZ,REP,"","",22015952,"",,"",0,0,56.316602,,0,,56.316602,,23.530179999999998,,22.494097,
2025,03,BSNZ,ZZ,REP,"","",22015959,"",,"",0,0,48.549758000000004,,0,,48.549758000000004,,27.884761,,19.169732999999997,
2025,03,BSNZ,ZZ,REP,"","",22015960,"",,"",0,0,286.049929,,0,,286.049929,,374.00153600000016,,106.62613899999998,
2025,03,BSNZ,ZZ,REP,"","",22015961,"",,"",0,0,738.403016,,0,,738.403016,,1236.196699,,275.668004,
2025,03,BSNZ,ZZ,REP,"","",22015962,"",,"",0,0,82.04043700000001,,0,,82.04043700000001,,293.7724369999999,,30.802814,
2025,03,BSNZ,ZZ,REP,"","",22015963,"",,"",0,0,470.550175,,0,,470.550175,,1192.683825,,174.307388,
2025,03,BSNZ,ZZ,REP,"","",22015964,"",,"",0,0,38.839807,,0,,38.839807,,27.720868,,14.985973,
2025,03,BSNZ,ZZ,REP,"","",22015965,"",,"",0,0,0,,0,,0,,14.165562999999999,,-0.277611,
2025,03,BSNZ,ZZ,REP,"","",22015967,"",,"",0,0,34.953593,,0,,34.953593,,23.062299,,13.561456999999999,
2025,03,BSNZ,ZZ,REP,"","",22015969,"",,"",0,0,247.75173500000002,,0,,247.75173500000002,,306.638652,,94.74200799999998,
2025,03,BSNZ,ZZ,REP,"","",22015971,"",,"",0,0,438.43865900000003,,0,,438.43865900000003,,139.467048,,174.240788,
2025,03,BSNZ,ZZ,REP,"","",22015973,"",,"",0,0,0,,0,,0,,4.411076,,0,
2025,03,BSNZ,ZZ,REP,"","",22015979,"",,"",0,0,0,,0,,0,,0,,0,
2025,03,BSNZ,ZZ,REP,"","",22015981,"",,"",0,0,19.419903,,0,,19.419903,,12.854745000000001,,7.340291,
2025,03,BSNZ,ZZ,REP,"","",22015982,"",,"",0,0,0,,0,,0,,-0.020342,,-0.499662,
2025,03,BSNZ,ZZ,REP,"","",22015984,"",,"",0,0,92.241748,,0,,92.241748,,47.679058,,35.522842000000004,
2025,03,BSNZ,ZZ,REP,"","",22015996,"",,"",0,0,19.419903,,0,,19.419903,,13.977123,,7.479064,
2025,03,BSNZ,ZZ,REP,"","",22016012,"",,"",0,0,0,,0,,0,,-0.016957,,-0.416513,
2025,03,BSNZ,ZZ,REP,"","",22016013,"",,"",0,0,0,,0,,0,,20.659471,,0,
2025,03,BSNZ,ZZ,REP,"","",22016020,"",,"",0,0,34.959176,,0,,34.959176,,15.22459,,13.741354000000001,
2025,03,BSNZ,ZZ,REP,"","",22016021,"",,"",0,0,23.791894,,0,,23.791894,,10.872753000000001,,8.897719,
2025,03,BSNZ,ZZ,REP,"","",22016022,"",,"",0,0,0,,0,,0,,-0.019183,,-0.471179,
2025,03,BSNZ,ZZ,REP,"","",22016027,"",,"",0,0,37.38806,,0,,37.38806,,12.753296,,14.933618,
2025,03,BSNZ,ZZ,REP,"","",22016028,"",,"",0,0,9.709952,,0,,9.709952,,6.570791999999999,,3.2841910000000003,
2025,03,BSNZ,ZZ,REP,"","",22016030,"",,"",0,0,44.641209,,0,,44.641209,,20.779805,,16.353541,
2025,03,BSNZ,ZZ,REP,"","",22016032,"",,"",0,0,16.019466,,0,,16.019466,,9.677305,,6.398529,
2025,03,BSNZ,ZZ,REP,"","",22016034,"",,"",0,0,23.786311,,0,,23.786311,,17.067244,,9.500778,
2025,03,BSNZ,ZZ,REP,"","",22016042,"",,"",0,0,5.583641,,0,,5.583641,,7.842635,,1.719392,
2025,03,BSNZ,ZZ,REP,"","",22016044,"",,"",0,0,23.791894,,0,,23.791894,,9.294891,,9.503009,
2025,03,BSNZ,ZZ,REP,"","",22016051,"",,"",0,0,43.876250999999996,,0,,43.876250999999996,,35.105988,,16.536807,
2025,03,BSNZ,ZZ,REP,"","",22016056,"",,"",0,0,19.419903,,0,,19.419903,,10.280891,,7.756739,
2025,03,BSNZ,ZZ,REP,"","",22016084,"",,"",0,0,0,,0,,0,,0,,0,
2025,03,BSNZ,ZZ,REP,"","",22016096,"",,"",0,0,552.0992549999999,,0,,552.0992549999999,,268.74691199999995,,204.77561999999998,
2025,03,BSNZ,ZZ,REP,"","",22016097,"",,"",0,0,87.858592,,0,,87.858592,,33.370591000000005,,31.422728999999997,
2025,03,BSNZ,ZZ,REP,"","",22016098,"",,"",0,0,339.78688999999997,,0,,339.78688999999997,,202.22018299999996,,128.350687,
2025,03,BSNZ,ZZ,REP,"","",22016099,"",,"",0,0,0,,0,,0,,-0.020857,,-0.5123070000000001,
2025,03,BSNZ,ZZ,REP,"","",22016100,"",,"",0,0,19.419903,,0,,19.419903,,13.447718,,6.407449,
2025,03,BSNZ,ZZ,REP,"","",22016101,"",,"",0,0,37.868253,,0,,37.868253,,13.150111000000003,,14.70354,
2025,03,BSNZ,ZZ,REP,"","",22016102,"",,"",0,0,0,,0,,0,,0,,0,
2025,03,BSNZ,ZZ,REP,"","",22016109,"",,"",0,0,154.51051100000004,,0,,154.51051100000004,,54.60388100000001,,58.459706,
2025,03,BSNZ,ZZ,REP,"","",22016111,"",,"",0,0,0,,0,,0,,-0.035831,,-0.880092,
2025,03,BSNZ,ZZ,REP,"","",22016119,"",,"",0,0,36.410923,,0,,36.410923,,17.117671,,14.126879,
2025,03,BSNZ,ZZ,REP,"","",22016123,"",,"",0,0,41.754467,,0,,41.754467,,21.373995,,14.417620999999999,
2025,03,BSNZ,ZZ,REP,"","",22016124,"",,"",0,0,215.06509800000003,,0,,215.06509800000003,,73.54916899999999,,82.61602199999999,
2025,03,BSNZ,ZZ,REP,"","",22016126,"",,"",0,0,0,,0,,0,,0,,0,
2025,03,BSNZ,ZZ,REP,"","",22016127,"",,"",0,0,0,,0,,0,,6.672451,,0,
2025,03,BSNZ,ZZ,REP,"","",22016134,"",,"",0,0,30.587185,,0,,30.587185,,10.697276,,11.939523,
2025,03,BSNZ,ZZ,REP,"","",22016208,"",,"",0,0,31.558739,,0,,31.558739,,22.765414,,12.605258,
2025,03,BSNZ,ZZ,REP,"","",22016212,"",,"",0,0,22.334564,,0,,22.334564,,13.095871,,8.537742999999999,
2025,03,BSNZ,ZZ,REP,"","",22016213,"",,"",0,0,0,,0,,0,,-0.012659,,-0.310948,
2025,03,BSNZ,ZZ,REP,"","",22016215,"",,"",0,0,63.11747700000001,,0,,63.11747700000001,,34.200810000000004,,24.916301999999998,
2025,03,BSNZ,ZZ,REP,"","",22016216,"",,"",0,0,0,,0,,0,,-0.02306,,-0.566398,
2025,03,BSNZ,ZZ,REP,"","",22016217,"",,"",0,0,22.334564,,0,,22.334564,,8.823477,,6.458247,
2025,03,BSNZ,ZZ,REP,"","",22016218,"",,"",0,0,539.184295,,0,,539.184295,,240.50236500000003,,204.59749699999998,
2025,03,BSNZ,ZZ,REP,"","",22016221,"",,"",0,0,36.885532,,0,,36.885532,,17.596718000000003,,14.133227000000002,
2025,03,BSNZ,ZZ,REP,"","",22016222,"",,"",0,0,33.501846,,0,,33.501846,,12.143251,,13.381378,
2025,03,BSNZ,ZZ,REP,"","",22016225,"",,"",0,0,33.987623,,0,,33.987623,,21.231445,,13.231124,
2025,03,BSNZ,ZZ,REP,"","",22016229,"",,"",0,0,0,,0,,0,,-0.008975,,-0.220454,
2025,03,BSNZ,ZZ,REP,"","",22016230,"",,"",0,0,1201.0746809999998,,0,,1201.0746809999998,,461.07940299999996,,444.52361399999995,
2025,03,BSNZ,ZZ,REP,"","",22016235,"",,"",0,0,19.419903,,0,,19.419903,,4.716009,,6.846057,
2025,03,BSNZ,ZZ,REP,"","",22016236,"",,"",0,0,15.047912,,0,,15.047912,,10.774106999999999,,5.838359,
2025,03,BSNZ,ZZ,REP,"","",22016238,"",,"",0,0,0,,0,,0,,-0.045773,,-1.124304,
2025,03,BSNZ,ZZ,REP,"","",22016239,"",,"",0,0,66.032138,,0,,66.032138,,31.926376,,23.57336,
2025,03,BSNZ,ZZ,REP,"","",22016241,"",,"",0,0,115.55345,,0,,115.55345,,59.71379900000001,,43.577232,
2025,03,BSNZ,ZZ,REP,"","",22016242,"",,"",0,0,288.367141,,0,,288.367141,,140.66198500000002,,109.96908200000001,
2025,03,BSNZ,ZZ,REP,"","",22016243,"",,"",0,0,55.98716800000001,,0,,55.98716800000001,,61.195551,,19.132594,
2025,03,BSNZ,ZZ,REP,"","",22016246,"",,"",0,0,23.786311,,0,,23.786311,,8.375639,,9.278664000000001,
2025,03,BSNZ,ZZ,REP,"","",22016247,"",,"",0,0,113.107816,,0,,113.107816,,55.739577,,43.706238,
2025,03,BSNZ,ZZ,REP,"","",22016255,"",,"",0,0,94.804641,,0,,94.804641,,35.035525,,34.010338,
2025,03,BSNZ,ZZ,REP,"","",22016256,"",,"",0,0,31.558739,,0,,31.558739,,20.900478,,12.605258,
2025,03,BSNZ,ZZ,REP,"","",22016259,"",,"",0,0,0,,0,,0,,-0.009043,,-0.222114,
2025,03,BSNZ,ZZ,REP,"","",22016265,"",,"",0,0,58.739903,,0,,58.739903,,29.325718,,20.469154999999994,
2025,03,BSNZ,ZZ,REP,"","",22016271,"",,"",0,0,246.71317500000004,,0,,246.71317500000004,,141.79305800000003,,96.72957199999996,
2025,03,BSNZ,ZZ,REP,"","",22016272,"",,"",0,0,41.26869000000001,,0,,41.26869000000001,,50.30809,,15.334163,
2025,03,BSNZ,ZZ,REP,"","",22016273,"",,"",0,0,0,,0,,0,,-0.043407,,-1.066187,
2025,03,BSNZ,ZZ,REP,"","",22016274,"",,"",0,0,0,,0,,0,,-0.009043,,-0.222114,
2025,03,BSNZ,ZZ,REP,"","",22016317,"",,"",0,0,0,,0,,0,,-0.04296,,-1.055204,
2025,03,BSNZ,ZZ,REP,"","",22016328,"",,"",0,0,39.07432,,0,,39.07432,,16.220827,,15.607147,
2025,03,BSNZ,ZZ,REP,"","",22016330,"",,"",0,0,43.697574,,0,,43.697574,,10.296645999999999,,17.453777,
2025,03,BSNZ,ZZ,REP,"","",22016351,"",,"",0,0,213.635689,,0,,213.635689,,29.6424,,82.85958600000001,
2025,03,BSNZ,ZZ,REP,"","",22016358,"",,"",0,0,21.122914,,0,,21.122914,,9.996437,,8.436959,
2025,03,BSNZ,ZZ,REP,"","",22016376,"",,"",0,0,46.232547,,0,,46.232547,,37.143926,,18.077569999999998,
2025,03,BSNZ,ZZ,REP,"","",22016378,"",,"",0,0,16.99102,,0,,16.99102,,9.94149,,6.786589,
2025,03,BSNZ,ZZ,REP,"","",22016420,"",,"",0,0,0,,0,,0,,-0.044764,,-1.099524,
2025,03,BSNZ,ZZ,REP,"","",22016450,"",,"",0,0,60.649509,,0,,60.649509,,36.318502,,24.224755,
2025,03,BSNZ,ZZ,REP,"","",22016530,"",,"",0,0,0,,0,,0,,-0.033236,,-0.816357,
2025,03,BSNZ,ZZ,REP,"","",22016681,"",,"",0,0,13.763675,,0,,13.763675,,12.701559,,5.497516,
2025,03,BSNZ,ZZ,REP,"","",22016715,"",,"",0,0,38.817472,,0,,38.817472,,28.188738,,15.504557,
2025,03,BSNZ,ZZ,REP,"","",22016801,"",,"",0,0,0,,0,,0,,-0.01085,,-0.266499,
2025,03,BSNZ,ZZ,REP,"","",22016872,"",,"",0,0,413.524452,,0,,413.524452,,209.105041,,149.220585,
2025,03,BSNZ,ZZ,REP,"","",22016873,"",,"",0,0,216.299086,,0,,216.299086,,112.371277,,84.73976199999998,
2025,03,BSNZ,ZZ,REP,"","",22016878,"",,"",0,0,148.089326,,0,,148.089326,,75.34585899999999,,53.847311,
2025,03,BSNZ,ZZ,REP,"","",22016904,"",,"",0,0,327.514046,,0,,327.514046,,200.49840500000005,,126.85941899999997,
2025,03,BSNZ,ZZ,REP,"","",22016912,"",,"",0,0,69.426992,,0,,69.426992,,28.598569,,25.192899,
2025,03,BSNZ,ZZ,REP,"","",22016927,"",,"",0,0,157.21299499999998,,0,,157.21299499999998,,90.313405,,60.217613,
2025,03,BSNZ,ZZ,REP,"","",22016938,"",,"",0,0,52.921749,,0,,52.921749,,13.710370999999999,,19.000058000000003,
2025,03,BSNZ,ZZ,REP,"","",22016945,"",,"",0,0,286.345862,,0,,286.345862,,180.350977,,110.107924,
2025,03,BSNZ,ZZ,REP,"","",22016952,"",,"",0,0,466.513207,,0,,466.513207,,215.80992300000003,,181.02901499999996,
2025,03,BSNZ,ZZ,REP,"","",22016956,"",,"",0,0,362.82499300000006,,0,,362.82499300000006,,182.513642,,136.564591,
2025,03,BSNZ,ZZ,REP,"","",22016963,"",,"",0,0,1092.7464629999997,,0,,1092.7464629999997,,414.76042500000005,,413.944508,
2025,03,BSNZ,ZZ,REP,"","",22017026,"",,"",0,0,172.46750300000002,,0,,172.46750300000002,,77.979602,,68.47082,
2025,03,BSNZ,ZZ,REP,"","",22017084,"",,"",0,0,39.057569,,0,,39.057569,,39.576975000000004,,15.600456,
2025,03,BSNZ,ZZ,REP,"","",22017107,"",,"",0,0,111.67282,,0,,111.67282,,90.574371,,43.838241000000004,
2025,03,BSNZ,ZZ,REP,"","",22017135,"",,"",0,0,81.035382,,0,,81.035382,,46.149026,,31.138668,
2025,03,BSNZ,ZZ,REP,"","",22017137,"",,"",0,0,107.16682100000001,,0,,107.16682100000001,,77.925805,,40.727536,
2025,03,BSNZ,ZZ,REP,"","",22017138,"",,"",0,0,24.132496,,0,,24.132496,,24.507173,,9.039254,
2025,03,BSNZ,ZZ,REP,"","",22017151,"",,"",0,0,0,,0,,0,,-0.04974,,-1.221757,
2025,03,BSNZ,ZZ,REP,"","",22017153,"",,"",0,0,0,,0,,0,,-0.036171,,-0.888458,
2025,03,BSNZ,ZZ,REP,"","",22017167,"",,"",0,0,43.697574,,0,,43.697574,,26.285003,,16.68966,
2025,03,BSNZ,ZZ,REP,"","",22017185,"",,"",0,0,111.67282,,0,,111.67282,,95.51359199999999,,44.604594,
2025,03,BSNZ,ZZ,REP,"","",22017333,"",,"",0,0,0,,0,,0,,-0.064436,,-1.582709,
2025,03,BSNZ,ZZ,REP,"","",22017369,"",,"",0,0,35.45612,,0,,35.45612,,32.494818,,12.818095000000001,
2025,03,BSNZ,ZZ,REP,"","",22017370,"",,"",0,0,0,,0,,0,,-0.021931,,-0.538682,
2025,03,BSNZ,ZZ,REP,"","",22017384,"",,"",0,0,0,,0,,0,,-0.036174,,-0.888522,
2025,03,BSNZ,ZZ,REP,"","",22017411,"",,"",0,0,57.779517,,0,,57.779517,,34.48848,,22.267616,
2025,03,BSNZ,ZZ,REP,"","",22017418,"",,"",0,0,70.404129,,0,,70.404129,,40.693470999999995,,24.733496,
2025,03,BSNZ,ZZ,REP,"","",22017703,"",,"",0,0,21.848787,,0,,21.848787,,20.642926000000003,,8.726889,
2025,03,BSNZ,ZZ,REP,"","",22017866,"",,"",0,0,0,,0,,0,,4.96944,,0,
2025,03,BSNZ,ZZ,REP,"","",22017914,"",,"",0,0,241.771654,,0,,241.771654,,128.078268,,89.341665,
2025,03,BSNZ,ZZ,REP,"","",22018075,"",,"",0,0,0,,0,,0,,-0.065567,,-1.61049,
2025,03,BSNZ,ZZ,REP,"","",22018078,"",,"",0,0,0,,0,,0,,-0.056071,,-1.377263,
2025,03,BSNZ,ZZ,REP,"","",22018327,"",,"",0,0,46.612235,,0,,46.612235,,46.740746,,18.617957,
2025,03,BSNZ,ZZ,REP,"","",22018336,"",,"",0,0,92.498597,,0,,92.498597,,14.605959,,36.335138,
2025,03,BSNZ,ZZ,REP,"","",22018562,"",,"",0,0,33.63027,,0,,33.63027,,24.385903,,13.060609,
2025,03,BSNZ,ZZ,REP,"","",22018743,"",,"",0,0,380.99974299999997,,0,,380.99974299999997,,178.33691,,146.523528,
2025,03,BSNZ,ZZ,REP,"","",22018744,"",,"",0,0,195.477687,,0,,195.477687,,86.07498700000001,,78.07811,
2025,03,BSNZ,ZZ,REP,"","",22018762,"",,"",0,0,107.35108199999999,,0,,107.35108199999999,,49.151081,,39.452034,
2025,03,BSNZ,ZZ,REP,"","",22018819,"",,"",0,0,217.773166,,0,,217.773166,,169.866351,,86.08933900000001,
2025,03,BSNZ,ZZ,REP,"","",22019059,"",,"",0,0,0,,0,,0,,11.289027,,0.247404,
2025,03,BSNZ,ZZ,REP,"","",22019064,"",,"",0,0,491.53908199999995,,0,,491.53908199999995,,221.559397,,189.80378999999996,
2025,03,BSNZ,ZZ,REP,"","",22019090,"",,"",0,0,0,,0,,0,,-0.015824,,-0.388668,
2025,03,BSNZ,ZZ,REP,"","",22019328,"",,"",0,0,0,,0,,0,,-0.07028300000000001,,-1.726337,
2025,03,BSNZ,ZZ,REP,"","",22019446,"",,"",0,0,123.45988500000001,,0,,123.45988500000001,,67.003112,,47.372462,
2025,03,BSNZ,ZZ,REP,"","",22020001,"",,"",0,0,0,,0,,0,,-0.00871,,-0.21394,
2025,03,BSNZ,ZZ,REP,"","",22020010,"",,"",0,0,133.203338,,0,,133.203338,,62.378668000000005,,50.383866,
2025,03,BSNZ,ZZ,REP,"","",22020164,"",,"",0,0,402.39067,,0,,402.39067,,230.635217,,154.29921099999999,
2025,03,BSNZ,ZZ,REP,"","",22020222,"",,"",0,0,0,,0,,0,,0,,0,
2025,03,BSNZ,ZZ,REP,"","",22020259,"",,"",0,0,0,,0,,0,,-0.02035,,-0.499853,
2025,03,BSNZ,ZZ,REP,"","",22020274,"",,"",0,0,24.277671,,0,,24.277671,,22.591410000000003,,9.447144,
2025,03,BSNZ,ZZ,REP,"","",22020301,"",,"",0,0,0,,0,,0,,-0.04499,,-1.105081,
2025,03,BSNZ,ZZ,REP,"","",22020344,"",,"",0,0,0,,0,,0,,-0.02939,,-0.721904,
2025,03,BSNZ,ZZ,REP,"","",22020347,"",,"",0,0,371.356795,,0,,371.356795,,188.29094500000002,,144.68525699999998,
2025,03,BSNZ,ZZ,REP,"","",22020548,"",,"",0,0,19.419903,,0,,19.419903,,18.580305000000003,,7.534624999999999,
2025,03,BSNZ,ZZ,REP,"","",22021023,"",,"",0,0,0,,0,,0,,-0.019737,,-0.484782,
2025,03,BSNZ,ZZ,REP,"","",22021098,"",,"",0,0,19.431071,,0,,19.431071,,5.816170999999999,,5.891360999999999,
2025,03,BSNZ,ZZ,REP,"","",22021100,"",,"",0,0,4.857768,,0,,4.857768,,3.280096,,1.786391,
2025,03,BSNZ,ZZ,REP,"","",22021297,"",,"",0,0,0,,0,,0,,0,,0,
2025,03,BSNZ,ZZ,REP,"","",22021442,"",,"",0,0,113.180403,,0,,113.180403,,94.710308,,43.224394000000004,
2025,03,BSNZ,ZZ,REP,"","",22021701,"",,"",0,0,0,,0,,0,,-0.082747,,-2.032495,
2025,03,BSNZ,ZZ,REP,"","",22021709,"",,"",0,0,217.739664,,0,,217.739664,,95.983484,,85.809395,
2025,03,BSNZ,ZZ,REP,"","",22022079,"",,"",0,0,0,,0,,0,,-0.058781,,-1.443808,
2025,03,BSNZ,ZZ,REP,"","",22022846,"",,"",0,0,0,,0,,0,,-0.018764,,-0.460897,
2025,03,BSNZ,ZZ,REP,"","",22022873,"",,"",0,0,765.1989140000001,,0,,765.1989140000001,,279.978746,,291.13005499999997,
2025,03,BSNZ,ZZ,REP,"","",22022892,"",,"",0,0,215.668134,,0,,215.668134,,356.755404,,64.927876,
2025,03,BSNZ,ZZ,REP,"","",22022893,"",,"",0,0,2219.681557,,0,,2219.681557,,1736.9893310000002,,870.5222229999999,
2025,03,BSNZ,ZZ,REP,"","",22022894,"",,"",0,0,0,,0,,0,,-0.206895,,-5.081875,
2025,03,BSNZ,ZZ,REP,"","",22022902,"",,"",0,0,614.423856,,0,,614.423856,,520.190775,,245.414472,
2025,03,BSNZ,ZZ,REP,"","",22022928,"",,"",0,0,0,,0,,0,,-0.75213,,-18.474332,
2025,03,BSNZ,ZZ,REP,"","",22022970,"",,"",0,0,12.842374,,0,,12.842374,,13.013157999999999,,5.129528,
2025,03,BSNZ,ZZ,REP,"","",22023019,"",,"",0,0,275.787196,,0,,275.787196,,142.030171,,110.15550300000001,
2025,03,BSNZ,ZZ,REP,"","",22023033,"",,"",0,0,163.137239,,0,,163.137239,,83.942883,,57.641616,
2025,03,BSNZ,ZZ,REP,"","",22023208,"",,"",0,0,0,,0,,0,,-0.155428,,-3.817713,
2025,03,BSNZ,ZZ,REP,"","",22023210,"",,"",0,0,61.057114,,0,,61.057114,,45.838145999999995,,19.442799,
2025,03,BSNZ,ZZ,REP,"","",22023223,"",,"",0,0,812.419766,,0,,812.419766,,722.405088,,315.98551599999996,
2025,03,BSNZ,ZZ,REP,"","",22023228,"",,"",0,0,0,,0,,0,,-0.133652,,-3.282862,
2025,03,BSNZ,ZZ,REP,"","",22023279,"",,"",0,0,29.034933,,0,,29.034933,,51.755617,,11.597194,
2025,03,BSNZ,ZZ,REP,"","",22023283,"",,"",0,0,0,,0,,0,,-0.114368,,-2.809193,
2025,03,BSNZ,ZZ,REP,"","",22023290,"",,"",0,0,99.383226,,0,,99.383226,,111.747738,,36.502723,
2025,03,BSNZ,ZZ,REP,"","",22023297,"",,"",0,0,160.228162,,0,,160.228162,,130.554532,,63.99867,
2025,03,BSNZ,ZZ,REP,"","",22023299,"",,"",0,0,670.03692,,0,,670.03692,,407.987543,,250.14833600000003,
2025,03,BSNZ,ZZ,REP,"","",22023301,"",,"",0,0,0,,0,,0,,-0.991552,,-24.355193,
2025,03,BSNZ,ZZ,REP,"","",22023307,"",,"",0,0,0,,0,,0,,-0.48515800000000003,,-11.916781,
2025,03,BSNZ,ZZ,REP,"","",22023336,"",,"",0,0,638.76853,,0,,638.76853,,455.81141599999995,,204.121868,
2025,03,BSNZ,ZZ,REP,"","",22023362,"",,"",0,0,233.479948,,0,,233.479948,,168.82739,,93.257053,
2025,03,BSNZ,ZZ,REP,"","",22023403,"",,"",0,0,0,,0,,0,,-0.16096,,-3.953613,
2025,03,BSNZ,ZZ,REP,"","",22023405,"",,"",0,0,510.903152,,0,,510.903152,,428.111757,,201.2816,
2025,03,BSNZ,ZZ,REP,"","",22023406,"",,"",0,0,712.790859,,0,,712.790859,,610.143597,,281.38356699999997,
2025,03,BSNZ,ZZ,REP,"","",22023417,"",,"",0,0,0,,0,,0,,-0.030524,,-0.749748,
2025,03,BSNZ,ZZ,REP,"","",22023519,"",,"",0,0,13.959103,,0,,13.959103,,6.2518720000000005,,5.086002,
2025,03,BSNZ,ZZ,REP,"","",22023520,"",,"",0,0,79.957739,,0,,79.957739,,20.438482999999998,,29.466552,
2025,03,BSNZ,ZZ,REP,"","",22023521,"",,"",0,0,1807.1844999999998,,0,,1807.1844999999998,,1288.31797,,691.8844080000002,
2025,03,BSNZ,ZZ,REP,"","",22023522,"",,"",0,0,269.18174999999997,,0,,269.18174999999997,,106.060822,,103.240255,
2025,03,BSNZ,ZZ,REP,"","",22023523,"",,"",0,0,27.918205,,0,,27.918205,,15.92194,,7.728106,
2025,03,BSNZ,ZZ,REP,"","",22023554,"",,"",0,0,40.481396999999994,,0,,40.481396999999994,,3.9820669999999994,,14.763736000000002,
2025,03,BSNZ,ZZ,REP,"","",22023555,"",,"",0,0,35.176938,,0,,35.176938,,13.449764,,14.050447,
2025,03,BSNZ,ZZ,REP,"","",22023556,"",,"",0,0,0,,0,,0,,-0.002327,,-0.057157,
2025,03,BSNZ,ZZ,REP,"","",22023565,"",,"",0,0,0,,0,,0,,-0.00364,,-0.089408,
2025,03,BSNZ,ZZ,REP,"","",22023566,"",,"",0,0,320.556829,,0,,320.556829,,144.921131,,124.48920899999999,
2025,03,BSNZ,ZZ,REP,"","",22023576,"",,"",0,0,33.501846,,0,,33.501846,,12.285526999999998,,12.487299,
2025,03,BSNZ,ZZ,REP,"","",22023577,"",,"",0,0,452.274922,,0,,452.274922,,202.209588,,175.775881,
2025,03,BSNZ,ZZ,REP,"","",22023581,"",,"",0,0,2.093865,,0,,2.093865,,2.1197600000000003,,0.788439,
2025,03,BSNZ,ZZ,REP,"","",22023597,"",,"",0,0,0,,0,,0,,-0.013977,,-0.343326,
2025,03,BSNZ,ZZ,REP,"","",22023600,"",,"",0,0,0,,0,,0,,-0.001638,,-0.040234,
2025,03,BSNZ,ZZ,REP,"","",22023602,"",,"",0,0,0,,0,,0,,-0.003489,,-0.085704,
2025,03,BSNZ,ZZ,REP,"","",22023630,"",,"",0,0,5.583641,,0,,5.583641,,124.490699,,0.9018860000000002,
2025,03,BSNZ,ZZ,REP,"","",22023651,"",,"",0,0,2.233456,,0,,2.233456,,1.9095380000000002,,0.983799,
2025,03,BSNZ,ZZ,REP,"","",22023652,"",,"",0,0,0,,0,,0,,0.023827000000000043,,0.585238000000011,
2025,03,BSNZ,ZZ,REP,"","",22023653,"",,"",0,0,0,,0,,0,,-0.013354,,-0.32799799999999996,
2025,03,BSNZ,ZZ,REP,"","",22023672,"",,"",0,0,0,,0,,0,,0.012204,,0.299772,
2025,03,BSNZ,ZZ,REP,"","",22023681,"",,"",0,0,586.5056510000001,,0,,586.5056510000001,,494.693121,,234.263324,
2025,03,BSNZ,ZZ,REP,"","",22023692,"",,"",0,0,2021.3617980000004,,0,,2021.3617980000004,,1897.883521,,776.0328360000002,
2025,03,BSNZ,ZZ,REP,"","",22023713,"",,"",0,0,6395.502401999999,,0,,6395.502401999999,,4194.266721999999,,2463.368502,
2025,03,BSNZ,ZZ,REP,"","",22023770,"",,"",0,0,2472.436235,,0,,2472.436235,,1355.7652209999999,,965.832373,
2025,03,BSNZ,ZZ,REP,"","",22023780,"",,"",0,0,0,,0,,0,,-0.0988,,-2.426783,
2025,03,BSNZ,ZZ,REP,"","",22023901,"",,"",0,0,0,,0,,0,,-0.343523,,-8.43786,
2025,03,BSNZ,ZZ,REP,"","",22023902,"",,"",0,0,0,,0,,0,,-0.385147,,-9.460238,
2025,03,BSNZ,ZZ,REP,"","",22023967,"",,"",0,0,3131.5124669999996,,0,,3131.5124669999996,,1261.9634939999999,,1169.5461740000003,
2025,03,BSNZ,ZZ,REP,"","",22023971,"",,"",0,0,0,,0,,0,,0,,0,
2025,03,BSNZ,ZZ,REP,"","",22023977,"",,"",0,0,0,,0,,0,,-1.1356760000000001,,-27.895231000000003,
2025,03,BSNZ,ZZ,REP,"","",22024043,"",,"",0,0,788.588786,,0,,788.588786,,587.8660870000001,,308.05069199999997,
2025,03,BSNZ,ZZ,REP,"","",22025960,"",,"",0,0,506.977851,,0,,506.977851,,170.45467699999995,,198.390894,
2025,03,BSNZ,ZZ,REP,"","",22026249,"",,"",0,0,188.168701,,0,,188.168701,,91.32761199999999,,73.392936,
2025,03,BSNZ,ZZ,REP,"","",22026467,"",,"",0,0,298.601953,,0,,298.601953,,126.39013800000001,,110.57529299999999,
2025,03,BSNZ,ZZ,REP,"","",22026468,"",,"",0,0,2876.0943930000003,,0,,2876.0943930000003,,1460.1776479999996,,1124.499941,
2025,03,BSNZ,ZZ,REP,"","",22026476,"",,"",0,0,639.695414,,0,,639.695414,,378.856262,,249.276704,
2025,03,BSNZ,ZZ,REP,"","",22026480,"",,"",0,0,103.297359,,0,,103.297359,,53.220165,,39.260026999999994,
2025,03,BSNZ,ZZ,REP,"","",22026483,"",,"",0,0,183.13225799999998,,0,,183.13225799999998,,174.995756,,65.82789600000001,
2025,03,BSNZ,ZZ,REP,"","",22026659,"",,"",0,0,0,,0,,0,,-0.021019999999999997,,-0.51633,
2025,03,BSNZ,ZZ,REP,"","",22026699,"",,"",0,0,215.947316,,0,,215.947316,,147.64482200000003,,85.304171,
2025,03,BSNZ,ZZ,REP,"","",22026743,"",,"",0,0,0,,0,,0,,-0.016437,,-0.40374,
2025,03,BSNZ,ZZ,REP,"","",22026744,"",,"",0,0,36.416507,,0,,36.416507,,6.308021999999999,,14.545558,
2025,03,BSNZ,ZZ,REP,"","",22026745,"",,"",0,0,1037.596838,,0,,1037.596838,,1101.3595570000002,,395.55797999999993,
2025,03,BSNZ,ZZ,REP,"","",22026773,"",,"",0,0,184.00330199999996,,0,,184.00330199999996,,67.47544199999999,,68.59192300000001,
2025,03,BSNZ,ZZ,REP,"","",22026774,"",,"",0,0,59.186595,,0,,59.186595,,23.334921,,21.884209,
2025,03,BSNZ,ZZ,REP,"","",22026775,"",,"",0,0,0,,0,,0,,-0.003390000000000004,,-0.08327699999999538,
2025,03,BSNZ,ZZ,REP,"","",22026936,"",,"",0,0,227.226271,,0,,227.226271,,132.777508,,84.800678,
2025,03,BSNZ,ZZ,REP,"","",22026957,"",,"",0,0,0,,0,,0,,-0.132261,,-3.248696,
2025,03,BSNZ,ZZ,REP,"","",22027080,"",,"",0,0,1236.664808,,0,,1236.664808,,311.580119,,466.51801800000004,
2025,03,BSNZ,ZZ,REP,"","",22027081,"",,"",0,0,171.021337,,0,,171.021337,,88.92066799999995,,63.220546999999975,
2025,03,BSNZ,ZZ,REP,"","",22027082,"",,"",0,0,138.362623,,0,,138.362623,,56.767368,,52.822981,
2025,03,BSNZ,ZZ,REP,"","",22027083,"",,"",0,0,12.284009000000001,,0,,12.284009000000001,,6.00578,,4.542489,
2025,03,BSNZ,ZZ,REP,"","",22027100,"",,"",0,0,430.04086400000006,,0,,430.04086400000006,,210.78936599999994,,164.50133799999998,
2025,03,BSNZ,ZZ,REP,"","",22027327,"",,"",0,0,1607.010965,,0,,1607.010965,,933.6281299999999,,615.319868,
2025,03,BSNZ,ZZ,REP,"","",22027349,"",,"",0,0,670.03692,,0,,670.03692,,427.94681999999995,,241.727271,
2025,03,BSNZ,ZZ,REP,"","",22027350,"",,"",0,0,0,,0,,0,,-0.146567,,-3.600069,
2025,03,BSNZ,ZZ,REP,"","",22027420,"",,"",0,0,0,,0,,0,,-0.040404,,-0.992426,
2025,03,BSNZ,ZZ,REP,"","",22027471,"",,"",0,0,123.616229,,0,,123.616229,,74.259157,,49.375054,
2025,03,BSNZ,ZZ,REP,"","",22027532,"",,"",0,0,190.262567,,0,,190.262567,,132.41352,,73.170109,
2025,03,BSNZ,ZZ,REP,"","",22027534,"",,"",0,0,313.169673,,0,,313.169673,,243.050564,,111.670232,
2025,03,BSNZ,ZZ,REP,"","",22027536,"",,"",0,0,189.358017,,0,,189.358017,,158.31850599999999,,75.633778,
2025,03,BSNZ,ZZ,REP,"","",22027564,"",,"",0,0,1.39591,,0,,1.39591,,0.97375,,-2.313136,
2025,03,BSNZ,ZZ,REP,"","",22027565,"",,"",0,0,260.644362,,0,,260.644362,,222.906241,,104.317484,
2025,03,BSNZ,ZZ,REP,"","",22027566,"",,"",0,0,45.618347,,0,,45.618347,,19.593516,,16.636158,
2025,03,BSNZ,ZZ,REP,"","",22027600,"",,"",0,0,0,,0,,0,,-0.0078,,-0.191588,
2025,03,BSNZ,ZZ,REP,"","",22027603,"",,"",0,0,47261.84704499989,,0,,47261.84704499989,,3179.632272000011,,17789.318410000098,
2025,03,BSNZ,ZZ,REP,"","",22027609,"",,"",0,0,50.492865,,0,,50.492865,,43.593852000000005,,19.779234999999996,
2025,03,BSNZ,ZZ,REP,"","",22027610,"",,"",0,0,457.0154280000001,,0,,457.0154280000001,,236.565886,,173.24455600000002,
2025,03,BSNZ,ZZ,REP,"","",22027611,"",,"",0,0,0,,0,,0,,-0.049281000000000005,,-1.210454,
2025,03,BSNZ,ZZ,REP,"","",22027612,"",,"",0,0,37.533235,,0,,37.533235,,25.549337,,14.491879,
2025,03,BSNZ,ZZ,REP,"","",22027613,"",,"",0,0,215.78538899999998,,0,,215.78538899999998,,91.613688,,83.115298,
2025,03,BSNZ,ZZ,REP,"","",22027614,"",,"",0,0,0,,0,,0,,-0.022605,,-0.555221,
2025,03,BSNZ,ZZ,REP,"","",22027615,"",,"",0,0,19.419903,,0,,19.419903,,16.127888,,7.3680069999999995,
2025,03,BSNZ,ZZ,REP,"","",22027616,"",,"",0,0,93.403145,,0,,93.403145,,34.387111,,34.165108000000004,
2025,03,BSNZ,ZZ,REP,"","",22027618,"",,"",0,0,28.644078,,0,,28.644078,,10.538716,,11.057901999999999,
2025,03,BSNZ,ZZ,REP,"","",22027619,"",,"",0,0,0,,0,,0,,-0.004974,,-0.122169,
2025,03,BSNZ,ZZ,REP,"","",22027620,"",,"",0,0,0,,0,,0,,-0.018944,,-0.465304,
2025,03,BSNZ,ZZ,REP,"","",22027631,"",,"",0,0,0,,0,,0,,-0.009043,,-0.222114,
2025,03,BSNZ,ZZ,REP,"","",22027632,"",,"",0,0,0,,0,,0,,-0.013338,,-0.327616,
2025,03,BSNZ,ZZ,REP,"","",22027633,"",,"",0,0,0,,0,,0,,-0.014469,,-0.355396,
2025,03,BSNZ,ZZ,REP,"","",22027637,"",,"",0,0,31.558739,,0,,31.558739,,12.675775,,12.605258,
2025,03,BSNZ,ZZ,REP,"","",22027639,"",,"",0,0,43.697574,,0,,43.697574,,32.131958000000004,,16.848485999999998,
2025,03,BSNZ,ZZ,REP,"","",22027641,"",,"",0,0,0,,0,,0,,-0.009043,,-0.222114,
2025,03,BSNZ,ZZ,REP,"","",22027644,"",,"",0,0,0,,0,,0,,-0.021476,,-0.527506,
2025,03,BSNZ,ZZ,REP,"","",22027650,"",,"",0,0,60.19165,,0,,60.19165,,29.779553,,24.041876,
2025,03,BSNZ,ZZ,REP,"","",22027652,"",,"",0,0,0,,0,,0,,13.763675,,0,
2025,03,BSNZ,ZZ,REP,"","",22027655,"",,"",0,0,0,,0,,0,,14.712894,,0,
2025,03,BSNZ,ZZ,REP,"","",22027658,"",,"",0,0,0,,0,,0,,45.522090000000006,,-0.444228,
2025,03,BSNZ,ZZ,REP,"","",22027659,"",,"",0,0,33.496262,,0,,33.496262,,20.911549,,13.018196000000001,
2025,03,BSNZ,ZZ,REP,"","",22027661,"",,"",0,0,0,,0,,0,,-0.011305,,-0.277675,
2025,03,BSNZ,ZZ,REP,"","",22027664,"",,"",0,0,55.590729,,0,,55.590729,,96.73273899999998,,20.957887,
2025,03,BSNZ,ZZ,REP,"","",22027666,"",,"",0,0,0,,0,,0,,-0.007007,,-0.17211,
2025,03,BSNZ,ZZ,REP,"","",22027667,"",,"",0,0,0,,0,,0,,-0.014919000000000002,,-0.366444,
2025,03,BSNZ,ZZ,REP,"","",22027668,"",,"",0,0,0,,0,,0,,-0.034814,,-0.855121,
2025,03,BSNZ,ZZ,REP,"","",22027671,"",,"",0,0,17.476796,,0,,17.476796,,5.7602199999999995,,6.980619,
2025,03,BSNZ,ZZ,REP,"","",22027672,"",,"",0,0,19.419903,,0,,19.419903,,8.861273,,7.174439,
2025,03,BSNZ,ZZ,REP,"","",22027679,"",,"",0,0,44.188935,,0,,44.188935,,21.057135,,17.372362,
2025,03,BSNZ,ZZ,REP,"","",22027680,"",,"",0,0,19.419903,,0,,19.419903,,14.747803,,7.756739,
2025,03,BSNZ,ZZ,REP,"","",22027681,"",,"",0,0,24.277671,,0,,24.277671,,20.636567000000003,,8.747465,
2025,03,BSNZ,ZZ,REP,"","",22027689,"",,"",0,0,249.410076,,0,,249.410076,,135.40585500000003,,96.93766500000001,
2025,03,BSNZ,ZZ,REP,"","",22027694,"",,"",0,0,0,,0,,0,,-0.0338,,-0.830215,
2025,03,BSNZ,ZZ,REP,"","",22027695,"",,"",0,0,44.183351,,0,,44.183351,,30.158534,,17.647807,
2025,03,BSNZ,ZZ,REP,"","",22027699,"",,"",0,0,0,,0,,0,,-0.027133,,-0.666471,
2025,03,BSNZ,ZZ,REP,"","",22027702,"",,"",0,0,0,,0,,0,,-0.048607,,-1.193914,
2025,03,BSNZ,ZZ,REP,"","",22027705,"",,"",0,0,50.978642,,0,,50.978642,,23.82213,,20.361997,
2025,03,BSNZ,ZZ,REP,"","",22027706,"",,"",0,0,89.824033,,0,,89.824033,,39.089132,,35.42792,
2025,03,BSNZ,ZZ,REP,"","",22027707,"",,"",0,0,89.824033,,0,,89.824033,,46.924542,,35.877705,
2025,03,BSNZ,ZZ,REP,"","",22027710,"",,"",0,0,24.763448,,0,,24.763448,,15.098046,,9.891069,
2025,03,BSNZ,ZZ,REP,"","",22027711,"",,"",0,0,0,,0,,0,,-0.015826,,-0.388732,
2025,03,BSNZ,ZZ,REP,"","",22027712,"",,"",0,0,0,,0,,0,,-0.016957,,-0.416513,
2025,03,BSNZ,ZZ,REP,"","",22027739,"",,"",0,0,0,,0,,0,,-0.017636,,-0.433181,
2025,03,BSNZ,ZZ,REP,"","",22027789,"",,"",0,0,0,,0,,0,,-0.041826,,-1.027359,
2025,03,BSNZ,ZZ,REP,"","",22027791,"",,"",0,0,108.27238299999999,,0,,108.27238299999999,,42.524288,,43.246382999999994,
2025,03,BSNZ,ZZ,REP,"","",22027794,"",,"",0,0,43.697574,,0,,43.697574,,24.384173,,17.453777,
2025,03,BSNZ,ZZ,REP,"","",22027872,"",,"",0,0,0,,0,,0,,-0.02261,,-0.55535,
2025,03,BSNZ,ZZ,REP,"","",22027881,"",,"",0,0,0,,0,,0,,-0.063305,,-1.554929,
2025,03,BSNZ,ZZ,REP,"","",22027882,"",,"",0,0,197.538051,,0,,197.538051,,118.82183700000002,,77.512754,
2025,03,BSNZ,ZZ,REP,"","",22027883,"",,"",0,0,0,,0,,0,,-0.270513,,-6.644532,
2025,03,BSNZ,ZZ,REP,"","",22027886,"",,"",0,0,0,,0,,0,,-0.067823,,-1.665923,
2025,03,BSNZ,ZZ,REP,"","",22027890,"",,"",0,0,87.395149,,0,,87.395149,,57.294564,,34.907555,
2025,03,BSNZ,ZZ,REP,"","",22027898,"",,"",0,0,60.750014,,0,,60.750014,,34.840174,,24.264899,
2025,03,BSNZ,ZZ,REP,"","",22027945,"",,"",0,0,470.488758,,0,,470.488758,,247.525907,,187.923612,
2025,03,BSNZ,ZZ,REP,"","",22027954,"",,"",0,0,0,,0,,0,,-0.033236,,-0.816357,
2025,03,BSNZ,ZZ,REP,"","",22027968,"",,"",0,0,0,,0,,0,,-0.221566,,-5.442252,
2025,03,BSNZ,ZZ,REP,"","",22027971,"",,"",0,0,0,,0,,0,,-0.265194,,-6.513869,
2025,03,BSNZ,ZZ,REP,"","",22027972,"",,"",0,0,0,,0,,0,,-0.0962,,-2.36292,
2025,03,BSNZ,ZZ,REP,"","",22027973,"",,"",0,0,0,,0,,0,,-0.07235,,-1.777108,
2025,03,BSNZ,ZZ,REP,"","",22027974,"",,"",0,0,113.615927,,0,,113.615927,,94.465399,,39.571953,
2025,03,BSNZ,ZZ,REP,"","",22027975,"",,"",0,0,197.09136,,0,,197.09136,,111.936705,,74.31343799999999,
2025,03,BSNZ,ZZ,REP,"","",22027976,"",,"",0,0,254.580528,,0,,254.580528,,144.819158,,101.685091,
2025,03,BSNZ,ZZ,REP,"","",22027979,"",,"",0,0,0,,0,,0,,-0.26632900000000004,,-6.541777,
2025,03,BSNZ,ZZ,REP,"","",22027980,"",,"",0,0,0,,0,,0,,-0.503066,,-12.356667999999999,
2025,03,BSNZ,ZZ,REP,"","",22027981,"",,"",0,0,217.761999,,0,,217.761999,,167.83101299999998,,79.15999099999999,
2025,03,BSNZ,ZZ,REP,"","",22028000,"",,"",0,0,0,,0,,0,,-0.099481,,-2.443515,
2025,03,BSNZ,ZZ,REP,"","",22028008,"",,"",0,0,0,,0,,0,,-0.304184,,-7.471554,
2025,03,BSNZ,ZZ,REP,"","",22028009,"",,"",0,0,203.920153,,0,,203.920153,,122.20174200000001,,81.450217,
2025,03,BSNZ,ZZ,REP,"","",22028027,"",,"",0,0,0,,0,,0,,-0.070085,,-1.721483,
2025,03,BSNZ,ZZ,REP,"","",22028028,"",,"",0,0,67.975245,,0,,67.975245,,23.81923,,27.150816,
2025,03,BSNZ,ZZ,REP,"","",22028029,"",,"",0,0,76.758313,,0,,76.758313,,43.559704,,28.258048000000002,
2025,03,BSNZ,ZZ,REP,"","",22028030,"",,"",0,0,138.27886800000002,,0,,138.27886800000002,,91.680379,,53.19160699999999,
2025,03,BSNZ,ZZ,REP,"","",22028032,"",,"",0,0,135.07944300000003,,0,,135.07944300000003,,99.13777699999999,,51.803905,
2025,03,BSNZ,ZZ,REP,"","",22028035,"",,"",0,0,0,,0,,0,,-0.051365999999999995,,-1.261671,
2025,03,BSNZ,ZZ,REP,"","",22028036,"",,"",0,0,0,,0,,0,,-0.012433,,-0.305391,
2025,03,BSNZ,ZZ,REP,"","",22028039,"",,"",0,0,8.732815,,0,,8.732815,,10.802467000000002,,-0.09634300000000007,
2025,03,BSNZ,ZZ,REP,"","",22028040,"",,"",0,0,92.48743,,0,,92.48743,,54.497876,,36.941524,
2025,03,BSNZ,ZZ,REP,"","",22028045,"",,"",0,0,0,,0,,0,,-0.0208,,-0.510902,
2025,03,BSNZ,ZZ,REP,"","",22028047,"",,"",0,0,0,,0,,0,,-0.018086,,-0.444229,
2025,03,BSNZ,ZZ,REP,"","",22028056,"",,"",0,0,0,,0,,0,,-0.044314,,-1.088476,
2025,03,BSNZ,ZZ,REP,"","",22028059,"",,"",0,0,97.099517,,0,,97.099517,,55.170852,,24.731597999999998,
2025,03,BSNZ,ZZ,REP,"","",22028060,"",,"",0,0,0,,0,,0,,-0.073174,,-1.797352,
2025,03,BSNZ,ZZ,REP,"","",22028065,"",,"",0,0,0,,0,,0,,-0.0208,,-0.510902,
2025,03,BSNZ,ZZ,REP,"","",22028066,"",,"",0,0,0,,0,,0,,-0.042505,,-1.044028,
2025,03,BSNZ,ZZ,REP,"","",22028069,"",,"",0,0,45.154905,,0,,45.154905,,25.674878999999997,,17.444434,
2025,03,BSNZ,ZZ,REP,"","",22028072,"",,"",0,0,0,,0,,0,,-0.0299,,-0.734421,
2025,03,BSNZ,ZZ,REP,"","",22028073,"",,"",0,0,0,,0,,0,,-0.067374,,-1.654874,
2025,03,BSNZ,ZZ,REP,"","",22028102,"",,"",0,0,0,,0,,0,,-0.020121,,-0.494233,
2025,03,BSNZ,ZZ,REP,"","",22028106,"",,"",0,0,0,,0,,0,,-0.40084899999999996,,-9.845904,
2025,03,BSNZ,ZZ,REP,"","",22028108,"",,"",0,0,0,,0,,0,,-0.067374,,-1.654874,
2025,03,BSNZ,ZZ,REP,"","",22028109,"",,"",0,0,0,,0,,0,,-0.067374,,-1.654874,
2025,03,BSNZ,ZZ,REP,"","",22028125,"",,"",0,0,262.185447,,0,,262.185447,,146.41670599999998,,104.722664,
2025,03,BSNZ,ZZ,REP,"","",22028127,"",,"",0,0,0,,0,,0,,-0.096314,,-2.36573,
2025,03,BSNZ,ZZ,REP,"","",22028129,"",,"",0,0,116.530588,,0,,116.530588,,43.691844,,43.312929000000004,
2025,03,BSNZ,ZZ,REP,"","",22028131,"",,"",0,0,0,,0,,0,,-0.094959,,-2.332458,
2025,03,BSNZ,ZZ,REP,"","",22028134,"",,"",0,0,0,,0,,0,,-0.074154,,-1.821428,
2025,03,BSNZ,ZZ,REP,"","",22028136,"",,"",0,0,0,,0,,0,,-0.221113,,-5.43114,
2025,03,BSNZ,ZZ,REP,"","",22028139,"",,"",0,0,0,,0,,0,,-0.10400200000000001,,-2.5545720000000003,
2025,03,BSNZ,ZZ,REP,"","",22028143,"",,"",0,0,0,,0,,0,,-0.23106100000000002,,-5.675478,
2025,03,BSNZ,ZZ,REP,"","",22028146,"",,"",0,0,0,,0,,0,,-0.081104,,-1.992133,
2025,03,BSNZ,ZZ,REP,"","",22028161,"",,"",0,0,0,,0,,0,,-0.06032,,-1.481615,
2025,03,BSNZ,ZZ,REP,"","",22028169,"",,"",0,0,73.592388,,0,,73.592388,,74.571054,,29.394427,
2025,03,BSNZ,ZZ,REP,"","",22028177,"",,"",0,0,21.848787,,0,,21.848787,,6.12546,,8.726889,
2025,03,BSNZ,ZZ,REP,"","",22028180,"",,"",0,0,0,,0,,0,,-0.004521,,-0.111057,
2025,03,BSNZ,ZZ,REP,"","",22028181,"",,"",0,0,12.138836,,0,,12.138836,,3.483694,,4.848519,
2025,03,BSNZ,ZZ,REP,"","",22028182,"",,"",0,0,14.567719,,0,,14.567719,,5.998114,,5.069049,
2025,03,BSNZ,ZZ,REP,"","",22028186,"",,"",0,0,0,,0,,0,,-0.005652,,-0.138838,
2025,03,BSNZ,ZZ,REP,"","",22028204,"",,"",0,0,30.710026,,0,,30.710026,,9.152378,,12.266263,
2025,03,BSNZ,ZZ,REP,"","",22028205,"",,"",0,0,0,,0,,0,,-0.00859,,-0.211002,
2025,03,BSNZ,ZZ,REP,"","",22028207,"",,"",0,0,0,,0,,0,,-0.020348,,-0.49979,
2025,03,BSNZ,ZZ,REP,"","",22028217,"",,"",0,0,0,,0,,0,,-0.098909,,-2.429465,
2025,03,BSNZ,ZZ,REP,"","",22028219,"",,"",0,0,4.857768,,0,,4.857768,,1.206985,,1.884739,
2025,03,BSNZ,ZZ,REP,"","",22028220,"",,"",0,0,20.156944,,0,,20.156944,,3.537808,,7.995568,
2025,03,BSNZ,ZZ,REP,"","",22028221,"",,"",0,0,33.982039,,0,,33.982039,,5.372158999999999,,13.462121,
2025,03,BSNZ,ZZ,REP,"","",22028222,"",,"",0,0,7.281068,,0,,7.281068,,3.4189570000000002,,2.6305440000000004,
2025,03,BSNZ,ZZ,REP,"","",22028225,"",,"",0,0,67.980829,,0,,67.980829,,8.407254,,26.986428,
2025,03,BSNZ,ZZ,REP,"","",22028226,"",,"",0,0,126.234956,,0,,126.234956,,93.051965,,48.288849,
2025,03,BSNZ,ZZ,REP,"","",22028229,"",,"",0,0,23.300534,,0,,23.300534,,17.848663000000002,,8.772536,
2025,03,BSNZ,ZZ,REP,"","",22028231,"",,"",0,0,36.416507,,0,,36.416507,,28.026812,,11.215374,
2025,03,BSNZ,ZZ,REP,"","",22028232,"",,"",0,0,280.672883,,0,,280.672883,,119.056284,,110.579742,
2025,03,BSNZ,ZZ,REP,"","",22028233,"",,"",0,0,104.386169,,0,,104.386169,,51.802116,,40.166995,
2025,03,BSNZ,ZZ,REP,"","",22028234,"",,"",0,0,0,,0,,0,,-0.016205999999999998,,-0.398057,
2025,03,BSNZ,ZZ,REP,"","",22028235,"",,"",0,0,12.138836,,0,,12.138836,,0.829203,,4.792958,
2025,03,BSNZ,ZZ,REP,"","",22028239,"",,"",0,0,0,,0,,0,,-0.002262,,-0.055561,
2025,03,BSNZ,ZZ,REP,"","",22028241,"",,"",0,0,4.857768,,0,,4.857768,,0.444151,,1.662624,
2025,03,BSNZ,ZZ,REP,"","",22028243,"",,"",0,0,2.428884,,0,,2.428884,,0.367318,,0.97015,
2025,03,BSNZ,ZZ,REP,"","",22028244,"",,"",0,0,0,,0,,0,,-0.002262,,-0.055561,
2025,03,BSNZ,ZZ,REP,"","",22028245,"",,"",0,0,9.709952,,0,,9.709952,,1.4705789999999999,,3.500749,
2025,03,BSNZ,ZZ,REP,"","",22028246,"",,"",0,0,0,,0,,0,,-0.006783,,-0.166618,
2025,03,BSNZ,ZZ,REP,"","",22028247,"",,"",0,0,9.709952,,0,,9.709952,,0.603736,,3.878369,
2025,03,BSNZ,ZZ,REP,"","",22028249,"",,"",0,0,0,,0,,0,,-0.033301,,-0.8179540000000001,
2025,03,BSNZ,ZZ,REP,"","",22028250,"",,"",0,0,18.44835,,0,,18.44835,,2.086196,,7.188777,
2025,03,BSNZ,ZZ,REP,"","",22028252,"",,"",0,0,0,,0,,0,,-0.00319,,-0.07836,
2025,03,BSNZ,ZZ,REP,"","",22028253,"",,"",0,0,248.405022,,0,,248.405022,,8.970044,,93.851051,
2025,03,BSNZ,ZZ,REP,"","",22028254,"",,"",0,0,7.281068,,0,,7.281068,,0.03125599999999999,,1.2976009999999998,
2025,03,BSNZ,ZZ,REP,"","",22028256,"",,"",0,0,0,,0,,0,,-0.001739,,-0.042724,
2025,03,BSNZ,ZZ,REP,"","",22028257,"",,"",0,0,0,,0,,0,,-0.013649999999999999,,-0.335279,
2025,03,BSNZ,ZZ,REP,"","",22028261,"",,"",0,0,0,,0,,0,,-0.00339,,-0.083277,
2025,03,BSNZ,ZZ,REP,"","",22028263,"",,"",0,0,0,,0,,0,,-0.007912,,-0.194334,
2025,03,BSNZ,ZZ,REP,"","",22028264,"",,"",0,0,0,,0,,0,,-0.004748,,-0.116613,
2025,03,BSNZ,ZZ,REP,"","",22028266,"",,"",0,0,49.96242,,0,,49.96242,,29.085157000000002,,19.956094999999998,
2025,03,BSNZ,ZZ,REP,"","",22028267,"",,"",0,0,0,,0,,0,,-0.009495,,-0.233227,
2025,03,BSNZ,ZZ,REP,"","",22028268,"",,"",0,0,0,,0,,0,,-0.016957,,-0.416513,
2025,03,BSNZ,ZZ,REP,"","",22028269,"",,"",0,0,43.418392,,0,,43.418392,,24.682900999999998,,16.953533999999998,
2025,03,BSNZ,ZZ,REP,"","",22028273,"",,"",0,0,0,,0,,0,,-0.005652,,-0.138838,
2025,03,BSNZ,ZZ,REP,"","",22028274,"",,"",0,0,28.644078999999998,,0,,28.644078999999998,,20.605365,,11.316099000000001,
2025,03,BSNZ,ZZ,REP,"","",22028279,"",,"",0,0,24.277671,,0,,24.277671,,13.194841,,9.052856,
2025,03,BSNZ,ZZ,REP,"","",22028280,"",,"",0,0,0,,0,,0,,-0.014469,,-0.355396,
2025,03,BSNZ,ZZ,REP,"","",22028281,"",,"",0,0,262.19103,,0,,262.19103,,107.286625,,104.724894,
2025,03,BSNZ,ZZ,REP,"","",22028282,"",,"",0,0,63.117478,,0,,63.117478,,30.925804,,24.294213999999997,
2025,03,BSNZ,ZZ,REP,"","",22028288,"",,"",0,0,0,,0,,0,,-0.08478,,-2.082435,
2025,03,BSNZ,ZZ,REP,"","",22028289,"",,"",0,0,0,,0,,0,,-0.012436,,-0.305455,
2025,03,BSNZ,ZZ,REP,"","",22028291,"",,"",0,0,1882.005285,,0,,1882.005285,,207.02775300000002,,709.6388949999999,
2025,03,BSNZ,ZZ,REP,"","",22028292,"",,"",0,0,125.073559,,0,,125.073559,,11.231398000000002,,47.158868999999996,
2025,03,BSNZ,ZZ,REP,"","",22028293,"",,"",0,0,471.555235,,0,,471.555235,,119.17198199999999,,179.978586,
2025,03,BSNZ,ZZ,REP,"","",22028295,"",,"",0,0,41.274274,,0,,41.274274,,3.4598200000000006,,15.708585,
2025,03,BSNZ,ZZ,REP,"","",22028296,"",,"",0,0,80.108499,,0,,80.108499,,15.346453,,30.169416000000002,
2025,03,BSNZ,ZZ,REP,"","",22028301,"",,"",0,0,9.704368,,0,,9.704368,,0.847464,,4.241434,
2025,03,BSNZ,ZZ,REP,"","",22028302,"",,"",0,0,0,,0,,0,,-0.009043,,-0.222114,
2025,03,BSNZ,ZZ,REP,"","",22028303,"",,"",0,0,13.6185,,0,,13.6185,,1.6089440000000002,,5.675185,
2025,03,BSNZ,ZZ,REP,"","",22028304,"",,"",0,0,137.893599,,0,,137.893599,,3.23352,,53.80049699999999,
2025,03,BSNZ,ZZ,REP,"","",22028305,"",,"",0,0,0,,0,,0,,-0.003037,,-0.07459199999999999,
2025,03,BSNZ,ZZ,REP,"","",22028306,"",,"",0,0,9.709952,,0,,9.709952,,0.85566,,3.7574130000000006,
2025,03,BSNZ,ZZ,REP,"","",22028307,"",,"",0,0,0,,0,,0,,-0.006398,,-0.157166,
2025,03,BSNZ,ZZ,REP,"","",22028308,"",,"",0,0,0,,0,,0,,-0.004521,,-0.111057,
2025,03,BSNZ,ZZ,REP,"","",22028310,"",,"",0,0,9.715535,,0,,9.715535,,0.797699,,3.842793,
2025,03,BSNZ,ZZ,REP,"","",22028311,"",,"",0,0,106.41861599999999,,0,,106.41861599999999,,11.37933,,40.108729999999994,
2025,03,BSNZ,ZZ,REP,"","",22028312,"",,"",0,0,0,,0,,0,,-0.007912,,-0.194334,
2025,03,BSNZ,ZZ,REP,"","",22028317,"",,"",0,0,289.57320699999997,,0,,289.57320699999997,,87.63640799999997,,110.661044,
2025,03,BSNZ,ZZ,REP,"","",22028318,"",,"",0,0,16.99102,,0,,16.99102,,3.253341,,3.6580190000000004,
2025,03,BSNZ,ZZ,REP,"","",22028319,"",,"",0,0,3.640534,,0,,3.640534,,5.343486,,1.086388,
2025,03,BSNZ,ZZ,REP,"","",22028321,"",,"",0,0,559.57575,,0,,559.57575,,167.127261,,208.26411300000004,
2025,03,BSNZ,ZZ,REP,"","",22028324,"",,"",0,0,0,,0,,0,,-0.019978,,-0.490721,
2025,03,BSNZ,ZZ,REP,"","",22028326,"",,"",0,0,492.99641700000006,,0,,492.99641700000006,,46.31468900000001,,188.75999400000003,
2025,03,BSNZ,ZZ,REP,"","",22028327,"",,"",0,0,18.001657,,0,,18.001657,,2.7590850000000007,,6.403407,
2025,03,BSNZ,ZZ,REP,"","",22028328,"",,"",0,0,0,,0,,0,,-0.029393000000000002,,-0.7219679999999999,
2025,03,BSNZ,ZZ,REP,"","",22028329,"",,"",0,0,12.138835,,0,,12.138835,,0.07857200000000009,,4.04768,
2025,03,BSNZ,ZZ,REP,"","",22028332,"",,"",0,0,17.962573,,0,,17.962573,,1.689422,,7.008031,
2025,03,BSNZ,ZZ,REP,"","",22028333,"",,"",0,0,0,,0,,0,,-0.044312,,-1.088412,
2025,03,BSNZ,ZZ,REP,"","",22028334,"",,"",0,0,0,,0,,0,,-0.033912,,-0.832961,
2025,03,BSNZ,ZZ,REP,"","",22028335,"",,"",0,0,9.709952,,0,,9.709952,,1.8167160000000002,,3.499536,
2025,03,BSNZ,ZZ,REP,"","",22028336,"",,"",0,0,7.281068,,0,,7.281068,,0.6427579999999999,,2.602827,
2025,03,BSNZ,ZZ,REP,"","",22028337,"",,"",0,0,0,,0,,0,,0.0008739999999999998,,0.02145700000000001,
2025,03,BSNZ,ZZ,REP,"","",22028339,"",,"",0,0,4.857768,,0,,4.857768,,2.353894,,1.9403,
2025,03,BSNZ,ZZ,REP,"","",22028341,"",,"",0,0,150.523794,,0,,150.523794,,87.129212,,57.773469000000006,
2025,03,BSNZ,ZZ,REP,"","",22028343,"",,"",0,0,33.987623,,0,,33.987623,,15.527814000000001,,13.575408,
2025,03,BSNZ,ZZ,REP,"","",22028344,"",,"",0,0,0,,0,,0,,-0.021705,,-0.533126,
2025,03,BSNZ,ZZ,REP,"","",22028345,"",,"",0,0,0,,0,,0,,-0.040014,,-0.982846,
2025,03,BSNZ,ZZ,REP,"","",22028346,"",,"",0,0,0,,0,,0,,-0.014622,,-0.359164,
2025,03,BSNZ,ZZ,REP,"","",22028347,"",,"",0,0,0,,0,,0,,-0.03685,,-0.905126,
2025,03,BSNZ,ZZ,REP,"","",22028348,"",,"",0,0,0,,0,,0,,-0.010374,,-0.254812,
2025,03,BSNZ,ZZ,REP,"","",22028359,"",,"",0,0,0,,0,,0,,-0.153981,,-3.782205,
2025,03,BSNZ,ZZ,REP,"","",22028360,"",,"",0,0,0,,0,,0,,-0.17635,,-4.331616,
2025,03,BSNZ,ZZ,REP,"","",22028361,"",,"",0,0,62.631701,,0,,62.631701,,34.096447,,19.163086,
2025,03,BSNZ,ZZ,REP,"","",22028362,"",,"",0,0,260.733701,,0,,260.733701,,267.31622799999997,,98.64448,
2025,03,BSNZ,ZZ,REP,"","",22028363,"",,"",0,0,0,,0,,0,,-0.052296,,-1.284535,
2025,03,BSNZ,ZZ,REP,"","",22028364,"",,"",0,0,241.79399,,0,,241.79399,,159.24864399999998,,86.524407,
2025,03,BSNZ,ZZ,REP,"","",22028365,"",,"",0,0,286.457534,,0,,286.457534,,164.234032,,109.641691,
2025,03,BSNZ,ZZ,REP,"","",22028366,"",,"",0,0,0,,0,,0,,-0.118695,,-2.91546,
2025,03,BSNZ,ZZ,REP,"","",22028368,"",,"",0,0,60.297739,,0,,60.297739,,27.061731,,24.08425,
2025,03,BSNZ,ZZ,REP,"","",22028370,"",,"",0,0,336.330616,,0,,336.330616,,252.192883,,129.723165,
2025,03,BSNZ,ZZ,REP,"","",22028372,"",,"",0,0,60.694178,,0,,60.694178,,24.677204,,24.242596,
2025,03,BSNZ,ZZ,REP,"","",22028373,"",,"",0,0,194.489383,,0,,194.489383,,125.864518,,70.063964,
2025,03,BSNZ,ZZ,REP,"","",22028375,"",,"",0,0,0,,0,,0,,-0.012436,,-0.305455,
2025,03,BSNZ,ZZ,REP,"","",22028377,"",,"",0,0,299.09331399999996,,0,,299.09331399999996,,161.981746,,118.46490299999999,
2025,03,BSNZ,ZZ,REP,"","",22028378,"",,"",0,0,138.228617,,0,,138.228617,,127.470152,,55.211565,
2025,03,BSNZ,ZZ,REP,"","",22028384,"",,"",0,0,0,,0,,0,,-0.052905,,-1.299478,
2025,03,BSNZ,ZZ,REP,"","",22028385,"",,"",0,0,172.847191,,0,,172.847191,,102.520739,,62.077889,
2025,03,BSNZ,ZZ,REP,"","",22028386,"",,"",0,0,401.050599,,0,,401.050599,,179.20900300000002,,151.574227,
2025,03,BSNZ,ZZ,REP,"","",22028389,"",,"",0,0,0,,0,,0,,-0.063305,,-1.554929,
2025,03,BSNZ,ZZ,REP,"","",22028392,"",,"",0,0,0,,0,,0,,-0.066695,,-1.638206,
2025,03,BSNZ,ZZ,REP,"","",22028393,"",,"",0,0,100.985731,,0,,100.985731,,32.342439,,38.53111,
2025,03,BSNZ,ZZ,REP,"","",22028397,"",,"",0,0,40.297137,,0,,40.297137,,22.870454,,16.095567,
2025,03,BSNZ,ZZ,REP,"","",22028398,"",,"",0,0,94.6818,,0,,94.6818,,55.364604,,37.818004,
2025,03,BSNZ,ZZ,REP,"","",22028399,"",,"",0,0,150.512627,,0,,150.512627,,86.342484,,60.118071,
2025,03,BSNZ,ZZ,REP,"","",22028400,"",,"",0,0,126.240539,,0,,126.240539,,65.890678,,50.423262,
2025,03,BSNZ,ZZ,REP,"","",22028402,"",,"",0,0,0,,0,,0,,-0.047476,,-1.166133,
2025,03,BSNZ,ZZ,REP,"","",22028408,"",,"",0,0,0,,0,,0,,-0.058781,,-1.443808,
2025,03,BSNZ,ZZ,REP,"","",22028409,"",,"",0,0,69.918353,,0,,69.918353,,49.172464999999995,,27.926936,
2025,03,BSNZ,ZZ,REP,"","",22028411,"",,"",0,0,0,,0,,0,,-0.042957,,-1.05514,
2025,03,BSNZ,ZZ,REP,"","",22028419,"",,"",0,0,50.018256,,0,,50.018256,,36.489807,,19.978397,
2025,03,BSNZ,ZZ,REP,"","",22028422,"",,"",0,0,49.11929,,0,,49.11929,,25.779595999999998,,19.61933,
2025,03,BSNZ,ZZ,REP,"","",22028438,"",,"",0,0,0,,0,,0,,-0.021479,,-0.52757,
2025,03,BSNZ,ZZ,REP,"","",22028476,"",,"",0,0,275.323754,,0,,275.323754,,53.299952,,109.970394,
2025,03,BSNZ,ZZ,REP,"","",22028477,"",,"",0,0,281.599767,,0,,281.599767,,47.241408,,112.477173,
2025,03,BSNZ,ZZ,REP,"","",22028482,"",,"",0,0,239.538199,,0,,239.538199,,45.505348999999995,,94.203666,
2025,03,BSNZ,ZZ,REP,"","",22028488,"",,"",0,0,0,,0,,0,,0,,0,
2025,03,BSNZ,ZZ,REP,"","",22028492,"",,"",0,0,45.154905,,0,,45.154905,,9.824666,,18.035867,
2025,03,BSNZ,ZZ,REP,"","",22028494,"",,"",0,0,443.776619,,0,,443.776619,,270.533005,,175.069003,
2025,03,BSNZ,ZZ,REP,"","",22028495,"",,"",0,0,160.222578,,0,,160.222578,,115.374624,,61.441867,
2025,03,BSNZ,ZZ,REP,"","",22028496,"",,"",0,0,0,,0,,0,,-0.073252,,-1.799268,
2025,03,BSNZ,ZZ,REP,"","",22028497,"",,"",0,0,0,,0,,0,,-0.014243,,-0.34984,
2025,03,BSNZ,ZZ,REP,"","",22028498,"",,"",0,0,43.697574,,0,,43.697574,,28.192216,,17.453777,
2025,03,BSNZ,ZZ,REP,"","",22028499,"",,"",0,0,48.555342,,0,,48.555342,,27.28388,,18.400054,
2025,03,BSNZ,ZZ,REP,"","",22028500,"",,"",0,0,97.495956,,0,,97.495956,,38.54733,,36.393024000000004,
2025,03,BSNZ,ZZ,REP,"","",22028501,"",,"",0,0,15.327095,,0,,15.327095,,15.530922,,6.12198,
2025,03,BSNZ,ZZ,REP,"","",22028506,"",,"",0,0,26.706555,,0,,26.706555,,15.682251,,10.667188,
2025,03,BSNZ,ZZ,REP,"","",22028507,"",,"",0,0,0,,0,,0,,-0.02894,,-0.710856,
2025,03,BSNZ,ZZ,REP,"","",22028515,"",,"",0,0,94.670633,,0,,94.670633,,39.714434000000004,,37.424812,
2025,03,BSNZ,ZZ,REP,"","",22028519,"",,"",0,0,21.848787,,0,,21.848787,,10.396944999999999,,8.726889,
2025,03,BSNZ,ZZ,REP,"","",22028520,"",,"",0,0,107.54651,,0,,107.54651,,47.376098999999996,,41.40145999999999,
2025,03,BSNZ,ZZ,REP,"","",22028522,"",,"",0,0,0,,0,,0,,-0.021479,,-0.52757,
2025,03,BSNZ,ZZ,REP,"","",22028525,"",,"",0,0,0,,0,,0,,-0.040357,,-0.991277,
2025,03,BSNZ,ZZ,REP,"","",22028545,"",,"",0,0,58.265294,,0,,58.265294,,56.583331,,23.272447,
2025,03,BSNZ,ZZ,REP,"","",22028552,"",,"",0,0,76.250201,,0,,76.250201,,39.792398000000006,,30.456016,
2025,03,BSNZ,ZZ,REP,"","",22028553,"",,"",0,0,94.6818,,0,,94.6818,,41.918532000000006,,36.018736000000004,
2025,03,BSNZ,ZZ,REP,"","",22028554,"",,"",0,0,0,,0,,0,,-0.021479,,-0.52757,
2025,03,BSNZ,ZZ,REP,"","",22028556,"",,"",0,0,114.587481,,0,,114.587481,,60.732766999999996,,45.768773,
2025,03,BSNZ,ZZ,REP,"","",22028560,"",,"",0,0,0,,0,,0,,-0.054262,,-1.332815,
2025,03,BSNZ,ZZ,REP,"","",22028561,"",,"",0,0,0,,0,,0,,-0.021479,,-0.52757,
2025,03,BSNZ,ZZ,REP,"","",22028563,"",,"",0,0,0,,0,,0,,-0.035948,,-0.882966,
2025,03,BSNZ,ZZ,REP,"","",22028564,"",,"",0,0,0,,0,,0,,-0.072462,,-1.779854,
2025,03,BSNZ,ZZ,REP,"","",22028565,"",,"",0,0,0,,0,,0,,-0.066581,,-1.635396,
2025,03,BSNZ,ZZ,REP,"","",22028567,"",,"",0,0,0,,0,,0,,-0.052543000000000006,,-1.290602,
2025,03,BSNZ,ZZ,REP,"","",22028569,"",,"",0,0,0,,0,,0,,-0.0234,,-0.574764,
2025,03,BSNZ,ZZ,REP,"","",22028572,"",,"",0,0,0,,0,,0,,-0.038436,,-0.944082,
2025,03,BSNZ,ZZ,REP,"","",22028583,"",,"",0,0,58.265294,,0,,58.265294,,28.207267,,23.272447,
2025,03,BSNZ,ZZ,REP,"","",22028602,"",,"",0,0,0,,0,,0,,-0.021476,,-0.527506,
2025,03,BSNZ,ZZ,REP,"","",22028607,"",,"",0,0,0,,0,,0,,-0.033912,,-0.832961,
2025,03,BSNZ,ZZ,REP,"","",22028617,"",,"",0,0,0,,0,,0,,-0.024643,,-0.605291,
2025,03,BSNZ,ZZ,REP,"","",22028632,"",,"",0,0,0,,0,,0,,-0.077999,,-1.915881,
2025,03,BSNZ,ZZ,REP,"","",22028641,"",,"",0,0,0,,0,,0,,-0.045443,,-1.116192,
2025,03,BSNZ,ZZ,REP,"","",22028642,"",,"",0,0,314.621419,,0,,314.621419,,141.887736,,125.666751,
2025,03,BSNZ,ZZ,REP,"","",22028647,"",,"",0,0,161.199716,,0,,161.199716,,69.48241900000001,,64.38673,
2025,03,BSNZ,ZZ,REP,"","",22028650,"",,"",0,0,0,,0,,0,,-0.184035,,-4.520394,
2025,03,BSNZ,ZZ,REP,"","",22028654,"",,"",0,0,0,,0,,0,,-0.076866,,-1.888037,
2025,03,BSNZ,ZZ,REP,"","",22028658,"",,"",0,0,471.739494,,0,,471.739494,,208.066198,,188.423183,
2025,03,BSNZ,ZZ,REP,"","",22028660,"",,"",0,0,0,,0,,0,,-0.006783,,-0.166618,
2025,03,BSNZ,ZZ,REP,"","",22028662,"",,"",0,0,77.054246,,0,,77.054246,,50.119664,,29.768138,
2025,03,BSNZ,ZZ,REP,"","",22028663,"",,"",0,0,119.126981,,0,,119.126981,,76.72558899999999,,44.347494999999995,
2025,03,BSNZ,ZZ,REP,"","",22028665,"",,"",0,0,576.136829,,0,,576.136829,,403.450341,,224.170229,
2025,03,BSNZ,ZZ,REP,"","",22028688,"",,"",0,0,221.112184,,0,,221.112184,,242.923656,,85.532681,
2025,03,BSNZ,ZZ,REP,"","",22028699,"",,"",0,0,0,,0,,0,,-0.145339,,-3.569925,
2025,03,BSNZ,ZZ,REP,"","",22028735,"",,"",0,0,243.446748,,0,,243.446748,,304.754082,,97.238013,
2025,03,BSNZ,ZZ,REP,"","",22028737,"",,"",0,0,0,,0,,0,,-0.132339,,-3.250612,
2025,03,BSNZ,ZZ,REP,"","",22028740,"",,"",0,0,0,,0,,0,,-0.056521,,-1.388311,
2025,03,BSNZ,ZZ,REP,"","",22028743,"",,"",0,0,0,,0,,0,,-0.405598,,-9.962582,
2025,03,BSNZ,ZZ,REP,"","",22028745,"",,"",0,0,0,,0,,0,,-0.436788,,-10.728679,
2025,03,BSNZ,ZZ,REP,"","",22028749,"",,"",0,0,0,,0,,0,,-0.217099,,-5.332536,
2025,03,BSNZ,ZZ,REP,"","",22028752,"",,"",0,0,0,,0,,0,,-0.486081,,-11.939453,
2025,03,BSNZ,ZZ,REP,"","",22028754,"",,"",0,0,0,,0,,0,,-0.0364,,-0.894078,
2025,03,BSNZ,ZZ,REP,"","",22028767,"",,"",0,0,186.44894,,0,,186.44894,,59.705636,,71.028734,
2025,03,BSNZ,ZZ,REP,"","",22028769,"",,"",0,0,50.498449,,0,,50.498449,,27.220428,,19.725904000000003,
2025,03,BSNZ,ZZ,REP,"","",22028772,"",,"",0,0,231.095734,,0,,231.095734,,113.86581000000001,,91.80495499999999,
2025,03,BSNZ,ZZ,REP,"","",22028773,"",,"",0,0,0,,0,,0,,-0.20556000000000002,,-5.049113,
2025,03,BSNZ,ZZ,REP,"","",22028774,"",,"",0,0,81.565828,,0,,81.565828,,46.64025000000001,,28.293751999999994,
2025,03,BSNZ,ZZ,REP,"","",22028778,"",,"",0,0,0,,0,,0,,-0.036176,,-0.888586,
2025,03,BSNZ,ZZ,REP,"","",22028792,"",,"",0,0,0,,0,,0,,-0.038885,,-0.955131,
2025,03,BSNZ,ZZ,REP,"","",22028796,"",,"",0,0,0,,0,,0,,-0.045216,,-1.110636,
2025,03,BSNZ,ZZ,REP,"","",22028829,"",,"",0,0,0,,0,,0,,-0.080035,,-1.965886,
2025,03,BSNZ,ZZ,REP,"","",22028878,"",,"",0,0,0,,0,,0,,-0.072345,,-1.77698,
2025,03,BSNZ,ZZ,REP,"","",22028879,"",,"",0,0,55.83641,,0,,55.83641,,56.578949,,22.302297,
2025,03,BSNZ,ZZ,REP,"","",22028880,"",,"",0,0,0,,0,,0,,-0.060590000000000005,,-1.488256,
2025,03,BSNZ,ZZ,REP,"","",22028884,"",,"",0,0,0,,0,,0,,-0.024871,,-0.610911,
2025,03,BSNZ,ZZ,REP,"","",22028885,"",,"",0,0,155.370394,,0,,155.370394,,71.861701,,62.058371,
2025,03,BSNZ,ZZ,REP,"","",22028903,"",,"",0,0,2.914661,,0,,2.914661,,1.1331550000000001,,1.16418,
2025,03,BSNZ,ZZ,REP,"","",22028904,"",,"",0,0,0,,0,,0,,-0.009048,,-0.222242,
2025,03,BSNZ,ZZ,REP,"","",22028913,"",,"",0,0,9.715535,,0,,9.715535,,2.172815,,3.8806,
2025,03,BSNZ,ZZ,REP,"","",22028929,"",,"",0,0,0,,0,,0,,-0.021479,,-0.52757,
2025,03,BSNZ,ZZ,REP,"","",22028934,"",,"",0,0,0,,0,,0,,-0.017927,,-0.440333,
2025,03,BSNZ,ZZ,REP,"","",22028973,"",,"",0,0,0,,0,,0,,-0.02261,,-0.55535,
2025,03,BSNZ,ZZ,REP,"","",22028978,"",,"",0,0,48.555342,,0,,48.555342,,22.98586,,19.394077,
2025,03,BSNZ,ZZ,REP,"","",22029000,"",,"",0,0,144.2757,,0,,144.2757,,66.96286800000001,,55.304919999999996,
2025,03,BSNZ,ZZ,REP,"","",22029001,"",,"",0,0,30.101409,,0,,30.101409,,26.014371,,10.28706,
2025,03,BSNZ,ZZ,REP,"","",22029002,"",,"",0,0,192.26709400000001,,0,,192.26709400000001,,89.281555,,76.236929,
2025,03,BSNZ,ZZ,REP,"","",22029004,"",,"",0,0,0,,0,,0,,-0.027583,,-0.677519,
2025,03,BSNZ,ZZ,REP,"","",22029005,"",,"",0,0,0,,0,,0,,-0.02261,,-0.55535,
2025,03,BSNZ,ZZ,REP,"","",22029006,"",,"",0,0,0,,0,,0,,-0.02261,,-0.55535,
2025,03,BSNZ,ZZ,REP,"","",22029007,"",,"",0,0,0,,0,,0,,-0.027131,,-0.666407,
2025,03,BSNZ,ZZ,REP,"","",22029012,"",,"",0,0,48.555342,,0,,48.555342,,23.465362000000002,,18.279927999999998,
2025,03,BSNZ,ZZ,REP,"","",22029018,"",,"",0,0,48.555342,,0,,48.555342,,23.462112,,18.2001,
2025,03,BSNZ,ZZ,REP,"","",22029019,"",,"",0,0,43.697574,,0,,43.697574,,22.813866,,14.815928,
2025,03,BSNZ,ZZ,REP,"","",22029027,"",,"",0,0,0,,0,,0,,-0.021479,,-0.52757,
2025,03,BSNZ,ZZ,REP,"","",22029028,"",,"",0,0,0,,0,,0,,-0.02261,,-0.55535,
2025,03,BSNZ,ZZ,REP,"","",22029030,"",,"",0,0,0,,0,,0,,-0.021479,,-0.52757,
2025,03,BSNZ,ZZ,REP,"","",22029042,"",,"",0,0,104.391752,,0,,104.391752,,59.458116,,41.696374,
2025,03,BSNZ,ZZ,REP,"","",22029051,"",,"",0,0,0,,0,,0,,-0.037981,,-0.932906,
2025,03,BSNZ,ZZ,REP,"","",22029062,"",,"",0,0,0,,0,,0,,-0.152609,,-3.748485,
2025,03,BSNZ,ZZ,REP,"","",22029069,"",,"",0,0,322.868457,,0,,322.868457,,237.466503,,128.9608,
2025,03,BSNZ,ZZ,REP,"","",22029078,"",,"",0,0,0,,0,,0,,-0.146957,,-3.609648,
2025,03,BSNZ,ZZ,REP,"","",22029103,"",,"",0,0,0,,0,,0,,-0.0533,,-1.309186,
2025,03,BSNZ,ZZ,REP,"","",22029105,"",,"",0,0,0,,0,,0,,-0.094957,,-2.332394,
2025,03,BSNZ,ZZ,REP,"","",22029106,"",,"",0,0,123.811656,,0,,123.811656,,57.979784,,47.942632,
2025,03,BSNZ,ZZ,REP,"","",22029113,"",,"",0,0,84.659165,,0,,84.659165,,33.236946,,32.981781000000005,
2025,03,BSNZ,ZZ,REP,"","",22029116,"",,"",0,0,0,,0,,0,,-0.058783,,-1.443872,
2025,03,BSNZ,ZZ,REP,"","",22029123,"",,"",0,0,0,,0,,0,,-0.068393,,-1.679909,
2025,03,BSNZ,ZZ,REP,"","",22029144,"",,"",0,0,147.988821,,0,,147.988821,,90.764667,,59.110007,
2025,03,BSNZ,ZZ,REP,"","",22029163,"",,"",0,0,136.922045,,0,,136.922045,,54.016729,,54.689692,
2025,03,BSNZ,ZZ,REP,"","",22029177,"",,"",0,0,25.439068,,0,,25.439068,,23.476909,,10.160926,
2025,03,BSNZ,ZZ,REP,"","",22029178,"",,"",0,0,0,,0,,0,,-0.011289,,-0.277292,
2025,03,BSNZ,ZZ,REP,"","",22029179,"",,"",0,0,0,,0,,0,,-0.003164,,-0.077721,
2025,03,BSNZ,ZZ,REP,"","",22029184,"",,"",0,0,0,,0,,0,,-0.0221,,-0.542833,
2025,03,BSNZ,ZZ,REP,"","",22029187,"",,"",0,0,0,,0,,0,,-0.014953,,-0.367274,
2025,03,BSNZ,ZZ,REP,"","",22029189,"",,"",0,0,2.791821,,0,,2.791821,,2.549765,,1.115115,
2025,03,BSNZ,ZZ,REP,"","",22029190,"",,"",0,0,0,,0,,0,,-0.00859,,-0.211002,
2025,03,BSNZ,ZZ,REP,"","",22029192,"",,"",0,0,0,,0,,0,,-0.10083500000000001,,-2.476788,
2025,03,BSNZ,ZZ,REP,"","",22029195,"",,"",0,0,0,,0,,0,,-0.006783,,-0.166618,
2025,03,BSNZ,ZZ,REP,"","",22029213,"",,"",0,0,0,,0,,0,,-0.0169,,-0.415108,
2025,03,BSNZ,ZZ,REP,"","",22029224,"",,"",0,0,0,,0,,0,,-0.15579600000000002,,-3.8267810000000004,
2025,03,BSNZ,ZZ,REP,"","",22029225,"",,"",0,0,44.669128,,0,,44.669128,,26.350209,,16.853369999999998,
2025,03,BSNZ,ZZ,REP,"","",22029226,"",,"",0,0,0,,0,,0,,-0.09970499999999999,,-2.449007,
2025,03,BSNZ,ZZ,REP,"","",22029228,"",,"",0,0,23.306118,,0,,23.306118,,21.136115,,7.232037000000001,
2025,03,BSNZ,ZZ,REP,"","",22029229,"",,"",0,0,148.8152,,0,,148.8152,,73.64593599999999,,57.679002,
2025,03,BSNZ,ZZ,REP,"","",22029230,"",,"",0,0,61.174371,,0,,61.174371,,34.901653,,24.434396,
2025,03,BSNZ,ZZ,REP,"","",22029232,"",,"",0,0,0,,0,,0,,-0.016957,,-0.416513,
2025,03,BSNZ,ZZ,REP,"","",22029234,"",,"",0,0,0,,0,,0,,-0.01833,,-0.450232,
2025,03,BSNZ,ZZ,REP,"","",22029235,"",,"",0,0,0,,0,,0,,-0.03165,,-0.777401,
2025,03,BSNZ,ZZ,REP,"","",22029237,"",,"",0,0,0,,0,,0,,-0.04522,,-1.1107,
2025,03,BSNZ,ZZ,REP,"","",22029239,"",,"",0,0,58.265294,,0,,58.265294,,20.848028,,23.272447,
2025,03,BSNZ,ZZ,REP,"","",22029241,"",,"",0,0,0,,0,,0,,-0.035947,,-0.882966,
2025,03,BSNZ,ZZ,REP,"","",22029242,"",,"",0,0,0,,0,,0,,-0.0221,,-0.542833,
2025,03,BSNZ,ZZ,REP,"","",22029244,"",,"",0,0,42.15649,,0,,42.15649,,23.696482,,15.536521,
2025,03,BSNZ,ZZ,REP,"","",22029245,"",,"",0,0,0,,0,,0,,-0.188276,,-4.624555,
2025,03,BSNZ,ZZ,REP,"","",22029247,"",,"",0,0,47.025425,,0,,47.025425,,26.401632,,18.28793,
2025,03,BSNZ,ZZ,REP,"","",22029248,"",,"",0,0,0,,0,,0,,-0.033912,,-0.832961,
2025,03,BSNZ,ZZ,REP,"","",22029250,"",,"",0,0,67.003692,,0,,67.003692,,18.730779,,26.762756,
2025,03,BSNZ,ZZ,REP,"","",22029257,"",,"",0,0,0,,0,,0,,-0.039,,-0.957941,
2025,03,BSNZ,ZZ,REP,"","",22029258,"",,"",0,0,0,,0,,0,,-0.01898,,-0.466198,
2025,03,BSNZ,ZZ,REP,"","",22029259,"",,"",0,0,0,,0,,0,,-0.028259,,-0.694124,
2025,03,BSNZ,ZZ,REP,"","",22029262,"",,"",0,0,50.978642,,0,,50.978642,,28.473303,,20.361997,
2025,03,BSNZ,ZZ,REP,"","",22029265,"",,"",0,0,0,,0,,0,,-0.061836,,-1.518847,
2025,03,BSNZ,ZZ,REP,"","",22029268,"",,"",0,0,0,,0,,0,,-0.0468,,-1.149529,
2025,03,BSNZ,ZZ,REP,"","",22029278,"",,"",0,0,0,,0,,0,,-0.023736,,-0.583003,
2025,03,BSNZ,ZZ,REP,"","",22029279,"",,"",0,0,38.839807,,0,,38.839807,,27.295652,,15.513478,
2025,03,BSNZ,ZZ,REP,"","",22029281,"",,"",0,0,0,,0,,0,,-0.014693,,-0.360888,
2025,03,BSNZ,ZZ,REP,"","",22029283,"",,"",0,0,0,,0,,0,,-0.015824,,-0.388668,
2025,03,BSNZ,ZZ,REP,"","",22029284,"",,"",0,0,0,,0,,0,,-0.110331,,-2.710014,
2025,03,BSNZ,ZZ,REP,"","",22029286,"",,"",0,0,0,,0,,0,,-0.016957,,-0.416513,
2025,03,BSNZ,ZZ,REP,"","",22029287,"",,"",0,0,277.244526,,0,,277.244526,,177.282326,,110.737593,
2025,03,BSNZ,ZZ,REP,"","",22029292,"",,"",0,0,225.76894,,0,,225.76894,,100.716099,,90.177106,
2025,03,BSNZ,ZZ,REP,"","",22029293,"",,"",0,0,0,,0,,0,,-0.158261,,-3.887323,
2025,03,BSNZ,ZZ,REP,"","",22029298,"",,"",0,0,182.305879,,0,,182.305879,,106.554767,,65.84836299999999,
2025,03,BSNZ,ZZ,REP,"","",22029300,"",,"",0,0,0,,0,,0,,-0.42054,,-10.329601,
2025,03,BSNZ,ZZ,REP,"","",22029302,"",,"",0,0,302.00239,,0,,302.00239,,160.713795,,115.64788700000001,
2025,03,BSNZ,ZZ,REP,"","",22029305,"",,"",0,0,131.098307,,0,,131.098307,,74.79979599999999,,50.169942,
2025,03,BSNZ,ZZ,REP,"","",22029308,"",,"",0,0,0,,0,,0,,-0.085914,,-2.110279,
2025,03,BSNZ,ZZ,REP,"","",22029310,"",,"",0,0,0,,0,,0,,-0.101901,,-2.502971,
2025,03,BSNZ,ZZ,REP,"","",22029371,"",,"",0,0,0,,0,,0,,-0.0078,,-0.191588,
2025,03,BSNZ,ZZ,REP,"","",22029373,"",,"",0,0,0,,0,,0,,-0.023738,,-0.583067,
2025,03,BSNZ,ZZ,REP,"","",22029380,"",,"",0,0,836.608098,,0,,836.608098,,394.93914500000005,,313.02996199999995,
2025,03,BSNZ,ZZ,REP,"","",22029381,"",,"",0,0,698.909928,,0,,698.909928,,322.717394,,261.65479700000003,
2025,03,BSNZ,ZZ,REP,"","",22029382,"",,"",0,0,586.7401629999999,,0,,586.7401629999999,,293.90145399999994,,218.548674,
2025,03,BSNZ,ZZ,REP,"","",22029383,"",,"",0,0,480.053535,,0,,480.053535,,238.967079,,183.018561,
2025,03,BSNZ,ZZ,REP,"","",22029384,"",,"",0,0,177.208014,,0,,177.208014,,76.770872,,68.06471699999999,
2025,03,BSNZ,ZZ,REP,"","",22029385,"",,"",0,0,357.447946,,0,,357.447946,,154.57756599999996,,133.40267599999999,
2025,03,BSNZ,ZZ,REP,"","",22029386,"",,"",0,0,364.723431,,0,,364.723431,,155.470336,,135.56287300000002,
2025,03,BSNZ,ZZ,REP,"","",22029387,"",,"",0,0,1042.566279,,0,,1042.566279,,562.4065439999999,,378.83372900000023,
2025,03,BSNZ,ZZ,REP,"","",22029388,"",,"",0,0,839.500425,,0,,839.500425,,397.21311199999997,,318.075677,
2025,03,BSNZ,ZZ,REP,"","",22029389,"",,"",0,0,1841.7416480000002,,0,,1841.7416480000002,,873.3924760000001,,697.1534539999999,
2025,03,BSNZ,ZZ,REP,"","",22029390,"",,"",0,0,1105.0807280000001,,0,,1105.0807280000001,,556.397453,,411.4720799999999,
2025,03,BSNZ,ZZ,REP,"","",22029391,"",,"",0,0,117.742237,,0,,117.742237,,46.36467,,42.535537,
2025,03,BSNZ,ZZ,REP,"","",22029392,"",,"",0,0,47.098012,,0,,47.098012,,22.749492,,13.482261999999999,
2025,03,BSNZ,ZZ,REP,"","",22029393,"",,"",0,0,53.407526,,0,,53.407526,,23.031169,,20.860138,
2025,03,BSNZ,ZZ,REP,"","",22029394,"",,"",0,0,208.783504,,0,,208.783504,,137.15841799999998,,69.962676,
2025,03,BSNZ,ZZ,REP,"","",22029395,"",,"",0,0,355.164237,,0,,355.164237,,191.589799,,133.60562,
2025,03,BSNZ,ZZ,REP,"","",22029396,"",,"",0,0,83.017574,,0,,83.017574,,51.077948,,32.070578,
2025,03,BSNZ,ZZ,REP,"","",22029397,"",,"",0,0,0,,0,,0,,-0.108409,,-2.66282,
2025,03,BSNZ,ZZ,REP,"","",22029398,"",,"",0,0,95.16199399999999,,0,,95.16199399999999,,45.842371,,35.469218000000005,
2025,03,BSNZ,ZZ,REP,"","",22029399,"",,"",0,0,0,,0,,0,,-0.033685,,-0.827405,
2025,03,BSNZ,ZZ,REP,"","",22029400,"",,"",0,0,0,,0,,0,,-0.07483400000000001,,-1.8380969999999999,
2025,03,BSNZ,ZZ,REP,"","",22029401,"",,"",0,0,0,,0,,0,,-0.038321,,-0.941272,
2025,03,BSNZ,ZZ,REP,"","",22029402,"",,"",0,0,126.826821,,0,,126.826821,,94.26895300000001,,50.657436000000004,
2025,03,BSNZ,ZZ,REP,"","",22029404,"",,"",0,0,59.236847,,0,,59.236847,,23.086558999999998,,22.644898,
2025,03,BSNZ,ZZ,REP,"","",22029407,"",,"",0,0,0,,0,,0,,-0.0286,,-0.70249,
2025,03,BSNZ,ZZ,REP,"","",22029408,"",,"",0,0,544.287742,,0,,544.287742,,351.267413,,208.04409600000002,
2025,03,BSNZ,ZZ,REP,"","",22029409,"",,"",0,0,0,,0,,0,,-0.050175,,-1.2324220000000001,
2025,03,BSNZ,ZZ,REP,"","",22029410,"",,"",0,0,258.812928,,0,,258.812928,,117.804555,,100.324052,
2025,03,BSNZ,ZZ,REP,"","",22029411,"",,"",0,0,102.264385,,0,,102.264385,,46.040255,,40.846657,
2025,03,BSNZ,ZZ,REP,"","",22029412,"",,"",0,0,114.576314,,0,,114.576314,,48.525725,,42.721126999999996,
2025,03,BSNZ,ZZ,REP,"","",22029413,"",,"",0,0,0,,0,,0,,-0.043862,,-1.077363,
2025,03,BSNZ,ZZ,REP,"","",22029415,"",,"",0,0,0,,0,,0,,-0.067148,,-1.649318,
2025,03,BSNZ,ZZ,REP,"","",22029416,"",,"",0,0,43.697574,,0,,43.697574,,21.771029,,17.453777,
2025,03,BSNZ,ZZ,REP,"","",22029417,"",,"",0,0,39.81136,,0,,39.81136,,21.719348,,15.901537,
2025,03,BSNZ,ZZ,REP,"","",22029418,"",,"",0,0,0,,0,,0,,-0.02275,,-0.558799,
2025,03,BSNZ,ZZ,REP,"","",22029419,"",,"",0,0,0,,0,,0,,-0.039791,,-0.977355,
2025,03,BSNZ,ZZ,REP,"","",22029420,"",,"",0,0,199.062385,,0,,199.062385,,104.77533100000002,,75.202507,
2025,03,BSNZ,ZZ,REP,"","",22029422,"",,"",0,0,48.555342,,0,,48.555342,,24.906632,,19.394077,
2025,03,BSNZ,ZZ,REP,"","",22029424,"",,"",0,0,56.322187,,0,,56.322187,,19.683077,,21.946533000000002,
2025,03,BSNZ,ZZ,REP,"","",22029425,"",,"",0,0,0,,0,,0,,-0.060364,,-1.482701,
2025,03,BSNZ,ZZ,REP,"","",22029427,"",,"",0,0,115.55345,,0,,115.55345,,51.65818,,45.810319,
2025,03,BSNZ,ZZ,REP,"","",22029430,"",,"",0,0,52.435973,,0,,52.435973,,23.037466,,20.944087,
2025,03,BSNZ,ZZ,REP,"","",22029431,"",,"",0,0,0,,0,,0,,-0.021928,,-0.538618,
2025,03,BSNZ,ZZ,REP,"","",22029436,"",,"",0,0,0,,0,,0,,-0.049116,,-1.206431,
2025,03,BSNZ,ZZ,REP,"","",22029440,"",,"",0,0,0,,0,,0,,-0.015374,,-0.37762,
2025,03,BSNZ,ZZ,REP,"","",22029445,"",,"",0,0,53.407526,,0,,53.407526,,16.148801,,20.915698,
2025,03,BSNZ,ZZ,REP,"","",22029451,"",,"",0,0,65.546362,,0,,65.546362,,39.341481,,25.458762,
2025,03,BSNZ,ZZ,REP,"","",22029452,"",,"",0,0,0,,0,,0,,-0.031878,,-0.783021,
2025,03,BSNZ,ZZ,REP,"","",22029453,"",,"",0,0,47.583789,,0,,47.583789,,25.452075,,19.006017,
2025,03,BSNZ,ZZ,REP,"","",22029455,"",,"",0,0,48.555342,,0,,48.555342,,22.952738999999998,,18.58053,
2025,03,BSNZ,ZZ,REP,"","",22029460,"",,"",0,0,123.325879,,0,,123.325879,,86.012724,,45.239499,
2025,03,BSNZ,ZZ,REP,"","",22029466,"",,"",0,0,46.612235,,0,,46.612235,,26.516798,,18.617957,
2025,03,BSNZ,ZZ,REP,"","",22029468,"",,"",0,0,0,,0,,0,,-0.018088,,-0.444293,
2025,03,BSNZ,ZZ,REP,"","",22029469,"",,"",0,0,285.32405500000004,,0,,285.32405500000004,,191.632082,,110.360645,
2025,03,BSNZ,ZZ,REP,"","",22029471,"",,"",0,0,41.268691,,0,,41.268691,,26.445737,,16.483627,
2025,03,BSNZ,ZZ,REP,"","",22029473,"",,"",0,0,0,,0,,0,,-0.026678,,-0.655295,
2025,03,BSNZ,ZZ,REP,"","",22029501,"",,"",0,0,221.257358,,0,,221.257358,,116.260805,,79.970366,
2025,03,BSNZ,ZZ,REP,"","",22029502,"",,"",0,0,83.514518,,0,,83.514518,,40.162600000000005,,33.357545,
2025,03,BSNZ,ZZ,REP,"","",22029537,"",,"",0,0,0,,0,,0,,-0.022836,,-0.560906,
2025,03,BSNZ,ZZ,REP,"","",22029542,"",,"",0,0,0,,0,,0,,-0.018088,,-0.444293,
2025,03,BSNZ,ZZ,REP,"","",22029570,"",,"",0,0,0,,0,,0,,-0.082069,,-2.015827,
2025,03,BSNZ,ZZ,REP,"","",22029571,"",,"",0,0,36.790611,,0,,36.790611,,59.603266000000005,,14.694984,
2025,03,BSNZ,ZZ,REP,"","",22029573,"",,"",0,0,0,,0,,0,,-0.003617,,-0.088833,
2025,03,BSNZ,ZZ,REP,"","",22029574,"",,"",0,0,0,,0,,0,,-0.002938,,-0.072165,
2025,03,BSNZ,ZZ,REP,"","",22029576,"",,"",0,0,4.857768,,0,,4.857768,,4.520347,,1.9403,
2025,03,BSNZ,ZZ,REP,"","",22029577,"",,"",0,0,0,,0,,0,,-0.003864,,-0.0949,
2025,03,BSNZ,ZZ,REP,"","",22029579,"",,"",0,0,0,,0,,0,,-0.016052,,-0.394288,
2025,03,BSNZ,ZZ,REP,"","",22029580,"",,"",0,0,4.857768,,0,,4.857768,,10.894603,,1.884739,
2025,03,BSNZ,ZZ,REP,"","",22029583,"",,"",0,0,9.709952,,0,,9.709952,,5.680329,,3.767312,
2025,03,BSNZ,ZZ,REP,"","",22029589,"",,"",0,0,3.400437,,0,,3.400437,,2.557859,,1.35821,
2025,03,BSNZ,ZZ,REP,"","",22029594,"",,"",0,0,15.539273,,0,,15.539273,,11.625193999999999,,6.206729,
2025,03,BSNZ,ZZ,REP,"","",22029603,"",,"",0,0,19.419903,,0,,19.419903,,8.633717,,7.756739,
2025,03,BSNZ,ZZ,REP,"","",22029622,"",,"",0,0,217.694995,,0,,217.694995,,109.68734900000001,,83.925675,
2025,03,BSNZ,ZZ,REP,"","",22029623,"",,"",0,0,206.360204,,0,,206.360204,,86.675968,,77.036795,
2025,03,BSNZ,ZZ,REP,"","",22029624,"",,"",0,0,92.928537,,0,,92.928537,,57.510465999999994,,35.401721,
2025,03,BSNZ,ZZ,REP,"","",22029625,"",,"",0,0,167.514813,,0,,167.514813,,90.74672699999999,,63.24480499999999,
2025,03,BSNZ,ZZ,REP,"","",22029626,"",,"",0,0,90.79000299999998,,0,,90.79000299999998,,49.396786,,35.641575,
2025,03,BSNZ,ZZ,REP,"","",22029627,"",,"",0,0,0,,0,,0,,-0.06443600000000001,,-1.582709,
2025,03,BSNZ,ZZ,REP,"","",22029628,"",,"",0,0,0,,0,,0,,-0.075303,,-1.849656,
2025,03,BSNZ,ZZ,REP,"","",22029629,"",,"",0,0,78.176558,,0,,78.176558,,41.191315,,30.670095,
2025,03,BSNZ,ZZ,REP,"","",22029630,"",,"",0,0,1349.236594,,0,,1349.236594,,535.5422159999999,,510.9735199999999,
2025,03,BSNZ,ZZ,REP,"","",22029632,"",,"",0,0,42.726021,,0,,42.726021,,22.822042,,14.94605,
2025,03,BSNZ,ZZ,REP,"","",22029633,"",,"",0,0,43.697574,,0,,43.697574,,17.86248,,17.453777,
2025,03,BSNZ,ZZ,REP,"","",22029636,"",,"",0,0,0,,0,,0,,-0.024869,,-0.610847,
2025,03,BSNZ,ZZ,REP,"","",22029637,"",,"",0,0,0,,0,,0,,-0.00839,,-0.206085,
2025,03,BSNZ,ZZ,REP,"","",22029640,"",,"",0,0,48.555342,,0,,48.555342,,15.695611,,18.894287,
2025,03,BSNZ,ZZ,REP,"","",22029643,"",,"",0,0,451.113525,,0,,451.113525,,258.804409,,168.947305,
2025,03,BSNZ,ZZ,REP,"","",22029646,"",,"",0,0,292.78380000000004,,0,,292.78380000000004,,134.411765,,113.529902,
2025,03,BSNZ,ZZ,REP,"","",22029647,"",,"",0,0,0,,0,,0,,-0.020348,,-0.49979,
2025,03,BSNZ,ZZ,REP,"","",22029648,"",,"",0,0,90.24839,,0,,90.24839,,35.327353,,32.480662,
2025,03,BSNZ,ZZ,REP,"","",22029649,"",,"",0,0,49.041119,,0,,49.041119,,22.792281,,14.674638000000002,
2025,03,BSNZ,ZZ,REP,"","",22029650,"",,"",0,0,0,,0,,0,,-0.156632,,-3.847282,
2025,03,BSNZ,ZZ,REP,"","",22029651,"",,"",0,0,186.08042,,0,,186.08042,,102.44981,,69.527714,
2025,03,BSNZ,ZZ,REP,"","",22029652,"",,"",0,0,0,,0,,0,,-0.08172800000000001,,-2.00746,
2025,03,BSNZ,ZZ,REP,"","",22029653,"",,"",0,0,0,,0,,0,,-0.116597,,-2.8639219999999996,
2025,03,BSNZ,ZZ,REP,"","",22029656,"",,"",0,0,90.30981,,0,,90.30981,,30.268409000000002,,33.578278999999995,
2025,03,BSNZ,ZZ,REP,"","",22029659,"",,"",0,0,19.900097,,0,,19.900097,,55.793951,,7.948539,
2025,03,BSNZ,ZZ,REP,"","",22029662,"",,"",0,0,0,,0,,0,,-0.040695,,-0.999579,
2025,03,BSNZ,ZZ,REP,"","",22029663,"",,"",0,0,0,,0,,0,,-0.0156,,-0.383176,
2025,03,BSNZ,ZZ,REP,"","",22029664,"",,"",0,0,0,,0,,0,,-0.081109,,-1.992261,
2025,03,BSNZ,ZZ,REP,"","",22029668,"",,"",0,0,366.43202499999995,,0,,366.43202499999995,,225.540951,,143.404527,
2025,03,BSNZ,ZZ,REP,"","",22029669,"",,"",0,0,84.318563,,0,,84.318563,,61.678334,,33.190020999999994,
2025,03,BSNZ,ZZ,REP,"","",22029670,"",,"",0,0,0,,0,,0,,-0.054257,,-1.332687,
2025,03,BSNZ,ZZ,REP,"","",22029671,"",,"",0,0,12.138836,,0,,12.138836,,2.5593339999999998,,2.716143,
2025,03,BSNZ,ZZ,REP,"","",22029672,"",,"",0,0,51.950196,,0,,51.950196,,19.754693,,19.958734000000003,
2025,03,BSNZ,ZZ,REP,"","",22029673,"",,"",0,0,0,,0,,0,,-0.051095,,-1.255029,
2025,03,BSNZ,ZZ,REP,"","",22029674,"",,"",0,0,765.9750389999999,,0,,765.9750389999999,,395.613698,,287.839605,
2025,03,BSNZ,ZZ,REP,"","",22029675,"",,"",0,0,963.568929,,0,,963.568929,,532.966108,,369.021798,
2025,03,BSNZ,ZZ,REP,"","",22029676,"",,"",0,0,0,,0,,0,,-0.059686,,-1.466032,
2025,03,BSNZ,ZZ,REP,"","",22029677,"",,"",0,0,287.188991,,0,,287.188991,,84.490907,,111.674876,
2025,03,BSNZ,ZZ,REP,"","",22029681,"",,"",0,0,185.276376,,0,,185.276376,,96.790483,,73.370409,
2025,03,BSNZ,ZZ,REP,"","",22029683,"",,"",0,0,350.876001,,0,,350.876001,,185.69196599999998,,132.845059,
2025,03,BSNZ,ZZ,REP,"","",22029685,"",,"",0,0,669.311048,,0,,669.311048,,290.551615,,258.30501599999997,
2025,03,BSNZ,ZZ,REP,"","",22029686,"",,"",0,0,68.946799,,0,,68.946799,,28.93428,,26.683626,
2025,03,BSNZ,ZZ,REP,"","",22029687,"",,"",0,0,174.790298,,0,,174.790298,,149.73587,,63.861700000000006,
2025,03,BSNZ,ZZ,REP,"","",22029689,"",,"",0,0,0,,0,,0,,-0.012659,,-0.310948,
2025,03,BSNZ,ZZ,REP,"","",22029691,"",,"",0,0,0,,0,,0,,-0.020574,,-0.505346,
2025,03,BSNZ,ZZ,REP,"","",22029692,"",,"",0,0,55.825243,,0,,55.825243,,37.203566,,22.297836,
2025,03,BSNZ,ZZ,REP,"","",22029693,"",,"",0,0,145.213751,,0,,145.213751,,91.269376,,58.001583,
2025,03,BSNZ,ZZ,REP,"","",22029694,"",,"",0,0,0,,0,,0,,-0.052,,-1.277254,
2025,03,BSNZ,ZZ,REP,"","",22029695,"",,"",0,0,61.263709,,0,,61.263709,,56.505948,,24.47008,
2025,03,BSNZ,ZZ,REP,"","",22029696,"",,"",0,0,0,,0,,0,,-0.089073,,-2.187872,
2025,03,BSNZ,ZZ,REP,"","",22029697,"",,"",0,0,67.763067,,0,,67.763067,,36.636447,,27.066067,
2025,03,BSNZ,ZZ,REP,"","",22029699,"",,"",0,0,26.706555,,0,,26.706555,,17.100495000000002,,10.667188,
2025,03,BSNZ,ZZ,REP,"","",22029710,"",,"",0,0,0,,0,,0,,-0.040695,,-0.999579,
2025,03,BSNZ,ZZ,REP,"","",22029714,"",,"",0,0,146.631996,,0,,146.631996,,33.861051,,57.896098,
2025,03,BSNZ,ZZ,REP,"","",22029715,"",,"",0,0,0,,0,,0,,-0.104517,,-2.567217,
2025,03,BSNZ,ZZ,REP,"","",22029716,"",,"",0,0,513.449291,,0,,513.449291,,310.72298400000005,,190.81089699999998,
2025,03,BSNZ,ZZ,REP,"","",22029717,"",,"",0,0,101.73393899999999,,0,,101.73393899999999,,208.617462,,37.749786,
2025,03,BSNZ,ZZ,REP,"","",22029718,"",,"",0,0,0,,0,,0,,-0.267235,,-6.564001,
2025,03,BSNZ,ZZ,REP,"","",22029719,"",,"",0,0,0,,0,,0,,-0.081393,,-1.999222,
2025,03,BSNZ,ZZ,REP,"","",22029720,"",,"",0,0,382.607833,,0,,382.607833,,249.594938,,151.430906,
2025,03,BSNZ,ZZ,REP,"","",22029721,"",,"",0,0,156.341948,,0,,156.341948,,72.37691600000001,,61.069232,
2025,03,BSNZ,ZZ,REP,"","",22029722,"",,"",0,0,775.394642,,0,,775.394642,,463.995797,,283.020643,
2025,03,BSNZ,ZZ,REP,"","",22029723,"",,"",0,0,0,,0,,0,,-0.068063,,-1.671798,
2025,03,BSNZ,ZZ,REP,"","",22029724,"",,"",0,0,62.224095,,0,,62.224095,,34.249665,,23.171152,
2025,03,BSNZ,ZZ,REP,"","",22029725,"",,"",0,0,844.118095,,0,,844.118095,,567.3007170000001,,320.16358299999996,
2025,03,BSNZ,ZZ,REP,"","",22029726,"",,"",0,0,0,,0,,0,,-0.076869,,-1.888101,
2025,03,BSNZ,ZZ,REP,"","",22029727,"",,"",0,0,609.8285189999999,,0,,609.8285189999999,,275.843116,,224.322727,
2025,03,BSNZ,ZZ,REP,"","",22029728,"",,"",0,0,233.055591,,0,,233.055591,,155.15933,,90.088754,
2025,03,BSNZ,ZZ,REP,"","",22029729,"",,"",0,0,77.685197,,0,,77.685197,,40.006907999999996,,31.029185,
2025,03,BSNZ,ZZ,REP,"","",22029734,"",,"",0,0,0,,0,,0,,-0.167013,,-4.102285,
2025,03,BSNZ,ZZ,REP,"","",22029736,"",,"",0,0,1116.733784,,0,,1116.733784,,713.0811329999999,,425.377018,
2025,03,BSNZ,ZZ,REP,"","",22029738,"",,"",0,0,152.455734,,0,,152.455734,,85.782042,,60.894191,
2025,03,BSNZ,ZZ,REP,"","",22029741,"",,"",0,0,45.154905,,0,,45.154905,,16.538504,,17.269515,
2025,03,BSNZ,ZZ,REP,"","",22029742,"",,"",0,0,506.553496,,0,,506.553496,,338.252365,,187.890265,
2025,03,BSNZ,ZZ,REP,"","",22029744,"",,"",0,0,0,,0,,0,,-0.126609,,-3.109858,
2025,03,BSNZ,ZZ,REP,"","",22029752,"",,"",0,0,0,,0,,0,,-0.089528,,-2.199048,
2025,03,BSNZ,ZZ,REP,"","",22029759,"",,"",0,0,0,,0,,0,,-0.083652,,-2.054719,
2025,03,BSNZ,ZZ,REP,"","",22029775,"",,"",0,0,0,,0,,0,,-0.018993,,-0.466517,
2025,03,BSNZ,ZZ,REP,"","",22029782,"",,"",0,0,0,,0,,0,,-0.029616,,-0.72746,
2025,03,BSNZ,ZZ,REP,"","",22029802,"",,"",0,0,166.0519,,0,,166.0519,,135.780096,,66.3248,
2025,03,BSNZ,ZZ,REP,"","",22029805,"",,"",0,0,0,,0,,0,,-0.029414,,-0.722479,
2025,03,BSNZ,ZZ,REP,"","",22029806,"",,"",0,0,0,,0,,0,,-0.009266,,-0.227607,
2025,03,BSNZ,ZZ,REP,"","",22029807,"",,"",0,0,0,,0,,0,,-0.0195,,-0.47897,
2025,03,BSNZ,ZZ,REP,"","",22029811,"",,"",0,0,0,,0,,0,,-0.011305,,-0.277675,
2025,03,BSNZ,ZZ,REP,"","",22029814,"",,"",0,0,82.537381,,0,,82.537381,,31.422373999999998,,32.967255,
2025,03,BSNZ,ZZ,REP,"","",22029819,"",,"",0,0,0,,0,,0,,-0.0247,,-0.606696,
2025,03,BSNZ,ZZ,REP,"","",22029822,"",,"",0,0,86.418012,,0,,86.418012,,41.684706,,34.199867,
2025,03,BSNZ,ZZ,REP,"","",22029823,"",,"",0,0,83.754615,,0,,83.754615,,60.20468199999999,,31.513743,
2025,03,BSNZ,ZZ,REP,"","",22029824,"",,"",0,0,0,,0,,0,,-0.08907899999999999,,-2.1879999999999997,
2025,03,BSNZ,ZZ,REP,"","",22029825,"",,"",0,0,0,,0,,0,,-0.021026,,-0.516458,
2025,03,BSNZ,ZZ,REP,"","",22029828,"",,"",0,0,0,,0,,0,,-0.0351,,-0.862147,
2025,03,BSNZ,ZZ,REP,"","",22029830,"",,"",0,0,0,,0,,0,,-0.033912,,-0.832961,
2025,03,BSNZ,ZZ,REP,"","",22029831,"",,"",0,0,0,,0,,0,,-0.194437,,-4.775909,
2025,03,BSNZ,ZZ,REP,"","",22029837,"",,"",0,0,0,,0,,0,,-0.06104,,-1.499305,
2025,03,BSNZ,ZZ,REP,"","",22029838,"",,"",0,0,0,,0,,0,,-0.411309,,-10.102825,
2025,03,BSNZ,ZZ,REP,"","",22029839,"",,"",0,0,67.975246,,0,,67.975246,,34.363763,,26.117964,
2025,03,BSNZ,ZZ,REP,"","",22029840,"",,"",0,0,105.843499,,0,,105.843499,,57.580559,,40.943417999999994,
2025,03,BSNZ,ZZ,REP,"","",22029841,"",,"",0,0,29.135439,,0,,29.135439,,10.478684,,11.264891,
2025,03,BSNZ,ZZ,REP,"","",22029842,"",,"",0,0,201.56944,,0,,201.56944,,89.255962,,73.405161,
2025,03,BSNZ,ZZ,REP,"","",22029843,"",,"",0,0,178.235405,,0,,178.235405,,96.24765500000001,,68.987963,
2025,03,BSNZ,ZZ,REP,"","",22029845,"",,"",0,0,62.313432999999996,,0,,62.313432999999996,,15.753837,,23.657259,
2025,03,BSNZ,ZZ,REP,"","",22029846,"",,"",0,0,19.559494,,0,,19.559494,,8.949277,,7.288948,
2025,03,BSNZ,ZZ,REP,"","",22029848,"",,"",0,0,48.549758,,0,,48.549758,,21.812043,,18.814337,
2025,03,BSNZ,ZZ,REP,"","",22029852,"",,"",0,0,50.252769,,0,,50.252769,,7.368654,,20.072067,
2025,03,BSNZ,ZZ,REP,"","",22029857,"",,"",0,0,75.256313,,0,,75.256313,,39.507167,,27.766427999999998,
2025,03,BSNZ,ZZ,REP,"","",22029858,"",,"",0,0,68.461022,,0,,68.461022,,16.737446,,26.595160999999997,
2025,03,BSNZ,ZZ,REP,"","",22029862,"",,"",0,0,0,,0,,0,,-0.01898,,-0.466198,
2025,03,BSNZ,ZZ,REP,"","",22029870,"",,"",0,0,0,,0,,0,,-0.040355,,-0.9912129999999999,
2025,03,BSNZ,ZZ,REP,"","",22029872,"",,"",0,0,0,,0,,0,,-0.024643,,-0.605291,
2025,03,BSNZ,ZZ,REP,"","",22029873,"",,"",0,0,0,,0,,0,,-0.033912,,-0.832961,
2025,03,BSNZ,ZZ,REP,"","",22029874,"",,"",0,0,170.66398700000002,,0,,170.66398700000002,,48.334607999999996,,68.166969,
2025,03,BSNZ,ZZ,REP,"","",22029875,"",,"",0,0,0,,0,,0,,-0.102136,,-2.508719,
2025,03,BSNZ,ZZ,REP,"","",22029877,"",,"",0,0,47.583789,,0,,47.583789,,27.964714,,19.006017,
2025,03,BSNZ,ZZ,REP,"","",22029894,"",,"",0,0,435.283901,,0,,435.283901,,248.11652399999997,,169.147286,
2025,03,BSNZ,ZZ,REP,"","",22029895,"",,"",0,0,593.334444,,0,,593.334444,,300.060037,,236.990895,
2025,03,BSNZ,ZZ,REP,"","",22029896,"",,"",0,0,150.51821,,0,,150.51821,,65.119139,,60.120301,
2025,03,BSNZ,ZZ,REP,"","",22029897,"",,"",0,0,396.187247,,0,,396.187247,,235.370529,,158.245946,
2025,03,BSNZ,ZZ,REP,"","",22029898,"",,"",0,0,0,,0,,0,,-0.066695,,-1.638206,
2025,03,BSNZ,ZZ,REP,"","",22029899,"",,"",0,0,145.666026,,0,,145.666026,,86.278032,,58.182231,
2025,03,BSNZ,ZZ,REP,"","",22029901,"",,"",0,0,0,,0,,0,,-0.087042,,-2.137996,
2025,03,BSNZ,ZZ,REP,"","",22029905,"",,"",0,0,145.666026,,0,,145.666026,,83.655023,,56.29413,
2025,03,BSNZ,ZZ,REP,"","",22029908,"",,"",0,0,0,,0,,0,,-0.289389,,-7.108175,
2025,03,BSNZ,ZZ,REP,"","",22029914,"",,"",0,0,0,,0,,0,,-0.09518299999999999,,-2.33795,
2025,03,BSNZ,ZZ,REP,"","",22029915,"",,"",0,0,0,,0,,0,,-0.11247,,-2.762573,
2025,03,BSNZ,ZZ,REP,"","",22029918,"",,"",0,0,0,,0,,0,,-0.08528,,-2.094697,
2025,03,BSNZ,ZZ,REP,"","",22029926,"",,"",0,0,0,,0,,0,,-0.1131,,-2.778028,
2025,03,BSNZ,ZZ,REP,"","",22029928,"",,"",0,0,0,,0,,0,,-0.225182,,-5.531085,
2025,03,BSNZ,ZZ,REP,"","",22029938,"",,"",0,0,0,,0,,0,,-0.031728,,-0.779317,
2025,03,BSNZ,ZZ,REP,"","",22029940,"",,"",0,0,404.646463,,0,,404.646463,,233.64074499999998,,150.660729,
2025,03,BSNZ,ZZ,REP,"","",22029950,"",,"",0,0,241.79399,,0,,241.79399,,142.24815,,96.577865,
2025,03,BSNZ,ZZ,REP,"","",22029956,"",,"",0,0,285.977341,,0,,285.977341,,152.45480899999998,,97.867432,
2025,03,BSNZ,ZZ,REP,"","",22029957,"",,"",0,0,0,,0,,0,,-0.130678,,-3.209804,
2025,03,BSNZ,ZZ,REP,"","",22029961,"",,"",0,0,0,,0,,0,,-0.225635,,-5.542197,
2025,03,BSNZ,ZZ,REP,"","",22029963,"",,"",0,0,52.921749,,0,,52.921749,,33.530003,,21.138117,
2025,03,BSNZ,ZZ,REP,"","",22029968,"",,"",0,0,140.802675,,0,,140.802675,,58.568751,,56.239701,
2025,03,BSNZ,ZZ,REP,"","",22029970,"",,"",0,0,155.370394,,0,,155.370394,,83.535607,,60.787503,
2025,03,BSNZ,ZZ,REP,"","",22029975,"",,"",0,0,1441.059571,,0,,1441.059571,,714.4560329999998,,569.7040599999999,
2025,03,BSNZ,ZZ,REP,"","",22029976,"",,"",0,0,0,,0,,0,,-0.262261,,-6.441832,
2025,03,BSNZ,ZZ,REP,"","",22029977,"",,"",0,0,360.753462,,0,,360.753462,,260.00360300000006,,142.315864,
2025,03,BSNZ,ZZ,REP,"","",22029985,"",,"",0,0,213.630105,,0,,213.630105,,55.829706,,85.328587,
2025,03,BSNZ,ZZ,REP,"","",22029986,"",,"",0,0,198.219256,,0,,198.219256,,160.507878,,79.173153,
2025,03,BSNZ,ZZ,REP,"","",22029989,"",,"",0,0,597.5780110000001,,0,,597.5780110000001,,282.193314,,228.95644900000002,
2025,03,BSNZ,ZZ,REP,"","",22029991,"",,"",0,0,357.353024,,0,,357.353024,,290.26717299999996,,140.291247,
2025,03,BSNZ,ZZ,REP,"","",22029996,"",,"",0,0,0,,0,,0,,-0.25974899999999995,,-6.38014,
2025,03,BSNZ,ZZ,REP,"","",22029997,"",,"",0,0,0,,0,,0,,-0.05019,,-1.232806,
2025,03,BSNZ,ZZ,REP,"","",22029998,"",,"",0,0,251.509525,,0,,251.509525,,133.26458000000002,,98.668904,
2025,03,BSNZ,ZZ,REP,"","",22029999,"",,"",0,0,131.092723,,0,,131.092723,,57.926206,,49.762311,
2025,03,BSNZ,ZZ,REP,"","",22030002,"",,"",0,0,410.269189,,0,,410.269189,,199.075337,,157.86187,
2025,03,BSNZ,ZZ,REP,"","",22030003,"",,"",0,0,0,,0,,0,,-0.171547,,-4.213661,
2025,03,BSNZ,ZZ,REP,"","",22030004,"",,"",0,0,0,,0,,0,,-0.13067800000000002,,-3.209804,
2025,03,BSNZ,ZZ,REP,"","",22030010,"",,"",0,0,192.105169,,0,,192.105169,,129.610902,,70.84463600000001,
2025,03,BSNZ,ZZ,REP,"","",22030011,"",,"",0,0,538.748769,,0,,538.748769,,254.620334,,215.188169,
2025,03,BSNZ,ZZ,REP,"","",22030014,"",,"",0,0,440.38176599999997,,0,,440.38176599999997,,163.002395,,175.898213,
2025,03,BSNZ,ZZ,REP,"","",22030015,"",,"",0,0,429.21448399999997,,0,,429.21448399999997,,324.18712200000004,,167.85991,
2025,03,BSNZ,ZZ,REP,"","",22030016,"",,"",0,0,0,,0,,0,,-0.100609,,-2.471231,
2025,03,BSNZ,ZZ,REP,"","",22030019,"",,"",0,0,204.89729,,0,,204.89729,,125.095234,,61.937630000000006,
2025,03,BSNZ,ZZ,REP,"","",22030024,"",,"",0,0,531.450951,,0,,531.450951,,340.043726,,201.061265,
2025,03,BSNZ,ZZ,REP,"","",22030028,"",,"",0,0,0,,0,,0,,-0.170465,,-4.187095,
2025,03,BSNZ,ZZ,REP,"","",22030029,"",,"",0,0,0,,0,,0,,-0.028259,,-0.694124,
2025,03,BSNZ,ZZ,REP,"","",22030030,"",,"",0,0,116.525004,,0,,116.525004,,66.499255,,45.326462,
2025,03,BSNZ,ZZ,REP,"","",22030031,"",,"",0,0,383.568218,,0,,383.568218,,207.441083,,147.176732,
2025,03,BSNZ,ZZ,REP,"","",22030032,"",,"",0,0,0,,0,,0,,-0.071445,,-1.754883,
2025,03,BSNZ,ZZ,REP,"","",22030033,"",,"",0,0,133.521607,,0,,133.521607,,62.03987,,53.331482,
2025,03,BSNZ,ZZ,REP,"","",22030034,"",,"",0,0,0,,0,,0,,-0.050869,,-1.249474,
2025,03,BSNZ,ZZ,REP,"","",22030038,"",,"",0,0,0,,0,,0,,-0.10022700000000001,,-2.461843,
2025,03,BSNZ,ZZ,REP,"","",22030041,"",,"",0,0,354.438363,,0,,354.438363,,234.704098,,138.83828,
2025,03,BSNZ,ZZ,REP,"","",22030042,"",,"",0,0,655.742799,,0,,655.742799,,424.020425,,261.918172,
2025,03,BSNZ,ZZ,REP,"","",22030043,"",,"",0,0,0,,0,,0,,-0.0000030000000000030003,,-0.000064000000000064,
2025,03,BSNZ,ZZ,REP,"","",22030044,"",,"",0,0,118.931553,,0,,118.931553,,120.51316,,47.503892,
2025,03,BSNZ,ZZ,REP,"","",22030047,"",,"",0,0,0,,0,,0,,-0.030352,,-0.745533,
2025,03,BSNZ,ZZ,REP,"","",22030067,"",,"",0,0,0,,0,,0,,-0.02964,,-0.728035,
2025,03,BSNZ,ZZ,REP,"","",22030086,"",,"",0,0,223.340056,,0,,223.340056,,146.469654,,89.206956,
2025,03,BSNZ,ZZ,REP,"","",22030089,"",,"",0,0,266.551854,,0,,266.551854,,196.2641,,106.466704,
2025,03,BSNZ,ZZ,REP,"","",22030098,"",,"",0,0,0,,0,,0,,-0.211119,,-5.185652,
2025,03,BSNZ,ZZ,REP,"","",22030102,"",,"",0,0,9.709952,,0,,9.709952,,2.208435,,3.795092,
2025,03,BSNZ,ZZ,REP,"","",22030103,"",,"",0,0,7.281068,,0,,7.281068,,4.5358220000000005,,2.908219,
2025,03,BSNZ,ZZ,REP,"","",22030105,"",,"",0,0,199.067969,,0,,199.067969,,114.068855,,79.512148,
2025,03,BSNZ,ZZ,REP,"","",22030106,"",,"",0,0,0,,0,,0,,-0.08139,,-1.999158,
2025,03,BSNZ,ZZ,REP,"","",22030825,"",,"",0,0,663.241629,,0,,663.241629,,302.828694,,262.90476,
2025,03,BSNZ,ZZ,REP,"","",22030828,"",,"",0,0,0,,0,,0,,-0.0988,,-2.426783,
2025,03,BSNZ,ZZ,REP,"","",22030829,"",,"",0,0,0,,0,,0,,-0.109415,,-2.687534,
2025,03,BSNZ,ZZ,REP,"","",22030830,"",,"",0,0,0,,0,,0,,-0.092094,,-2.262081,
2025,03,BSNZ,ZZ,REP,"","",22030834,"",,"",0,0,169.938114,,0,,169.938114,,99.36501700000001,,67.87704,
2025,03,BSNZ,ZZ,REP,"","",22030835,"",,"",0,0,211.619994,,0,,211.619994,,128.446144,,84.525704,
2025,03,BSNZ,ZZ,REP,"","",22030837,"",,"",0,0,175.655762,,0,,175.655762,,162.028085,,70.160795,
2025,03,BSNZ,ZZ,REP,"","",22030840,"",,"",0,0,43.697574,,0,,43.697574,,24.190393000000004,,15.848461,
2025,03,BSNZ,ZZ,REP,"","",22030841,"",,"",0,0,0,,0,,0,,-0.021479,,-0.52757,
2025,03,BSNZ,ZZ,REP,"","",22030842,"",,"",0,0,0,,0,,0,,-0.090656,,-2.226765,
2025,03,BSNZ,ZZ,REP,"","",22030843,"",,"",0,0,48.549758,,0,,48.549758,,32.751909,,18.714326999999997,
2025,03,BSNZ,ZZ,REP,"","",22030844,"",,"",0,0,0,,0,,0,,-0.02261,,-0.55535,
2025,03,BSNZ,ZZ,REP,"","",22030845,"",,"",0,0,38.84539,,0,,38.84539,,16.960407,,15.515708,
2025,03,BSNZ,ZZ,REP,"","",22030846,"",,"",0,0,29.129855,,0,,29.129855,,3.1792030000000002,,11.635108,
2025,03,BSNZ,ZZ,REP,"","",22030847,"",,"",0,0,24.277671,,0,,24.277671,,4.773943,,9.308306,
2025,03,BSNZ,ZZ,REP,"","",22030848,"",,"",0,0,0,,0,,0,,-0.047476,,-1.166133,
2025,03,BSNZ,ZZ,REP,"","",22030855,"",,"",0,0,0,,0,,0,,-0.024866,,-0.610783,
2025,03,BSNZ,ZZ,REP,"","",22030870,"",,"",0,0,114.587481,,0,,114.587481,,21.467169999999996,,42.716327,
2025,03,BSNZ,ZZ,REP,"","",22030871,"",,"",0,0,87.640829,,0,,87.640829,,34.393737,,35.005685,
2025,03,BSNZ,ZZ,REP,"","",22030872,"",,"",0,0,129.467884,,0,,129.467884,,17.501886000000002,,50.908943,
2025,03,BSNZ,ZZ,REP,"","",22030873,"",,"",0,0,120.90257799999999,,0,,120.90257799999999,,30.076087,,46.852911,
2025,03,BSNZ,ZZ,REP,"","",22030874,"",,"",0,0,0,,0,,0,,-0.002257,,-0.055433,
2025,03,BSNZ,ZZ,REP,"","",22030875,"",,"",0,0,0,,0,,0,,-0.001131,,-0.02778,
2025,03,BSNZ,ZZ,REP,"","",22030876,"",,"",0,0,0,,0,,0,,-0.08732299999999998,,-2.1448929999999997,
2025,03,BSNZ,ZZ,REP,"","",22030877,"",,"",0,0,140.082385,,0,,140.082385,,40.506620999999996,,48.530263000000005,
2025,03,BSNZ,ZZ,REP,"","",22030879,"",,"",0,0,0,,0,,0,,-0.013564,,-0.333172,
2025,03,BSNZ,ZZ,REP,"","",22030881,"",,"",0,0,0,,0,,0,,-0.02939,,-0.721904,
2025,03,BSNZ,ZZ,REP,"","",22030884,"",,"",0,0,0,,0,,0,,-0.020347999999999998,,-0.49979,
2025,03,BSNZ,ZZ,REP,"","",22030886,"",,"",0,0,26.382704,,0,,26.382704,,14.223263,,9.231395,
2025,03,BSNZ,ZZ,REP,"","",22030889,"",,"",0,0,136.754536,,0,,136.754536,,40.602675,,51.333152999999996,
2025,03,BSNZ,ZZ,REP,"","",22030902,"",,"",0,0,0,,0,,0,,-0.049738,,-1.221694,
2025,03,BSNZ,ZZ,REP,"","",22030912,"",,"",0,0,920.089115,,0,,920.089115,,503.920884,,357.9244,
2025,03,BSNZ,ZZ,REP,"","",22030913,"",,"",0,0,0,,0,,0,,-0.047478,,-1.166197,
2025,03,BSNZ,ZZ,REP,"","",22030914,"",,"",0,0,381.619528,,0,,381.619528,,122.37434999999999,,147.99590700000002,
2025,03,BSNZ,ZZ,REP,"","",22030915,"",,"",0,0,0,,0,,0,,-0.07099,,-1.743707,
2025,03,BSNZ,ZZ,REP,"","",22030916,"",,"",0,0,359.290547,,0,,359.290547,,216.661863,,136.27466700000002,
2025,03,BSNZ,ZZ,REP,"","",22030917,"",,"",0,0,444.26797999999997,,0,,444.26797999999997,,220.05040000000002,,170.830827,
2025,03,BSNZ,ZZ,REP,"","",22030918,"",,"",0,0,0,,0,,0,,-0.056521,,-1.388311,
2025,03,BSNZ,ZZ,REP,"","",22030919,"",,"",0,0,0,,0,,0,,-0.111802,,-2.74616,
2025,03,BSNZ,ZZ,REP,"","",22030920,"",,"",0,0,0,,0,,0,,-0.04974,,-1.221757,
2025,03,BSNZ,ZZ,REP,"","",22030921,"",,"",0,0,94.6818,,0,,94.6818,,54.219198,,35.742083,
2025,03,BSNZ,ZZ,REP,"","",22030925,"",,"",0,0,301.030837,,0,,301.030837,,145.529703,,119.501205,
2025,03,BSNZ,ZZ,REP,"","",22030991,"",,"",0,0,0,,0,,0,,0,,0,
2025,03,BSNZ,ZZ,REP,"","",22030995,"",,"",0,0,77.188253,,0,,77.188253,,27.280765,,30.830695,
2025,03,BSNZ,ZZ,REP,"","",22030997,"",,"",0,0,0,,0,,0,,-0.054259,,-1.332751,
2025,03,BSNZ,ZZ,REP,"","",22030998,"",,"",0,0,367.06856,,0,,367.06856,,142.909054,,146.615298,
2025,03,BSNZ,ZZ,REP,"","",22030999,"",,"",0,0,0,,0,,0,,-0.098486,,-2.419055,
2025,03,BSNZ,ZZ,REP,"","",22031001,"",,"",0,0,0,,0,,0,,-0.021479,,-0.52757,
2025,03,BSNZ,ZZ,REP,"","",22031008,"",,"",0,0,0,,0,,0,,-0.079128,,-1.943598,
2025,03,BSNZ,ZZ,REP,"","",22031011,"",,"",0,0,16.99102,,0,,16.99102,,9.723728000000001,,6.786589,
2025,03,BSNZ,ZZ,REP,"","",22031015,"",,"",0,0,0,,0,,0,,-0.013564,,-0.333172,
2025,03,BSNZ,ZZ,REP,"","",22031017,"",,"",0,0,0,,0,,0,,-0.135652,,-3.331973,
2025,03,BSNZ,ZZ,REP,"","",22031023,"",,"",0,0,67.975246,,0,,67.975246,,24.327341,,27.150816,
2025,03,BSNZ,ZZ,REP,"","",22031024,"",,"",0,0,0,,0,,0,,-0.151478,,-3.720705,
2025,03,BSNZ,ZZ,REP,"","",22031025,"",,"",0,0,0,,0,,0,,-0.1144,,-2.809959,
2025,03,BSNZ,ZZ,REP,"","",22031026,"",,"",0,0,0,,0,,0,,-0.018764,,-0.460897,
2025,03,BSNZ,ZZ,REP,"","",22031037,"",,"",0,0,0,,0,,0,,-0.027809,,-0.683076,
2025,03,BSNZ,ZZ,REP,"","",22031042,"",,"",0,0,0,,0,,0,,-0.027131,,-0.666407,
2025,03,BSNZ,ZZ,REP,"","",22031047,"",,"",0,0,41.268691,,0,,41.268691,,22.883374,,16.483627,
2025,03,BSNZ,ZZ,REP,"","",22031057,"",,"",0,0,13.06572,,0,,13.06572,,6.701029999999999,,5.218737,
2025,03,BSNZ,ZZ,REP,"","",22031061,"",,"",0,0,0,,0,,0,,0,,0,
2025,03,BSNZ,ZZ,REP,"","",22031062,"",,"",0,0,212.116939,,0,,212.116939,,73.45396899999999,,82.668964,
2025,03,BSNZ,ZZ,REP,"","",22031072,"",,"",0,0,14.567719,,0,,14.567719,,8.904208,,5.818669,
2025,03,BSNZ,ZZ,REP,"","",22031078,"",,"",0,0,55.83641,,0,,55.83641,,17.690808,,21.663669000000002,
2025,03,BSNZ,ZZ,REP,"","",22031083,"",,"",0,0,79.73439400000001,,0,,79.73439400000001,,1.0603449999999999,,31.847679,
2025,03,BSNZ,ZZ,REP,"","",22031086,"",,"",0,0,0,,0,,0,,-0.00339,,-0.083277,
2025,03,BSNZ,ZZ,REP,"","",22031088,"",,"",0,0,141.288452,,0,,141.288452,,115.64728199999999,,53.046197,
2025,03,BSNZ,ZZ,REP,"","",22031089,"",,"",0,0,126.234956,,0,,126.234956,,112.793187,,50.421032,
2025,03,BSNZ,ZZ,REP,"","",22031090,"",,"",0,0,0,,0,,0,,-0.160341,,-3.938413,
2025,03,BSNZ,ZZ,REP,"","",22031091,"",,"",0,0,75.74209,,0,,75.74209,,37.777104,,28.92025,
2025,03,BSNZ,ZZ,REP,"","",22031094,"",,"",0,0,0,,0,,0,,-0.114402,,-2.810023,
2025,03,BSNZ,ZZ,REP,"","",22031122,"",,"",0,0,68.215342,,0,,68.215342,,22.057991,,27.246716,
2025,03,BSNZ,ZZ,REP,"","",22031125,"",,"",0,0,0,,0,,0,,-0.018088,,-0.444293,
2025,03,BSNZ,ZZ,REP,"","",22031134,"",,"",0,0,293.01831200000004,,0,,293.01831200000004,,275.867683,,111.351466,
2025,03,BSNZ,ZZ,REP,"","",22031135,"",,"",0,0,55.83641,,0,,55.83641,,28.457266,,17.304338,
2025,03,BSNZ,ZZ,REP,"","",22031145,"",,"",0,0,0,,0,,0,,-0.045209,,-1.110445,
2025,03,BSNZ,ZZ,REP,"","",22031162,"",,"",0,0,0,,0,,0,,-0.049738,,-1.221694,
2025,03,BSNZ,ZZ,REP,"","",22031166,"",,"",0,0,48.555342,,0,,48.555342,,26.749234,,19.394077,
2025,03,BSNZ,ZZ,REP,"","",22031167,"",,"",0,0,0,,0,,0,,-0.231287,,-5.681035,
2025,03,BSNZ,ZZ,REP,"","",22031169,"",,"",0,0,177.219182,,0,,177.219182,,91.82726,,74.03395499999999,
2025,03,BSNZ,ZZ,REP,"","",22031170,"",,"",0,0,0,,0,,0,,-0.105131,,-2.582289,
2025,03,BSNZ,ZZ,REP,"","",22031171,"",,"",0,0,931.73659,,0,,931.73659,,833.148102,,364.37043600000004,
2025,03,BSNZ,ZZ,REP,"","",22031172,"",,"",0,0,0,,0,,0,,-0.132261,,-3.248696,
2025,03,BSNZ,ZZ,REP,"","",22031174,"",,"",0,0,0,,0,,0,,-0.109522,,-2.6901529999999996,
2025,03,BSNZ,ZZ,REP,"","",22031188,"",,"",0,0,26.706555,,0,,26.706555,,4.59314,,10.667188,
2025,03,BSNZ,ZZ,REP,"","",22031190,"",,"",0,0,0,,0,,0,,-0.013564,,-0.333172,
2025,03,BSNZ,ZZ,REP,"","",22031192,"",,"",0,0,0,,0,,0,,-0.014469,,-0.355396,
2025,03,BSNZ,ZZ,REP,"","",22031194,"",,"",0,0,0,,0,,0,,-0.0234,,-0.574764,
2025,03,BSNZ,ZZ,REP,"","",22031198,"",,"",0,0,0,,0,,0,,-0.018088,,-0.444293,
2025,03,BSNZ,ZZ,REP,"","",22031200,"",,"",0,0,59.231264,,0,,59.231264,,22.259608,,23.041873000000002,
2025,03,BSNZ,ZZ,REP,"","",22031201,"",,"",0,0,173.349718,,0,,173.349718,,60.101552999999996,,69.23971,
2025,03,BSNZ,ZZ,REP,"","",22031204,"",,"",0,0,0,,0,,0,,-0.017862,,-0.438737,
2025,03,BSNZ,ZZ,REP,"","",22031207,"",,"",0,0,51.950196,,0,,51.950196,,30.274561999999996,,19.417242,
2025,03,BSNZ,ZZ,REP,"","",22031218,"",,"",0,0,36.902283,,0,,36.902283,,33.522744,,13.073665,
2025,03,BSNZ,ZZ,REP,"","",22031219,"",,"",0,0,0,,0,,0,,-0.050643,,-1.243918,
2025,03,BSNZ,ZZ,REP,"","",22031225,"",,"",0,0,0,,0,,0,,-0.0208,,-0.510902,
2025,03,BSNZ,ZZ,REP,"","",22031230,"",,"",0,0,0,,0,,0,,-0.013564,,-0.333172,
2025,03,BSNZ,ZZ,REP,"","",22031248,"",,"",0,0,273.35831199999996,,0,,273.35831199999996,,173.209504,,106.41984199999999,
2025,03,BSNZ,ZZ,REP,"","",22031252,"",,"",0,0,78.170974,,0,,78.170974,,25.079656999999997,,29.502371,
2025,03,BSNZ,ZZ,REP,"","",22031256,"",,"",0,0,229.169377,,0,,229.169377,,119.059895,,85.387764,
2025,03,BSNZ,ZZ,REP,"","",22031257,"",,"",0,0,0,,0,,0,,-0.122767,,-3.015469,
2025,03,BSNZ,ZZ,REP,"","",22031258,"",,"",0,0,700.283503,,0,,700.283503,,386.442506,,271.331076,
2025,03,BSNZ,ZZ,REP,"","",22031259,"",,"",0,0,320.456324,,0,,320.456324,,93.599834,,127.997341,
2025,03,BSNZ,ZZ,REP,"","",22031260,"",,"",0,0,62.631701,,0,,62.631701,,39.918393,,25.016486,
2025,03,BSNZ,ZZ,REP,"","",22031261,"",,"",0,0,0,,0,,0,,-0.032105,,-0.788577,
2025,03,BSNZ,ZZ,REP,"","",22031262,"",,"",0,0,0,,0,,0,,-0.052,,-1.277254,
2025,03,BSNZ,ZZ,REP,"","",22031263,"",,"",0,0,442.330457,,0,,442.330457,,234.658598,,164.003838,
2025,03,BSNZ,ZZ,REP,"","",22031270,"",,"",0,0,223.831417,,0,,223.831417,,160.866439,,86.415591,
2025,03,BSNZ,ZZ,REP,"","",22031271,"",,"",0,0,0,,0,,0,,-0.079131,,-1.943662,
2025,03,BSNZ,ZZ,REP,"","",22031274,"",,"",0,0,288.886418,,0,,288.886418,,118.730743,,115.387622,
2025,03,BSNZ,ZZ,REP,"","",22031277,"",,"",0,0,0,,0,,0,,-0.02106,,-0.517288,
2025,03,BSNZ,ZZ,REP,"","",22031278,"",,"",0,0,0,,0,,0,,-0.062852,,-1.543817,
2025,03,BSNZ,ZZ,REP,"","",22031280,"",,"",0,0,0,,0,,0,,-0.02939,,-0.721904,
2025,03,BSNZ,ZZ,REP,"","",22031286,"",,"",0,0,0,,0,,0,,-0.0468,,-1.149529,
2025,03,BSNZ,ZZ,REP,"","",22031290,"",,"",0,0,101.957285,,0,,101.957285,,17.325089,,40.723994,
2025,03,BSNZ,ZZ,REP,"","",22031294,"",,"",0,0,97.110684,,0,,97.110684,,33.193674,,37.899568,
2025,03,BSNZ,ZZ,REP,"","",22031303,"",,"",0,0,0,,0,,0,,-0.067823,,-1.665923,
2025,03,BSNZ,ZZ,REP,"","",22031304,"",,"",0,0,78.656751,,0,,78.656751,,49.512018,,31.417245,
2025,03,BSNZ,ZZ,REP,"","",22031308,"",,"",0,0,0,,0,,0,,-0.038433,,-0.944019,
2025,03,BSNZ,ZZ,REP,"","",22031310,"",,"",0,0,0,,0,,0,,-0.040248,,-0.988595,
2025,03,BSNZ,ZZ,REP,"","",22031312,"",,"",0,0,65.060585,,0,,65.060585,,33.250324,,25.986636,
2025,03,BSNZ,ZZ,REP,"","",22031315,"",,"",0,0,0,,0,,0,,-0.057878,,-1.421648,
2025,03,BSNZ,ZZ,REP,"","",22031321,"",,"",0,0,0,,0,,0,,-0.1144,,-2.809959,
2025,03,BSNZ,ZZ,REP,"","",22031322,"",,"",0,0,305.894189,,0,,305.894189,,165.88184,,122.180902,
2025,03,BSNZ,ZZ,REP,"","",22031323,"",,"",0,0,0,,0,,0,,-0.125024,,-3.070902,
2025,03,BSNZ,ZZ,REP,"","",22031327,"",,"",0,0,0,,0,,0,,-0.108071,,-2.654517,
2025,03,BSNZ,ZZ,REP,"","",22031328,"",,"",0,0,135.956075,,0,,135.956075,,76.62879600000001,,54.303862,
2025,03,BSNZ,ZZ,REP,"","",22031340,"",,"",0,0,390.36351,,0,,390.36351,,221.662875,,151.654937,
2025,03,BSNZ,ZZ,REP,"","",22031348,"",,"",0,0,0,,0,,0,,-0.061269000000000004,,-1.504925,
2025,03,BSNZ,ZZ,REP,"","",22031352,"",,"",0,0,0,,0,,0,,-0.023057,,-0.566334,
2025,03,BSNZ,ZZ,REP,"","",22031353,"",,"",0,0,68.946799,,0,,68.946799,,40.739415,,27.538876,
2025,03,BSNZ,ZZ,REP,"","",22031358,"",,"",0,0,50.252769,,0,,50.252769,,17.69839,,20.072067,
2025,03,BSNZ,ZZ,REP,"","",22031359,"",,"",0,0,128.66384,,0,,128.66384,,50.394798,,51.391182,
2025,03,BSNZ,ZZ,REP,"","",22031360,"",,"",0,0,0,,0,,0,,-0.032105,,-0.788577,
2025,03,BSNZ,ZZ,REP,"","",22031363,"",,"",0,0,47.583789,,0,,47.583789,,20.482635000000002,,19.006017,
2025,03,BSNZ,ZZ,REP,"","",22031364,"",,"",0,0,0,,0,,0,,-0.018538,,-0.455341,
2025,03,BSNZ,ZZ,REP,"","",22031365,"",,"",0,0,0,,0,,0,,-0.021026,,-0.516458,
2025,03,BSNZ,ZZ,REP,"","",22031366,"",,"",0,0,0,,0,,0,,-0.021026,,-0.516458,
2025,03,BSNZ,ZZ,REP,"","",22031368,"",,"",0,0,0,,0,,0,,-0.017636,,-0.433181,
2025,03,BSNZ,ZZ,REP,"","",22031372,"",,"",0,0,67.975246,,0,,67.975246,,34.405813,,27.150816,
2025,03,BSNZ,ZZ,REP,"","",22031375,"",,"",0,0,31.078546,,0,,31.078546,,35.48973,,12.413458,
2025,03,BSNZ,ZZ,REP,"","",22031376,"",,"",0,0,37.873837,,0,,37.873837,,19.702005,,14.21141,
2025,03,BSNZ,ZZ,REP,"","",22031386,"",,"",0,0,606.919442,,0,,606.919442,,512.4473179999999,,238.58534500000002,
2025,03,BSNZ,ZZ,REP,"","",22031388,"",,"",0,0,0,,0,,0,,-0.085914,,-2.110279,
2025,03,BSNZ,ZZ,REP,"","",22031389,"",,"",0,0,0,,0,,0,,-0.049626,,-1.218948,
2025,03,BSNZ,ZZ,REP,"","",22031399,"",,"",0,0,0.971554,,0,,0.971554,,3.89355,,0.38806,
2025,03,BSNZ,ZZ,REP,"","",22031408,"",,"",0,0,48.069565,,0,,48.069565,,21.255884,,18.833539000000002,
2025,03,BSNZ,ZZ,REP,"","",22031412,"",,"",0,0,13.596166,,0,,13.596166,,11.878536,,5.430609,
2025,03,BSNZ,ZZ,REP,"","",22031418,"",,"",0,0,0,,0,,0,,-0.040698,,-0.999643,
2025,03,BSNZ,ZZ,REP,"","",22031424,"",,"",0,0,150.512627,,0,,150.512627,,91.898207,,60.118071,
2025,03,BSNZ,ZZ,REP,"","",22031430,"",,"",0,0,0,,0,,0,,-0.011305,,-0.277675,
2025,03,BSNZ,ZZ,REP,"","",22031431,"",,"",0,0,0,,0,,0,,-0.011305,,-0.277675,
2025,03,BSNZ,ZZ,REP,"","",22031451,"",,"",0,0,7.281068,,0,,7.281068,,2.944484,,2.908219,
2025,03,BSNZ,ZZ,REP,"","",22031455,"",,"",0,0,0,,0,,0,,-0.149674,,-3.676384,
2025,03,BSNZ,ZZ,REP,"","",22031457,"",,"",0,0,0,,0,,0,,-0.072686,,-1.785345,
2025,03,BSNZ,ZZ,REP,"","",22031459,"",,"",0,0,0,,0,,0,,-0.020348,,-0.49979,
2025,03,BSNZ,ZZ,REP,"","",22031461,"",,"",0,0,72.101556,,0,,72.101556,,48.349594,,27.760547,
2025,03,BSNZ,ZZ,REP,"","",22031465,"",,"",0,0,0,,0,,0,,-0.016957,,-0.416513,
2025,03,BSNZ,ZZ,REP,"","",22031467,"",,"",0,0,0,,0,,0,,-0.057541,,-1.413346,
2025,03,BSNZ,ZZ,REP,"","",22031469,"",,"",0,0,0,,0,,0,,-0.032783,,-0.805245,
2025,03,BSNZ,ZZ,REP,"","",22031470,"",,"",0,0,292.05234199999995,,0,,292.05234199999995,,138.734556,,111.17095499999999,
2025,03,BSNZ,ZZ,REP,"","",22031478,"",,"",0,0,39.325584,,0,,39.325584,,19.116495,,15.707508,
2025,03,BSNZ,ZZ,REP,"","",22031480,"",,"",0,0,0,,0,,0,,-0.062067,,-1.524531,
2025,03,BSNZ,ZZ,REP,"","",22031498,"",,"",0,0,90.30981,,0,,90.30981,,61.402120000000004,,34.933318,
2025,03,BSNZ,ZZ,REP,"","",22031499,"",,"",0,0,0,,0,,0,,-0.022688,,-0.557266,
2025,03,BSNZ,ZZ,REP,"","",22031501,"",,"",0,0,0,,0,,0,,-0.024869,,-0.610847,
2025,03,BSNZ,ZZ,REP,"","",22031528,"",,"",0,0,0,,0,,0,,-0.065787,,-1.615918,
2025,03,BSNZ,ZZ,REP,"","",22031529,"",,"",0,0,0,,0,,0,,-0.044311,,-1.088412,
2025,03,BSNZ,ZZ,REP,"","",22031530,"",,"",0,0,0,,0,,0,,-0.013153,,-0.323081,
2025,03,BSNZ,ZZ,REP,"","",22031532,"",,"",0,0,28.163885,,0,,28.163885,,6.798704,,10.499594,
2025,03,BSNZ,ZZ,REP,"","",22031548,"",,"",0,0,185.13120099999998,,0,,185.13120099999998,,130.885704,,73.945495,
2025,03,BSNZ,ZZ,REP,"","",22031549,"",,"",0,0,141.774229,,0,,141.774229,,143.151497,,56.627761,
2025,03,BSNZ,ZZ,REP,"","",22031550,"",,"",0,0,0,,0,,0,,-0.194661,,-4.781401,
2025,03,BSNZ,ZZ,REP,"","",22031552,"",,"",0,0,18.738699,,0,,18.738699,,17.279301,,7.484651,
2025,03,BSNZ,ZZ,REP,"","",22031555,"",,"",0,0,0,,0,,0,,-0.067823,,-1.665923,
2025,03,BSNZ,ZZ,REP,"","",22031567,"",,"",0,0,14.562136,,0,,14.562136,,5.771642999999999,,5.677601,
2025,03,BSNZ,ZZ,REP,"","",22031578,"",,"",0,0,67.003692,,0,,67.003692,,50.678580000000004,,25.621529,
2025,03,BSNZ,ZZ,REP,"","",22031585,"",,"",0,0,0,,0,,0,,-0.011302,,-0.277611,
2025,03,BSNZ,ZZ,REP,"","",22031586,"",,"",0,0,0,,0,,0,,-0.018088,,-0.444293,
2025,03,BSNZ,ZZ,REP,"","",22031597,"",,"",0,0,0,,0,,0,,-0.066921,,-1.643762,
2025,03,BSNZ,ZZ,REP,"","",22031604,"",,"",0,0,65.484941,,0,,65.484941,,59.557734,,24.168087999999997,
2025,03,BSNZ,ZZ,REP,"","",22031608,"",,"",0,0,0,,0,,0,,-0.170468,,-4.187159,
2025,03,BSNZ,ZZ,REP,"","",22031612,"",,"",0,0,140.791508,,0,,140.791508,,53.300079,,54.374921,
2025,03,BSNZ,ZZ,REP,"","",22031614,"",,"",0,0,161.194132,,0,,161.194132,,91.20521600000001,,57.58861400000001,
2025,03,BSNZ,ZZ,REP,"","",22031615,"",,"",0,0,548.179538,,0,,548.179538,,276.92117800000005,,202.42851000000002,
2025,03,BSNZ,ZZ,REP,"","",22031628,"",,"",0,0,0,,0,,0,,-0.033912,,-0.832961,
2025,03,BSNZ,ZZ,REP,"","",22031640,"",,"",0,0,328.072411,,0,,328.072411,,202.163342,,131.039374,
2025,03,BSNZ,ZZ,REP,"","",22031641,"",,"",0,0,102.934422,,0,,102.934422,,34.592766999999995,,34.561396,
2025,03,BSNZ,ZZ,REP,"","",22031654,"",,"",0,0,0,,0,,0,,-0.036851999999999996,,-0.9051899999999999,
2025,03,BSNZ,ZZ,REP,"","",22031656,"",,"",0,0,0,,0,,0,,-0.098574,,-2.4212260000000003,
2025,03,BSNZ,ZZ,REP,"","",22031672,"",,"",0,0,97.099517,,0,,97.099517,,57.127685,,38.783694,
2025,03,BSNZ,ZZ,REP,"","",22031673,"",,"",0,0,0,,0,,0,,-0.081616,,-2.004714,
2025,03,BSNZ,ZZ,REP,"","",22031681,"",,"",0,0,45.171656,,0,,45.171656,,12.828888,,18.042558,
2025,03,BSNZ,ZZ,REP,"","",22031705,"",,"",0,0,0,,0,,0,,285.89917,,0,
2025,03,BSNZ,ZZ,REP,"","",22031710,"",,"",0,0,0,,0,,0,,-0.014456,,-0.355077,
2025,03,BSNZ,ZZ,REP,"","",22031712,"",,"",0,0,24.378177,,0,,24.378177,,19.085226,,9.737183,
2025,03,BSNZ,ZZ,REP,"","",22031717,"",,"",0,0,5.823738,,0,,5.823738,,5.342683,,2.048455,
2025,03,BSNZ,ZZ,REP,"","",22031718,"",,"",0,0,5.337961,,0,,5.337961,,4.50772,,2.076539,
2025,03,BSNZ,ZZ,REP,"","",22031721,"",,"",0,0,0,,0,,0,,-0.022035000000000003,,-0.541238,
2025,03,BSNZ,ZZ,REP,"","",22031723,"",,"",0,0,7.035388,,0,,7.035388,,6.477786,,2.587975,
2025,03,BSNZ,ZZ,REP,"","",22031724,"",,"",0,0,21.603107,,0,,21.603107,,19.761418,,7.629180000000001,
2025,03,BSNZ,ZZ,REP,"","",22031727,"",,"",0,0,170.54114800000002,,0,,170.54114800000002,,74.248435,,67.20166499999999,
2025,03,BSNZ,ZZ,REP,"","",22031731,"",,"",0,0,0,,0,,0,,-0.000195,,-0.00479,
2025,03,BSNZ,ZZ,REP,"","",22031733,"",,"",0,0,747.688616,,0,,747.688616,,358.152746,,272.512084,
2025,03,BSNZ,ZZ,REP,"","",22031740,"",,"",0,0,97.590877,,0,,97.590877,,22.194981000000002,,38.646782,
2025,03,BSNZ,ZZ,REP,"","",22031748,"",,"",0,0,51.369497,,0,,51.369497,,24.050674,,20.518113,
2025,03,BSNZ,ZZ,REP,"","",22031751,"",,"",0,0,0,,0,,0,,-0.002262,,-0.055561,
2025,03,BSNZ,ZZ,REP,"","",22031752,"",,"",0,0,58.265294,,0,,58.265294,,39.134453,,23.272447,
2025,03,BSNZ,ZZ,REP,"","",22031755,"",,"",0,0,0,,0,,0,,-0.02912,,-0.715262,
2025,03,BSNZ,ZZ,REP,"","",22031757,"",,"",0,0,0,,0,,0,,-0.16049,,-3.942053,
2025,03,BSNZ,ZZ,REP,"","",22031766,"",,"",0,0,0,,0,,0,,-0.026,,-0.638627,
2025,03,BSNZ,ZZ,REP,"","",22031767,"",,"",0,0,413.736631,,0,,413.736631,,254.025067,,161.433247,
2025,03,BSNZ,ZZ,REP,"","",22031768,"",,"",0,0,48.549758,,0,,48.549758,,47.218585999999995,,18.975462,
2025,03,BSNZ,ZZ,REP,"","",22031772,"",,"",0,0,16.750923,,0,,16.750923,,0.809044,,6.690689,
2025,03,BSNZ,ZZ,REP,"","",22031774,"",,"",0,0,0,,0,,0,,-0.005652000000000001,,-0.13883800000000002,
2025,03,BSNZ,ZZ,REP,"","",22031779,"",,"",0,0,0,,0,,0,,48.49360500000001,,-1.51642,
2025,03,BSNZ,ZZ,REP,"","",22031781,"",,"",0,0,95.29041699999999,,0,,95.29041699999999,,136.045143,,38.061099,
2025,03,BSNZ,ZZ,REP,"","",22031786,"",,"",0,0,221.32994599999998,,0,,221.32994599999998,,97.319085,,85.960813,
2025,03,BSNZ,ZZ,REP,"","",22031790,"",,"",0,0,221.396949,,0,,221.396949,,147.65001099999998,,83.770966,
2025,03,BSNZ,ZZ,REP,"","",22031792,"",,"",0,0,0,,0,,0,,-0.01982,,-0.486825,
2025,03,BSNZ,ZZ,REP,"","",22031793,"",,"",0,0,0,,0,,0,,28.576186,,-1.80476,
2025,03,BSNZ,ZZ,REP,"","",22031796,"",,"",0,0,6565.758784999999,,0,,6565.758784999999,,3351.3131190000004,,2527.129048,
2025,03,BSNZ,ZZ,REP,"","",22031797,"",,"",0,0,52.290797999999995,,0,,52.290797999999995,,218.10893700000003,,17.127523999999998,
2025,03,BSNZ,ZZ,REP,"","",22031799,"",,"",0,0,1116.141918,,0,,1116.141918,,2146.3528619999997,,428.93271699999997,
2025,03,BSNZ,ZZ,REP,"","",22031802,"",,"",0,0,0,,0,,0,,-0.0416,,-1.021803,
2025,03,BSNZ,ZZ,REP,"","",22031803,"",,"",0,0,0,,0,,0,,-0.045209,,-1.110445,
2025,03,BSNZ,ZZ,REP,"","",22031807,"",,"",0,0,982.7264,,0,,982.7264,,2589.922907,,379.450466,
2025,03,BSNZ,ZZ,REP,"","",22031810,"",,"",0,0,7906.843263,,0,,7906.843263,,10002.050271999999,,3036.747115999999,
2025,03,BSNZ,ZZ,REP,"","",22031811,"",,"",0,0,13642.175039000002,,0,,13642.175039000002,,11353.017850999999,,5199.367107000001,
2025,03,BSNZ,ZZ,REP,"","",22031817,"",,"",0,0,7.214064,,0,,7.214064,,1.079444,,2.6265169999999998,
2025,03,BSNZ,ZZ,REP,"","",22031821,"",,"",0,0,0,,0,,0,,-0.018088,,-0.444293,
2025,03,BSNZ,ZZ,REP,"","",22031822,"",,"",0,0,0,,0,,0,,-0.013,,-0.319314,
2025,03,BSNZ,ZZ,REP,"","",22031825,"",,"",0,0,0,,0,,0,,-0.028262,,-0.694188,
2025,03,BSNZ,ZZ,REP,"","",22031826,"",,"",0,0,163.14282300000002,,0,,163.14282300000002,,143.78464,,60.019666,
2025,03,BSNZ,ZZ,REP,"","",22031830,"",,"",0,0,55.83641,,0,,55.83641,,37.652280000000005,,20.153956,
2025,03,BSNZ,ZZ,REP,"","",22031831,"",,"",0,0,278.690689,,0,,278.690689,,141.60964,,106.89490099999999,
2025,03,BSNZ,ZZ,REP,"","",22031832,"",,"",0,0,59.856632,,0,,59.856632,,56.150385,,23.588748000000002,
2025,03,BSNZ,ZZ,REP,"","",22031838,"",,"",0,0,128.647089,,0,,128.647089,,107.84497099999999,,47.003446000000004,
2025,03,BSNZ,ZZ,REP,"","",22031839,"",,"",0,0,89.824033,,0,,89.824033,,53.287062,,35.122464,
2025,03,BSNZ,ZZ,REP,"","",22031842,"",,"",0,0,76.886737,,0,,76.886737,,66.177796,,29.471325,
2025,03,BSNZ,ZZ,REP,"","",22031844,"",,"",0,0,0,,0,,0,,-0.016957,,-0.416513,
2025,03,BSNZ,ZZ,REP,"","",22031845,"",,"",0,0,6.700369,,0,,6.700369,,14.741686999999999,,1.4691430000000003,
2025,03,BSNZ,ZZ,REP,"","",22031846,"",,"",0,0,0,,0,,0,,-0.013569,,-0.333299,
2025,03,BSNZ,ZZ,REP,"","",22031847,"",,"",0,0,12.563192,,0,,12.563192,,12.702345,,5.018017,
2025,03,BSNZ,ZZ,REP,"","",22031850,"",,"",0,0,57.053644000000006,,0,,57.053644000000006,,48.152347,,21.683343,
2025,03,BSNZ,ZZ,REP,"","",22031851,"",,"",0,0,0,,0,,0,,-0.210032,,-5.158957,
2025,03,BSNZ,ZZ,REP,"","",22031853,"",,"",0,0,106.100346,,0,,106.100346,,73.83637900000001,,42.378824,
2025,03,BSNZ,ZZ,REP,"","",22031861,"",,"",0,0,0,,0,,0,,-0.039546,,-0.971352,
2025,03,BSNZ,ZZ,REP,"","",22031863,"",,"",0,0,0,,0,,0,,-0.063302,,-1.554866,
2025,03,BSNZ,ZZ,REP,"","",22031864,"",,"",0,0,67.975246,,0,,67.975246,,36.108824,,27.150816,
2025,03,BSNZ,ZZ,REP,"","",22031865,"",,"",0,0,26.706555,,0,,26.706555,,17.755768000000003,,10.167397999999999,
2025,03,BSNZ,ZZ,REP,"","",22031866,"",,"",0,0,38.839807,,0,,38.839807,,61.936561,,15.513478,
2025,03,BSNZ,ZZ,REP,"","",22031867,"",,"",0,0,0,,0,,0,,-0.073931,,-1.815936,
2025,03,BSNZ,ZZ,REP,"","",22031869,"",,"",0,0,0,,0,,0,,-0.036174,,-0.888522,
2025,03,BSNZ,ZZ,REP,"","",22031871,"",,"",0,0,23.406623,,0,,23.406623,,1.90261,,9.349123,
2025,03,BSNZ,ZZ,REP,"","",22031873,"",,"",0,0,0,,0,,0,,-0.148764,,-3.654033,
2025,03,BSNZ,ZZ,REP,"","",22031874,"",,"",0,0,461.141743,,0,,461.141743,,306.83261600000003,,177.85030199999997,
2025,03,BSNZ,ZZ,REP,"","",22031875,"",,"",0,0,349.586179,,0,,349.586179,,208.451857,,139.632449,
2025,03,BSNZ,ZZ,REP,"","",22031876,"",,"",0,0,248.589281,,0,,248.589281,,118.70188,,94.73947400000002,
2025,03,BSNZ,ZZ,REP,"","",22031879,"",,"",0,0,0,,0,,0,,-0.273243,,-6.711587,
2025,03,BSNZ,ZZ,REP,"","",22031880,"",,"",0,0,230.604373,,0,,230.604373,,138.66325,,89.99827,
2025,03,BSNZ,ZZ,REP,"","",22031881,"",,"",0,0,810.37057,,0,,810.37057,,497.652764,,317.35470399999997,
2025,03,BSNZ,ZZ,REP,"","",22031882,"",,"",0,0,397.55523900000003,,0,,397.55523900000003,,265.44939800000003,,157.106121,
2025,03,BSNZ,ZZ,REP,"","",22031883,"",,"",0,0,0,,0,,0,,-0.245304,,-6.025319,
2025,03,BSNZ,ZZ,REP,"","",22031884,"",,"",0,0,0,,0,,0,,-0.083176,,-2.043032,
2025,03,BSNZ,ZZ,REP,"","",22031920,"",,"",0,0,0,,0,,0,,-0.006783,,-0.166618,
2025,03,BSNZ,ZZ,REP,"","",22031924,"",,"",0,0,39.554513,,0,,39.554513,,28.76807,,15.798947,
2025,03,BSNZ,ZZ,REP,"","",22031925,"",,"",0,0,0,,0,,0,,-0.009048,,-0.222242,
2025,03,BSNZ,ZZ,REP,"","",22031926,"",,"",0,0,115.799131,,0,,115.799131,,32.337525,,43.054361,
2025,03,BSNZ,ZZ,REP,"","",22031927,"",,"",0,0,155.370394,,0,,155.370394,,114.54021,,54.033893,
2025,03,BSNZ,ZZ,REP,"","",22031928,"",,"",0,0,0,,0,,0,,-0.047928,,-1.177245,
2025,03,BSNZ,ZZ,REP,"","",22031929,"",,"",0,0,0,,0,,0,,-0.059009,,-1.449428,
2025,03,BSNZ,ZZ,REP,"","",22031934,"",,"",0,0,5.583642,,0,,5.583642,,0.597284,,1.9109170000000002,
2025,03,BSNZ,ZZ,REP,"","",22031935,"",,"",0,0,19.425487,,0,,19.425487,,9.973864,,7.758969,
2025,03,BSNZ,ZZ,REP,"","",22031938,"",,"",0,0,140.808259,,0,,140.808259,,38.277873,,56.241932,
2025,03,BSNZ,ZZ,REP,"","",22031941,"",,"",0,0,11.167282,,0,,11.167282,,8.807755,,2.9277550000000003,
2025,03,BSNZ,ZZ,REP,"","",22031942,"",,"",0,0,398.58262900000005,,0,,398.58262900000005,,171.31663300000002,,155.85451999999995,
2025,03,BSNZ,ZZ,REP,"","",22031943,"",,"",0,0,0,,0,,0,,-0.066245,,-1.627158,
2025,03,BSNZ,ZZ,REP,"","",22031947,"",,"",0,0,0,,0,,0,,-0.001542,,-0.03787,
2025,03,BSNZ,ZZ,REP,"","",22031958,"",,"",0,0,35.176938,,0,,35.176938,,32.135457,,13.434173000000001,
2025,03,BSNZ,ZZ,REP,"","",22031964,"",,"",0,0,33.501846,,0,,33.501846,,21.902865,,12.406832999999999,
2025,03,BSNZ,ZZ,REP,"","",22031974,"",,"",0,0,0,,0,,0,,-0.0858,,-2.107469,
2025,03,BSNZ,ZZ,REP,"","",22031982,"",,"",0,0,21.83762,,0,,21.83762,,11.829946999999999,,6.894166,
2025,03,BSNZ,ZZ,REP,"","",22031983,"",,"",0,0,139.591026,,0,,139.591026,,43.836719,,52.115566,
2025,03,BSNZ,ZZ,REP,"","",22031984,"",,"",0,0,0,,0,,0,,-0.03653,,-0.897272,
2025,03,BSNZ,ZZ,REP,"","",22031986,"",,"",0,0,0,,0,,0,,-0.018088,,-0.444293,
2025,03,BSNZ,ZZ,REP,"","",22031990,"",,"",0,0,0,,0,,0,,-6.938893903907228e-18,,-2.7755575615628914e-16,
2025,03,BSNZ,ZZ,REP,"","",22031991,"",,"",0,0,205.74042200000002,,0,,205.74042200000002,,79.53967,,77.118835,
2025,03,BSNZ,ZZ,REP,"","",22031994,"",,"",0,0,1573.983729,,0,,1573.983729,,178.54804399999998,,616.7876829999999,
2025,03,BSNZ,ZZ,REP,"","",22031996,"",,"",0,0,0,,0,,0,,-0.179059,,-4.39816,
2025,03,BSNZ,ZZ,REP,"","",22031999,"",,"",0,0,0,,0,,0,,-0.082857,,-2.035177,
2025,03,BSNZ,ZZ,REP,"","",22032000,"",,"",0,0,5818.388434,,0,,5818.388434,,2791.4449669999995,,2211.007203,
2025,03,BSNZ,ZZ,REP,"","",22032001,"",,"",0,0,4119.331151999999,,0,,4119.331151999999,,1469.102732,,1564.9051009999998,
2025,03,BSNZ,ZZ,REP,"","",22032002,"",,"",0,0,67.003692,,0,,67.003692,,30.412674000000003,,24.728089999999998,
2025,03,BSNZ,ZZ,REP,"","",22032010,"",,"",0,0,19.425487,,0,,19.425487,,35.429684,,7.758969,
2025,03,BSNZ,ZZ,REP,"","",22032012,"",,"",0,0,0,,0,,0,,-0.052234,,-1.283002,
2025,03,BSNZ,ZZ,REP,"","",22032013,"",,"",0,0,0,,0,,0,,-0.06708,,-1.647658,
2025,03,BSNZ,ZZ,REP,"","",22032022,"",,"",0,0,66.277819,,0,,66.277819,,37.695330999999996,,26.222931000000003,
2025,03,BSNZ,ZZ,REP,"","",22032023,"",,"",0,0,0,,0,,0,,-0.326007,,-8.007617,
2025,03,BSNZ,ZZ,REP,"","",22032024,"",,"",0,0,146.849758,,0,,146.849758,,100.224959,,58.65504,
2025,03,BSNZ,ZZ,REP,"","",22032029,"",,"",0,0,29.129855,,0,,29.129855,,0.387382,,11.635108,
2025,03,BSNZ,ZZ,REP,"","",22032031,"",,"",0,0,0,,0,,0,,-0.056069,,-1.377199,
2025,03,BSNZ,ZZ,REP,"","",22032034,"",,"",0,0,0,,0,,0,,-0.084776,,-2.082307,
2025,03,BSNZ,ZZ,REP,"","",22032038,"",,"",0,0,0,,0,,0,,-0.01586,,-0.389563,
2025,03,BSNZ,ZZ,REP,"","",22032039,"",,"",0,0,0,,0,,0,,-0.038885,,-0.955131,
2025,03,BSNZ,ZZ,REP,"","",22032040,"",,"",0,0,388.420403,,0,,388.420403,,239.678318,,155.143696,
2025,03,BSNZ,ZZ,REP,"","",22032043,"",,"",0,0,68.946799,,0,,68.946799,,48.824527,,27.538876,
2025,03,BSNZ,ZZ,REP,"","",22032047,"",,"",0,0,125.749179,,0,,125.749179,,84.14831,,47.897355000000005,
2025,03,BSNZ,ZZ,REP,"","",22032053,"",,"",0,0,104.386169,,0,,104.386169,,56.945519999999995,,38.268228,
2025,03,BSNZ,ZZ,REP,"","",22032054,"",,"",0,0,174.790298,,0,,174.790298,,52.426654,,68.85997900000001,
2025,03,BSNZ,ZZ,REP,"","",22032055,"",,"",0,0,36.416507,,0,,36.416507,,28.977604,,14.545558,
2025,03,BSNZ,ZZ,REP,"","",22032056,"",,"",0,0,46.120875,,0,,46.120875,,45.515529,,17.974658,
2025,03,BSNZ,ZZ,REP,"","",22032064,"",,"",0,0,0,,0,,0,,-0.032102,,-0.788513,
2025,03,BSNZ,ZZ,REP,"","",22032066,"",,"",0,0,0,,0,,0,,-0.027128,,-0.666343,
2025,03,BSNZ,ZZ,REP,"","",22032069,"",,"",0,0,0,,0,,0,,-0.006783,,-0.166618,
2025,03,BSNZ,ZZ,REP,"","",22032073,"",,"",0,0,0,,0,,0,,-0.009493,,-0.233163,
2025,03,BSNZ,ZZ,REP,"","",22032075,"",,"",0,0,0,,0,,0,,-0.009043,,-0.222114,
2025,03,BSNZ,ZZ,REP,"","",22032078,"",,"",0,0,140.802675,,0,,140.802675,,119.398375,,54.629275,
2025,03,BSNZ,ZZ,REP,"","",22032083,"",,"",0,0,0,,0,,0,,-0.092695,,-2.276833,
2025,03,BSNZ,ZZ,REP,"","",22032094,"",,"",0,0,7.286652,,0,,7.286652,,4.610412,,-5.545419,
2025,03,BSNZ,ZZ,REP,"","",22032098,"",,"",0,0,3.713121,,0,,3.713121,,1.720929,,1.258945,
2025,03,BSNZ,ZZ,REP,"","",22032099,"",,"",0,0,0,,0,,0,,0,,0,
2025,03,BSNZ,ZZ,REP,"","",22032104,"",,"",0,0,0,,0,,0,,-0.068281,,-1.677162,
2025,03,BSNZ,ZZ,REP,"","",22032107,"",,"",0,0,0,,0,,0,,-0.00676,,-0.166043,
2025,03,BSNZ,ZZ,REP,"","",22032111,"",,"",0,0,46.120875,,0,,46.120875,,34.924811,,18.421697,
2025,03,BSNZ,ZZ,REP,"","",22032131,"",,"",0,0,0,,0,,0,,-0.018143,,-0.445634,
2025,03,BSNZ,ZZ,REP,"","",22032143,"",,"",0,0,21.843204,,0,,21.843204,,23.658019,,8.724658,
2025,03,BSNZ,ZZ,REP,"","",22032144,"",,"",0,0,14.567719,,0,,14.567719,,26.967287,,5.818669,
2025,03,BSNZ,ZZ,REP,"","",22032149,"",,"",0,0,0,,0,,0,,-0.01378,,-0.338472,
2025,03,BSNZ,ZZ,REP,"","",22032150,"",,"",0,0,0,,0,,0,,-0.018086,,-0.444229,
2025,03,BSNZ,ZZ,REP,"","",22032160,"",,"",0,0,49.136041,,0,,49.136041,,11.480114,,19.626021,
2025,03,BSNZ,ZZ,REP,"","",22032164,"",,"",0,0,140.316898,,0,,140.316898,,55.909529,,54.52395,
2025,03,BSNZ,ZZ,REP,"","",22032167,"",,"",0,0,592.692324,,0,,592.692324,,255.49423099999998,,226.864309,
2025,03,BSNZ,ZZ,REP,"","",22032168,"",,"",0,0,0,,0,,0,,-0.031627,,-0.776826,
2025,03,BSNZ,ZZ,REP,"","",22032169,"",,"",0,0,58.25971,,0,,58.25971,,35.316929,,22.764871,
2025,03,BSNZ,ZZ,REP,"","",22032170,"",,"",0,0,310.980885,,0,,310.980885,,107.88469099999999,,120.90851199999999,
2025,03,BSNZ,ZZ,REP,"","",22032171,"",,"",0,0,14.562136,,0,,14.562136,,19.196982000000002,,0.9330490000000009,
2025,03,BSNZ,ZZ,REP,"","",22032178,"",,"",0,0,16.298649,,0,,16.298649,,11.558115999999998,,6.260145,
2025,03,BSNZ,ZZ,REP,"","",22032179,"",,"",0,0,148.670025,,0,,148.670025,,105.907255,,58.879239999999996,
2025,03,BSNZ,ZZ,REP,"","",22032180,"",,"",0,0,55.22221,,0,,55.22221,,30.873953999999998,,21.623152000000005,
2025,03,BSNZ,ZZ,REP,"","",22032184,"",,"",0,0,106.815052,,0,,106.815052,,66.190712,,42.664293,
2025,03,BSNZ,ZZ,REP,"","",22032188,"",,"",0,0,48.627929,,0,,48.627929,,37.761139,,19.42307,
2025,03,BSNZ,ZZ,REP,"","",22032190,"",,"",0,0,58.751071,,0,,58.751071,,32.375392,,22.689075,
2025,03,BSNZ,ZZ,REP,"","",22032192,"",,"",0,0,156.085101,,0,,156.085101,,122.966474,,59.722532,
2025,03,BSNZ,ZZ,REP,"","",22032193,"",,"",0,0,47.058926,,0,,47.058926,,39.108266,,18.796376,
2025,03,BSNZ,ZZ,REP,"","",22032195,"",,"",0,0,0,,0,,0,,-0.020348,,-0.49979,
2025,03,BSNZ,ZZ,REP,"","",22032198,"",,"",0,0,0,,0,,0,,-0.0234,,-0.574764,
2025,03,BSNZ,ZZ,REP,"","",22032200,"",,"",0,0,202.954183,,0,,202.954183,,65.090584,,81.06438800000001,
2025,03,BSNZ,ZZ,REP,"","",22032201,"",,"",0,0,0,,0,,0,,-0.013564,,-0.333172,
2025,03,BSNZ,ZZ,REP,"","",22032208,"",,"",0,0,0,,0,,0,,-0.101738,,-2.498948,
2025,03,BSNZ,ZZ,REP,"","",22032210,"",,"",0,0,12.138836,,0,,12.138836,,6.861797,,4.848519,
2025,03,BSNZ,ZZ,REP,"","",22032212,"",,"",0,0,0,,0,,0,,-0.007912,,-0.194334,
2025,03,BSNZ,ZZ,REP,"","",22032217,"",,"",0,0,61.660148,,0,,61.660148,,24.180604,,23.498438999999998,
2025,03,BSNZ,ZZ,REP,"","",22032218,"",,"",0,0,0,,0,,0,,-0.07155399999999999,,-1.757565,
2025,03,BSNZ,ZZ,REP,"","",22032220,"",,"",0,0,139.591025,,0,,139.591025,,74.17237899999999,,49.09186,
2025,03,BSNZ,ZZ,REP,"","",22032222,"",,"",0,0,7.258733,,0,,7.258733,,8.465211,,2.732745,
2025,03,BSNZ,ZZ,REP,"","",22032233,"",,"",0,0,128.669423,,0,,128.669423,,135.735241,,51.393412,
2025,03,BSNZ,ZZ,REP,"","",22032235,"",,"",0,0,0,,0,,0,,-0.066695,,-1.638206,
2025,03,BSNZ,ZZ,REP,"","",22032238,"",,"",0,0,164.71741,,0,,164.71741,,54.27148499999999,,64.34151700000001,
2025,03,BSNZ,ZZ,REP,"","",22032247,"",,"",0,0,29.129855,,0,,29.129855,,7.7019519999999995,,11.635108,
2025,03,BSNZ,ZZ,REP,"","",22032268,"",,"",0,0,568.637999,,0,,568.637999,,299.122995,,227.126589,
2025,03,BSNZ,ZZ,REP,"","",22032273,"",,"",0,0,0,,0,,0,,-0.205919,,-5.057926,
2025,03,BSNZ,ZZ,REP,"","",22032279,"",,"",0,0,0,,0,,0,,-0.545998,,-13.411169,
2025,03,BSNZ,ZZ,REP,"","",22032280,"",,"",0,0,597.818107,,0,,597.818107,,318.434005,,238.781769,
2025,03,BSNZ,ZZ,REP,"","",22032283,"",,"",0,0,0,,0,,0,,-0.258959,,-6.360726,
2025,03,BSNZ,ZZ,REP,"","",22032287,"",,"",0,0,1011.75575,,0,,1011.75575,,290.570902,,404.117614,
2025,03,BSNZ,ZZ,REP,"","",22032290,"",,"",0,0,1072.059072,,0,,1072.059072,,487.33631,,428.204094,
2025,03,BSNZ,ZZ,REP,"","",22032293,"",,"",0,0,0,,0,,0,,-0.867356,,-21.304599,
2025,03,BSNZ,ZZ,REP,"","",22032304,"",,"",0,0,0,,0,,0,,-0.479698,,-11.78267,
2025,03,BSNZ,ZZ,REP,"","",22032307,"",,"",0,0,0,,0,,0,,-0.574598,,-14.113658,
2025,03,BSNZ,ZZ,REP,"","",22032308,"",,"",0,0,0,,0,,0,,-0.951596,,-23.373751,
2025,03,BSNZ,ZZ,REP,"","",22032309,"",,"",0,0,0,,0,,0,,-0.377518,,-9.272865,
2025,03,BSNZ,ZZ,REP,"","",22032331,"",,"",0,0,366.845214,,0,,366.845214,,187.969512,,136.735936,
2025,03,BSNZ,ZZ,REP,"","",22032335,"",,"",0,0,0,,0,,0,,-0.306798,,-7.5358,
2025,03,BSNZ,ZZ,REP,"","",22032340,"",,"",0,0,96.485316,,0,,96.485316,,59.33038,,37.434821,
2025,03,BSNZ,ZZ,REP,"","",22032341,"",,"",0,0,2249.816468,,0,,2249.816468,,839.900175,,888.5105839999999,
2025,03,BSNZ,ZZ,REP,"","",22032346,"",,"",0,0,67.003692,,0,,67.003692,,38.55961,,24.463699,
2025,03,BSNZ,ZZ,REP,"","",22032354,"",,"",0,0,0,,0,,0,,-0.301859,,-7.414461000000001,
2025,03,BSNZ,ZZ,REP,"","",22032355,"",,"",0,0,1562.861116,,0,,1562.861116,,708.375543,,624.241282,
2025,03,BSNZ,ZZ,REP,"","",22032359,"",,"",0,0,44.892474,,0,,44.892474,,19.704221,,17.931046,
2025,03,BSNZ,ZZ,REP,"","",22032361,"",,"",0,0,67.003692,,0,,67.003692,,41.283275999999994,,24.846875,
2025,03,BSNZ,ZZ,REP,"","",22032367,"",,"",0,0,3126.727287,,0,,3126.727287,,1924.268468,,1236.572553,
2025,03,BSNZ,ZZ,REP,"","",22032368,"",,"",0,0,770.542458,,0,,770.542458,,299.57859099999996,,305.12777700000004,
2025,03,BSNZ,ZZ,REP,"","",22032371,"",,"",0,0,0,,0,,0,,-0.542878,,-13.334534,
2025,03,BSNZ,ZZ,REP,"","",22032372,"",,"",0,0,1286.470886,,0,,1286.470886,,600.465899,,508.940258,
2025,03,BSNZ,ZZ,REP,"","",22032375,"",,"",0,0,241.213291,,0,,241.213291,,203.418737,,26.90799899999996,
2025,03,BSNZ,ZZ,REP,"","",22032377,"",,"",0,0,1045.313432,,0,,1045.313432,,411.802929,,410.125992,
2025,03,BSNZ,ZZ,REP,"","",22032380,"",,"",0,0,400.34706,,0,,400.34706,,164.954715,,159.907467,
2025,03,BSNZ,ZZ,REP,"","",22032381,"",,"",0,0,3671.802322,,0,,3671.802322,,1620.1105870000001,,1466.599025,
2025,03,BSNZ,ZZ,REP,"","",22032382,"",,"",0,0,0,,0,,0,,-0.09984,,-2.452328,
2025,03,BSNZ,ZZ,REP,"","",22032383,"",,"",0,0,267.858426,,0,,267.858426,,114.55928200000001,,104.245035,
2025,03,BSNZ,ZZ,REP,"","",22032385,"",,"",0,0,0,,0,,0,,-0.458638,,-11.265382,
2025,03,BSNZ,ZZ,REP,"","",22032396,"",,"",0,0,2.791821,,0,,2.791821,,3.7055789999999997,,1.115115,
2025,03,BSNZ,ZZ,REP,"","",22032403,"",,"",0,0,0,,0,,0,,-0.047138,,-1.157831,
2025,03,BSNZ,ZZ,REP,"","",22032404,"",,"",0,0,154.208997,,0,,154.208997,,121.986942,,60.761522,
2025,03,BSNZ,ZZ,REP,"","",22032425,"",,"",0,0,0,,0,,0,,-0.01508,,-0.370404,
2025,03,BSNZ,ZZ,REP,"","",22032427,"",,"",0,0,69.935104,,0,,69.935104,,43.223376,,27.043572,
2025,03,BSNZ,ZZ,REP,"","",22032428,"",,"",0,0,285.32405500000004,,0,,285.32405500000004,,131.199574,,111.576269,
2025,03,BSNZ,ZZ,REP,"","",22032430,"",,"",0,0,18.426015,,0,,18.426015,,8.081474,,7.149011000000001,
2025,03,BSNZ,ZZ,REP,"","",22032431,"",,"",0,0,39.085487,,0,,39.085487,,16.851927,,15.611608,
2025,03,BSNZ,ZZ,REP,"","",22032432,"",,"",0,0,13.959103,,0,,13.959103,,5.558099,,4.77729,
2025,03,BSNZ,ZZ,REP,"","",22032452,"",,"",0,0,38.839806,,0,,38.839806,,21.646691,,14.731926999999999,
2025,03,BSNZ,ZZ,REP,"","",22032458,"",,"",0,0,292.426447,,0,,292.426447,,160.761434,,89.239913,
2025,03,BSNZ,ZZ,REP,"","",22032467,"",,"",0,0,0,,0,,0,,-0.053248,,-1.307908,
2025,03,BSNZ,ZZ,REP,"","",22032468,"",,"",0,0,121.382772,,0,,121.382772,,65.988002,,48.482963,
2025,03,BSNZ,ZZ,REP,"","",22032469,"",,"",0,0,0,,0,,0,,-0.155752,,-3.825695,
2025,03,BSNZ,ZZ,REP,"","",22032470,"",,"",0,0,0,,0,,0,,-0.165268,,-4.059433,
2025,03,BSNZ,ZZ,REP,"","",22032471,"",,"",0,0,0,,0,,0,,-0.026,,-0.638627,
2025,03,BSNZ,ZZ,REP,"","",22032479,"",,"",0,0,46.126458,,0,,46.126458,,10.915229,,18.423927,
2025,03,BSNZ,ZZ,REP,"","",22032481,"",,"",0,0,0,,0,,0,,-0.00312,,-0.076635,
2025,03,BSNZ,ZZ,REP,"","",22032485,"",,"",0,0,0,,0,,0,,-0.052393,,-1.2868970000000002,
2025,03,BSNZ,ZZ,REP,"","",22032487,"",,"",0,0,0,,0,,0,,-0.051729,,-1.270612,
2025,03,BSNZ,ZZ,REP,"","",22032488,"",,"",0,0,203.19428,,0,,203.19428,,132.650762,,79.93853100000001,
2025,03,BSNZ,ZZ,REP,"","",22032490,"",,"",0,0,0,,0,,0,,-0.05799,,-1.424394,
2025,03,BSNZ,ZZ,REP,"","",22032492,"",,"",0,0,174.790298,,0,,174.790298,,80.823521,,67.999492,
2025,03,BSNZ,ZZ,REP,"","",22032494,"",,"",0,0,262.19103099999995,,0,,262.19103099999995,,133.485069,,104.724894,
2025,03,BSNZ,ZZ,REP,"","",22032495,"",,"",0,0,106.815052,,0,,106.815052,,66.419641,,42.664293,
2025,03,BSNZ,ZZ,REP,"","",22032496,"",,"",0,0,82.542965,,0,,82.542965,,62.484244000000004,,32.969485,
2025,03,BSNZ,ZZ,REP,"","",22032497,"",,"",0,0,0,,0,,0,,-0.21441900000000003,,-5.266694,
2025,03,BSNZ,ZZ,REP,"","",22032499,"",,"",0,0,126.240539,,0,,126.240539,,56.258897000000005,,50.423262,
2025,03,BSNZ,ZZ,REP,"","",22032504,"",,"",0,0,8.006941,,0,,8.006941,,4.545475,,3.198149,
2025,03,BSNZ,ZZ,REP,"","",22032508,"",,"",0,0,0,,0,,0,,-0.020324,,-0.499215,
2025,03,BSNZ,ZZ,REP,"","",22032510,"",,"",0,0,0,,0,,0,,-0.073216,,-1.798374,
2025,03,BSNZ,ZZ,REP,"","",22032512,"",,"",0,0,13.618501000000037,,0,,13.618501000000037,,12.408135000000001,,4.862850999999978,
2025,03,BSNZ,ZZ,REP,"","",22032513,"",,"",0,0,8.029276,,0,,8.029276,,6.066536,,1.6107579999999997,
2025,03,BSNZ,ZZ,REP,"","",22032514,"",,"",0,0,194.51730199999997,,0,,194.51730199999997,,145.92182400000002,,74.887555,
2025,03,BSNZ,ZZ,REP,"","",22032515,"",,"",0,0,46.400056,,0,,46.400056,,39.420881,,11.752203,
2025,03,BSNZ,ZZ,REP,"","",22032516,"",,"",0,0,90.399148,,0,,90.399148,,74.15706899999999,,30.872337,
2025,03,BSNZ,ZZ,REP,"","",22032517,"",,"",0,0,422.35218900000007,,0,,422.35218900000007,,256.910784,,163.406543,
2025,03,BSNZ,ZZ,REP,"","",22032518,"",,"",0,0,470.097903,,0,,470.097903,,369.53501600000004,,178.73003,
2025,03,BSNZ,ZZ,REP,"","",22032519,"",,"",0,0,458.578852,,0,,458.578852,,210.758441,,178.29923599999998,
2025,03,BSNZ,ZZ,REP,"","",22032520,"",,"",0,0,210.670775,,0,,210.670775,,183.351223,,82.564494,
2025,03,BSNZ,ZZ,REP,"","",22032521,"",,"",0,0,239.074757,,0,,239.074757,,197.778814,,77.48661100000001,
2025,03,BSNZ,ZZ,REP,"","",22032522,"",,"",0,0,55.83641,,0,,55.83641,,50.880042,,19.471072,
2025,03,BSNZ,ZZ,REP,"","",22032523,"",,"",0,0,155.71658,,0,,155.71658,,123.727377,,60.556138999999995,
2025,03,BSNZ,ZZ,REP,"","",22032524,"",,"",0,0,384.33876100000003,,0,,384.33876100000003,,307.103093,,145.98871100000002,
2025,03,BSNZ,ZZ,REP,"","",22032525,"",,"",0,0,-157.654104,,0,,-157.654104,,-77.721137,,-71.741822,
2025,03,BSNZ,ZZ,REP,"","",22032526,"",,"",0,0,0,,0,,0,,-0.363998,,-8.940779,
2025,03,BSNZ,ZZ,REP,"","",22032527,"",,"",0,0,362.936665,,0,,362.936665,,295.156828,,143.94951099999997,
2025,03,BSNZ,ZZ,REP,"","",22032528,"",,"",0,0,208.995682,,0,,208.995682,,186.632643,,79.51915699999999,
2025,03,BSNZ,ZZ,REP,"","",22032530,"",,"",0,0,0,,0,,0,,-0.208364,,-5.117958,
2025,03,BSNZ,ZZ,REP,"","",22032531,"",,"",0,0,0,,0,,0,,-0.125954,,-3.093765,
2025,03,BSNZ,ZZ,REP,"","",22032532,"",,"",0,0,697.860203,,0,,697.860203,,642.5847449999999,,258.906505,
2025,03,BSNZ,ZZ,REP,"","",22032533,"",,"",0,0,126.190287,,0,,126.190287,,113.35095700000001,,50.40319,
2025,03,BSNZ,ZZ,REP,"","",22032534,"",,"",0,0,579.72711,,0,,579.72711,,453.693224,,227.891703,
2025,03,BSNZ,ZZ,REP,"","",22032535,"",,"",0,0,446.886707,,0,,446.886707,,401.823055,,178.49643,
2025,03,BSNZ,ZZ,REP,"","",22032536,"",,"",0,0,565.343651,,0,,565.343651,,459.44155400000005,,217.17523699999998,
2025,03,BSNZ,ZZ,REP,"","",22032537,"",,"",0,0,475.352109,,0,,475.352109,,438.194662,,171.51053100000001,
2025,03,BSNZ,ZZ,REP,"","",22032538,"",,"",0,0,1931.5600989999998,,0,,1931.5600989999998,,1869.0291779999998,,726.753843,
2025,03,BSNZ,ZZ,REP,"","",22032539,"",,"",0,0,503.65558500000003,,0,,503.65558500000003,,384.21495100000004,,195.58619,
2025,03,BSNZ,ZZ,REP,"","",22032540,"",,"",0,0,1047.139283,,0,,1047.139283,,849.4072140000001,,412.11976000000004,
2025,03,BSNZ,ZZ,REP,"","",22032541,"",,"",0,0,875.012381,,0,,875.012381,,713.667216,,331.937045,
2025,03,BSNZ,ZZ,REP,"","",22032542,"",,"",0,0,1639.8595249999998,,0,,1639.8595249999998,,1355.2865189999998,,651.96267,
2025,03,BSNZ,ZZ,REP,"","",22032543,"",,"",0,0,770.5424579999999,,0,,770.5424579999999,,778.1462200000001,,290.84807500000005,
2025,03,BSNZ,ZZ,REP,"","",22032544,"",,"",0,0,0,,0,,0,,0.0000010000000000287557,,0.0000010000000010279564,
2025,03,BSNZ,ZZ,REP,"","",22032545,"",,"",0,0,0,,0,,0,,-0.407764,,-10.01578,
2025,03,BSNZ,ZZ,REP,"","",22032551,"",,"",0,0,580.698664,,0,,580.698664,,566.6406489999999,,224.98284999999998,
2025,03,BSNZ,ZZ,REP,"","",22032552,"",,"",0,0,0,,0,,0,,-0.644345,,-15.826839,
2025,03,BSNZ,ZZ,REP,"","",22032554,"",,"",0,0,0,,0,,0,,-0.011076,,-0.272055,
2025,03,BSNZ,ZZ,REP,"","",22032555,"",,"",0,0,43.932087,,0,,43.932087,,10.437816000000002,,16.686706,
2025,03,BSNZ,ZZ,REP,"","",22032556,"",,"",0,0,15.433184,,0,,15.433184,,13.650098999999999,,5.053718999999999,
2025,03,BSNZ,ZZ,REP,"","",22032558,"",,"",0,0,824.904787,,0,,824.904787,,589.055352,,320.155698,
2025,03,BSNZ,ZZ,REP,"","",22032563,"",,"",0,0,0,,0,,0,,-0.067826,,-1.665986,
2025,03,BSNZ,ZZ,REP,"","",22032564,"",,"",0,0,0,,0,,0,,-0.014287,,-0.350926,
2025,03,BSNZ,ZZ,REP,"","",22032565,"",,"",0,0,0,,0,,0,,-0.063305,,-1.554929,
2025,03,BSNZ,ZZ,REP,"","",22032566,"",,"",0,0,0,,0,,0,,-0.043407,,-1.066188,
2025,03,BSNZ,ZZ,REP,"","",22032568,"",,"",0,0,0,,0,,0,,-0.198504,,-4.87579,
2025,03,BSNZ,ZZ,REP,"","",22032569,"",,"",0,0,194.210201,,0,,194.210201,,77.21083,,67.35368700000001,
2025,03,BSNZ,ZZ,REP,"","",22032570,"",,"",0,0,143.231559,,0,,143.231559,,103.243769,,55.738263,
2025,03,BSNZ,ZZ,REP,"","",22032572,"",,"",0,0,0,,0,,0,,-0.253216,,-6.219653,
2025,03,BSNZ,ZZ,REP,"","",22032573,"",,"",0,0,0,,0,,0,,-0.18239400000000003,,-4.480097,
2025,03,BSNZ,ZZ,REP,"","",22032574,"",,"",0,0,0,,0,,0,,-0.09464,,-2.324603,
2025,03,BSNZ,ZZ,REP,"","",22032580,"",,"",0,0,0,,0,,0,,-0.526654,,-12.93603,
2025,03,BSNZ,ZZ,REP,"","",22032584,"",,"",0,0,0,,0,,0,,-0.235117,,-5.775105,
2025,03,BSNZ,ZZ,REP,"","",22032585,"",,"",0,0,0,,0,,0,,-0.385058,,-9.458067,
2025,03,BSNZ,ZZ,REP,"","",22032586,"",,"",0,0,1256.391811,,0,,1256.391811,,805.1623079999999,,486.31918099999996,
2025,03,BSNZ,ZZ,REP,"","",22032587,"",,"",0,0,1405.341019,,0,,1405.341019,,689.715788,,527.626991,
2025,03,BSNZ,ZZ,REP,"","",22032588,"",,"",0,0,901.9422810000001,,0,,901.9422810000001,,485.5397929999999,,336.860543,
2025,03,BSNZ,ZZ,REP,"","",22032589,"",,"",0,0,1929.6169920000002,,0,,1929.6169920000002,,1103.6793700000003,,734.9750859999999,
2025,03,BSNZ,ZZ,REP,"","",22032590,"",,"",0,0,982.6314769999999,,0,,982.6314769999999,,568.505428,,358.87494599999997,
2025,03,BSNZ,ZZ,REP,"","",22032591,"",,"",0,0,1635.6103749999997,,0,,1635.6103749999997,,1026.967999,,600.8976749999999,
2025,03,BSNZ,ZZ,REP,"","",22032592,"",,"",0,0,1539.867683,,0,,1539.867683,,973.465078,,591.449645,
2025,03,BSNZ,ZZ,REP,"","",22032593,"",,"",0,0,665.061896,,0,,665.061896,,458.6318620000002,,234.16837299999997,
2025,03,BSNZ,ZZ,REP,"","",22032594,"",,"",0,0,594.78619,,0,,594.78619,,367.677794,,206.64606900000004,
2025,03,BSNZ,ZZ,REP,"","",22032595,"",,"",0,0,690.098942,,0,,690.098942,,488.18651900000003,,253.41936100000004,
2025,03,BSNZ,ZZ,REP,"","",22032596,"",,"",0,0,1308.2973390000002,,0,,1308.2973390000002,,869.020712,,510.490149,
2025,03,BSNZ,ZZ,REP,"","",22032597,"",,"",0,0,1209.0146180000002,,0,,1209.0146180000002,,755.879262,,463.488243,
2025,03,BSNZ,ZZ,REP,"","",22032598,"",,"",0,0,1826.693737,,0,,1826.693737,,1056.329045,,702.7721280000001,
2025,03,BSNZ,ZZ,REP,"","",22032599,"",,"",0,0,620.510024,,0,,620.510024,,474.38498100000004,,218.349217,
2025,03,BSNZ,ZZ,REP,"","",22032600,"",,"",0,0,2105.0438240000003,,0,,2105.0438240000003,,1439.87635,,813.171353,
2025,03,BSNZ,ZZ,REP,"","",22032601,"",,"",0,0,436.981328,,0,,436.981328,,272.56126099999994,,167.33980300000002,
2025,03,BSNZ,ZZ,REP,"","",22032602,"",,"",0,0,1141.988592,,0,,1141.988592,,859.904503,,451.665102,
2025,03,BSNZ,ZZ,REP,"","",22032603,"",,"",0,0,3315.286846,,0,,3315.286846,,1682.3658590000002,,1276.1541749999994,
2025,03,BSNZ,ZZ,REP,"","",22032605,"",,"",0,0,0,,0,,0,,-0.363998,,-8.940779,
2025,03,BSNZ,ZZ,REP,"","",22032607,"",,"",0,0,75.937518,,0,,75.937518,,48.987721,,29.861732,
2025,03,BSNZ,ZZ,REP,"","",22032608,"",,"",0,0,0,,0,,0,,-0.0117,,-0.287382,
2025,03,BSNZ,ZZ,REP,"","",22032610,"",,"",0,0,0,,0,,0,,-0.003604,,-0.088514,
2025,03,BSNZ,ZZ,REP,"","",22032613,"",,"",0,0,0,,0,,0,,-0.081619,,-2.004778,
2025,03,BSNZ,ZZ,REP,"","",22032616,"",,"",0,0,1861.85951,,0,,1861.85951,,864.680646,,726.014217,
2025,03,BSNZ,ZZ,REP,"","",22032617,"",,"",0,0,668.2557380000001,,0,,668.2557380000001,,372.097088,,247.03067399999998,
2025,03,BSNZ,ZZ,REP,"","",22032618,"",,"",0,0,543.59537,,0,,543.59537,,353.13802999999996,,204.567323,
2025,03,BSNZ,ZZ,REP,"","",22032627,"",,"",0,0,8.040443,,0,,8.040443,,8.566526,,3.083806,
2025,03,BSNZ,ZZ,REP,"","",22032628,"",,"",0,0,814.653222,,0,,814.653222,,538.3688539999999,,318.90512199999995,
2025,03,BSNZ,ZZ,REP,"","",22032629,"",,"",0,0,224.534956,,0,,224.534956,,171.388584,,89.684225,
2025,03,BSNZ,ZZ,REP,"","",22032632,"",,"",0,0,1189.566797,,0,,1189.566797,,986.084907,,469.697026,
2025,03,BSNZ,ZZ,REP,"","",22032635,"",,"",0,0,223.34564,,0,,223.34564,,25.832753,,67.891814,
2025,03,BSNZ,ZZ,REP,"","",22032636,"",,"",0,0,154.879034,,0,,154.879034,,88.74759200000001,,59.851839999999996,
2025,03,BSNZ,ZZ,REP,"","",22032656,"",,"",0,0,0,,0,,0,,0,,0,
2025,03,BSNZ,ZZ,REP,"","",22032657,"",,"",0,0,64.89866099999999,,0,,64.89866099999999,,39.03706999999999,,25.477795000000004,
2025,03,BSNZ,ZZ,REP,"","",22032658,"",,"",0,0,300.695819,,0,,300.695819,,220.994611,,106.771046,
2025,03,BSNZ,ZZ,REP,"","",22032659,"",,"",0,0,1357.265871,,0,,1357.265871,,808.592615,,542.121995,
2025,03,BSNZ,ZZ,REP,"","",22032663,"",,"",0,0,0,,0,,0,,-0.512721,,-12.593791,
2025,03,BSNZ,ZZ,REP,"","",22032664,"",,"",0,0,451.487628,,0,,451.487628,,416.843532,,174.317187,
2025,03,BSNZ,ZZ,REP,"","",22032665,"",,"",0,0,455.915455,,0,,455.915455,,373.28229400000004,,182.102712,
2025,03,BSNZ,ZZ,REP,"","",22032666,"",,"",0,0,0,,0,,0,,-0.116992,,-2.87363,
2025,03,BSNZ,ZZ,REP,"","",22032668,"",,"",0,0,406.327139,,0,,406.327139,,374.789298,,162.296043,
2025,03,BSNZ,ZZ,REP,"","",22032669,"",,"",0,0,0,,0,,0,,-1.6040079999999999,,-39.398756999999996,
2025,03,BSNZ,ZZ,REP,"","",22032670,"",,"",0,0,0,,0,,0,,-0.051742,,-1.270932,
2025,03,BSNZ,ZZ,REP,"","",22032673,"",,"",0,0,0,,0,,0,,-0.000002000000000002,,-0.00006399999999995298,
2025,03,BSNZ,ZZ,REP,"","",22032676,"",,"",0,0,43.703158,,0,,43.703158,,23.612914,,17.436593,
2025,03,BSNZ,ZZ,REP,"","",22032777,"",,"",0,0,200.676058,,0,,200.676058,,96.568775,,80.154454,
2025,03,BSNZ,ZZ,REP,"","",22032797,"",,"",0,0,1001.7051950000001,,0,,1001.7051950000001,,650.70514,,387.76492600000006,
2025,03,BSNZ,ZZ,REP,"","",22032798,"",,"",0,0,0,,0,,0,,-0.083652,,-2.054719,
2025,03,BSNZ,ZZ,REP,"","",22032870,"",,"",0,0,9.709952,,0,,9.709952,,11.256669,,3.5879880000000006,
2025,03,BSNZ,ZZ,REP,"","",22032873,"",,"",0,0,0,,0,,0,,-0.09256,,-2.273512,
2025,03,BSNZ,ZZ,REP,"","",22032884,"",,"",0,0,65.350934,,0,,65.350934,,65.94101200000001,,19.249884,
2025,03,BSNZ,ZZ,REP,"","",22032885,"",,"",0,0,0,,0,,0,,-0.330534,,-8.118803,
2025,03,BSNZ,ZZ,REP,"","",22033304,"",,"",0,0,56.953138,,0,,56.953138,,62.17744,,22.748343,
2025,03,BSNZ,ZZ,REP,"","",22033305,"",,"",0,0,63.117478,,0,,63.117478,,27.640843,,25.210516,
2025,03,BSNZ,ZZ,REP,"","",22033306,"",,"",0,0,360.920971,,0,,360.920971,,277.37531900000005,,142.62711000000002,
2025,03,BSNZ,ZZ,REP,"","",22033357,"",,"",0,0,72.833013,,0,,72.833013,,34.281797,,24.732486,
2025,03,BSNZ,ZZ,REP,"","",22033358,"",,"",0,0,181.747515,,0,,181.747515,,161.44172700000001,,69.916531,
2025,03,BSNZ,ZZ,REP,"","",22033359,"",,"",0,0,0,,0,,0,,-0.1053,,-2.58644,
2025,03,BSNZ,ZZ,REP,"","",22033360,"",,"",0,0,0,,0,,0,,-0.177839,,-4.368209,
2025,03,BSNZ,ZZ,REP,"","",22033361,"",,"",0,0,0,,0,,0,,-0.1053,,-2.58644,
2025,03,BSNZ,ZZ,REP,"","",22033362,"",,"",0,0,0,,0,,0,,-0.141374,,-3.472535,
2025,03,BSNZ,ZZ,REP,"","",22033370,"",,"",0,0,0,,0,,0,,-0.196559,,-4.828021,
2025,03,BSNZ,ZZ,REP,"","",22033372,"",,"",0,0,1109.357794,,0,,1109.357794,,914.147689,,400.007474,
2025,03,BSNZ,ZZ,REP,"","",22033373,"",,"",0,0,879.423458,,0,,879.423458,,820.7946499999999,,338.28522699999996,
2025,03,BSNZ,ZZ,REP,"","",22033374,"",,"",0,0,891.6125460000001,,0,,891.6125460000001,,615.180173,,343.36303399999997,
2025,03,BSNZ,ZZ,REP,"","",22033375,"",,"",0,0,295.530951,,0,,295.530951,,210.804007,,118.041596,
2025,03,BSNZ,ZZ,REP,"","",22033389,"",,"",0,0,906.007173,,0,,906.007173,,560.447085,,359.579152,
2025,03,BSNZ,ZZ,REP,"","",22033390,"",,"",0,0,0,,0,,0,,-0.194375,,-4.774376,
2025,03,BSNZ,ZZ,REP,"","",22033393,"",,"",0,0,0,,0,,0,,-2.558389,,-62.840904,
2025,03,BSNZ,ZZ,REP,"","",22033406,"",,"",0,0,47.460949,,0,,47.460949,,27.90222,,16.776296,
2025,03,BSNZ,ZZ,REP,"","",22033409,"",,"",0,0,0,,0,,0,,-0.02261,,-0.55535,
2025,03,BSNZ,ZZ,REP,"","",22033413,"",,"",0,0,58.265294,,0,,58.265294,,39.113653,,22.761544999999998,
2025,03,BSNZ,ZZ,REP,"","",22033460,"",,"",0,0,0,,0,,0,,-0.116435,,-2.859964,
2025,03,BSNZ,ZZ,REP,"","",22033732,"",,"",0,0,466.206105,,0,,466.206105,,345.8268359999999,,177.622916,
2025,03,BSNZ,ZZ,REP,"","",22033751,"",,"",0,0,1226.228983,,0,,1226.228983,,912.678915,,470.22328699999997,
2025,03,BSNZ,ZZ,REP,"","",22033765,"",,"",0,0,990.448576,,0,,990.448576,,703.594243,,375.85764200000006,
2025,03,BSNZ,ZZ,REP,"","",22033810,"",,"",0,0,0,,0,,0,,-0.114649,,-2.81609,
2025,03,BSNZ,ZZ,REP,"","",22034129,"",,"",0,0,27.761863,,0,,27.761863,,5.475618999999999,,10.339018,
2025,03,BSNZ,ZZ,REP,"","",22034152,"",,"",0,0,51.927862000000005,,0,,51.927862000000005,,21.534292,,20.741136,
2025,03,BSNZ,ZZ,REP,"","",22034154,"",,"",0,0,417.656347,,0,,417.656347,,394.06707900000004,,164.15555,
2025,03,BSNZ,ZZ,REP,"","",22034157,"",,"",0,0,0,,0,,0,,-0.224899,,-5.524124,
2025,03,BSNZ,ZZ,REP,"","",22034158,"",,"",0,0,5239.482119,,0,,5239.482119,,4352.946595,,2054.154431,
2025,03,BSNZ,ZZ,REP,"","",22034161,"",,"",0,0,0,,0,,0,,-0.310959,,-7.63798,
2025,03,BSNZ,ZZ,REP,"","",22034509,"",,"",0,0,0,,0,,0,,-0.132079,,-3.244226,
2025,03,BSNZ,ZZ,REP,"","",22034511,"",,"",0,0,99.288304,,0,,99.288304,,65.880724,,39.302611,
2025,03,BSNZ,ZZ,REP,"","",22034589,"",,"",0,0,830.5163459999999,,0,,830.5163459999999,,419.372437,,299.539786,
2025,03,BSNZ,ZZ,REP,"","",22034610,"",,"",0,0,5232.201048,,0,,5232.201048,,11405.481694999999,,1991.3607449999993,
2025,03,BSNZ,ZZ,REP,"","",22034897,"",,"",0,0,0,,0,,0,,-2.0365710000000004,,-50.023659,
2025,03,BSNZ,ZZ,REP,"","",22034959,"",,"",0,0,1546.093442,,0,,1546.093442,,722.0182870000001,,581.3744899999999,
2025,03,BSNZ,ZZ,REP,"","",22034960,"",,"",0,0,230.86122,,0,,230.86122,,103.185249,,90.85105700000001,
2025,03,BSNZ,ZZ,REP,"","",22034974,"",,"",0,0,0,,0,,0,,-0.0897,,-2.203263,
2025,03,BSNZ,ZZ,REP,"","",22035025,"",,"",0,0,0,,0,,0,,-0.056974,,-1.399423,
2025,03,BSNZ,ZZ,REP,"","",22035049,"",,"",0,0,0,,0,,0,,-0.007563,,-0.185777,
2025,03,BSNZ,ZZ,REP,"","",22035594,"",,"",0,0,736.465497,,0,,736.465497,,402.391394,,287.59142899999995,
2025,03,BSNZ,ZZ,REP,"","",22036876,"",,"",0,0,75.256313,,0,,75.256313,,36.121082,,29.764756,
2025,03,BSNZ,ZZ,REP,"","",22036887,"",,"",0,0,107.08865100000001,,0,,107.08865100000001,,87.44262,,40.77812099999999,
2025,03,BSNZ,ZZ,REP,"","",22036895,"",,"",0,0,131.092723,,0,,131.092723,,22.509785,,50.737431,
2025,03,BSNZ,ZZ,REP,"","",22036907,"",,"",0,0,78.53391099999999,,0,,78.53391099999999,,32.881406,,28.877533,
2025,03,BSNZ,ZZ,REP,"","",22037499,"",,"",0,0,111.42713900000001,,0,,111.42713900000001,,65.39801499999999,,41.358608000000004,
2025,03,BSNZ,ZZ,REP,"","",22037504,"",,"",0,0,7.509997,,0,,7.509997,,7.574744,,2.136938,
2025,03,BSNZ,ZZ,REP,"","",22039673,"",,"",0,0,0,,0,,0,,-2.558389,,-62.840904,
2025,03,BSNZ,ZZ,REP,"","",22039674,"",,"",0,0,0,,0,,0,,-3.587984,,-88.130537,
2025,03,BSNZ,ZZ,REP,"","",22039676,"",,"",0,0,302.97394399999996,,0,,302.97394399999996,,169.936219,,115.40134300000001,
2025,03,BSNZ,ZZ,REP,"","",22039858,"",,"",0,0,517.100993,,0,,517.100993,,448.18784500000004,,201.80385,
2025,03,BSNZ,ZZ,REP,"","",22039859,"",,"",0,0,0,,0,,0,,-7.152777,,-175.691418,
2025,03,BSNZ,ZZ,REP,"","",22040063,"",,"",0,0,1926.512487,,0,,1926.512487,,783.8756549999999,,738.1614020000001,
2025,03,BSNZ,ZZ,REP,"","",22040173,"",,"",0,0,270.34873,,0,,270.34873,,89.32218200000001,,90.734835,
2025,03,BSNZ,ZZ,REP,"","",22040174,"",,"",0,0,135.950491,,0,,135.950491,,62.882938,,46.649283,
2025,03,BSNZ,ZZ,REP,"","",22040175,"",,"",0,0,126.240539,,0,,126.240539,,63.004312,,48.923893,
2025,03,BSNZ,ZZ,REP,"","",22040201,"",,"",0,0,0,,0,,0,,-0.315573,,-7.751336,
2025,03,BSNZ,ZZ,REP,"","",22040202,"",,"",0,0,316.073166,,0,,316.073166,,150.142719,,121.304468,
2025,03,BSNZ,ZZ,REP,"","",22040669,"",,"",0,0,975.5737549999999,,0,,975.5737549999999,,526.8647060000001,,372.812869,
2025,03,BSNZ,ZZ,REP,"","",22040689,"",,"",0,0,1710.5372530000002,,0,,1710.5372530000002,,813.2959179999998,,650.990291,
2025,03,BSNZ,ZZ,REP,"","",22040690,"",,"",0,0,0,,0,,0,,-0.19669199999999998,,-4.831279,
2025,03,BSNZ,ZZ,REP,"","",22040691,"",,"",0,0,371.79790299999996,,0,,371.79790299999996,,199.54878700000003,,138.84992300000002,
2025,03,BSNZ,ZZ,REP,"","",22040692,"",,"",0,0,0,,0,,0,,-0.260506,,-6.398724,
2025,03,BSNZ,ZZ,REP,"","",22040693,"",,"",0,0,221.88831,,0,,221.88831,,54.626561,,82.43547799999999,
2025,03,BSNZ,ZZ,REP,"","",22040760,"",,"",0,0,0,,0,,0,,-0.144699,,-3.554215,
2025,03,BSNZ,ZZ,REP,"","",22040761,"",,"",0,0,0,,0,,0,,-0.189799,,-4.661978,
2025,03,BSNZ,ZZ,REP,"","",22040773,"",,"",0,0,21.161999,,0,,21.161999,,27.580499,,8.33155,
2025,03,BSNZ,ZZ,REP,"","",22040799,"",,"",0,0,150.512627,,0,,150.512627,,128.706901,,55.899173,
2025,03,BSNZ,ZZ,REP,"","",22040811,"",,"",0,0,-27.828867000000002,,0,,-27.828867000000002,,-22.119943000000006,,-12.388631000000004,
2025,03,BSNZ,ZZ,REP,"","",22041396,"",,"",0,0,237.913359,,0,,237.913359,,208.363115,,88.866573,
2025,03,BSNZ,ZZ,REP,"","",22041399,"",,"",0,0,0,,0,,0,,-0.1872,,-4.598114,
2025,03,BSNZ,ZZ,REP,"","",22041404,"",,"",0,0,43.697574,,0,,43.697574,,39.426501,,17.453777,
2025,03,BSNZ,ZZ,REP,"","",22041405,"",,"",0,0,94.921897,,0,,94.921897,,54.306906,,37.913904,
2025,03,BSNZ,ZZ,REP,"","",22052807,"",,"",0,0,751.625082,,0,,751.625082,,588.4606689999999,,300.215675,
2025,03,BSNZ,ZZ,REP,"","",22052809,"",,"",0,0,49.694405,,0,,49.694405,,33.529002,,17.998495000000002,
2025,03,BSNZ,ZZ,REP,"","",22052810,"",,"",0,0,19.419903,,0,,19.419903,,6.479311,,7.366921999999999,
2025,03,BSNZ,ZZ,REP,"","",22052812,"",,"",0,0,0,,0,,0,,-0.021705000000000002,,-0.5331250000000001,
2025,03,BSNZ,ZZ,REP,"","",22052813,"",,"",0,0,74.245673,,0,,74.245673,,49.41888999999999,,28.123044000000004,
2025,03,BSNZ,ZZ,REP,"","",22052852,"",,"",0,0,915.717124,,0,,915.717124,,836.323045,,365.757664,
2025,03,BSNZ,ZZ,REP,"","",22052853,"",,"",0,0,0,,0,,0,,-0.339127,,-8.329868,
2025,03,BSNZ,ZZ,REP,"","",33000014,"",,"",0,0,24.277671,,0,,24.277671,,0.322856,,9.697039,
2025,03,BSNZ,ZZ,REP,"","",33000045,"",,"",0,0,179257.3558649997,,0,,179257.3558649997,,2216.8909479999943,,67498.43932299988,
2025,03,BSNZ,ZZ,REP,"","",33000050,"",,"",0,0,993.1063870000003,,0,,993.1063870000003,,12.637609999999997,,382.68807999999996,
2025,03,BSNZ,ZZ,REP,"","",33000051,"",,"",0,0,3148.743585,,0,,3148.743585,,40.258324,,1218.005652,
2025,03,BSNZ,ZZ,REP,"","",33000078,"",,"",0,0,94066.55580600003,,0,,94066.55580600003,,1160.0444619999982,,35339.60168199999,
2025,03,BSNZ,ZZ,REP,"","",33000080,"",,"",0,0,2084.0381750000006,,0,,2084.0381750000006,,25.459938,,777.0321759999998,
2025,03,BSNZ,ZZ,REP,"","",33000082,"",,"",0,0,10306.390647999993,,0,,10306.390647999993,,128.92621800000006,,3916.8327889999964,
2025,03,BSNZ,ZZ,REP,"","",33000083,"",,"",0,0,576.0307379999999,,0,,576.0307379999999,,7.173463,,218.12073899999996,
2025,03,BSNZ,ZZ,REP,"","",33000084,"",,"",0,0,169286.74304999996,,0,,169286.74304999996,,2116.026713000002,,64295.321425999886,
2025,03,BSNZ,ZZ,REP,"","",33000085,"",,"",0,0,9104.076405999995,,0,,9104.076405999995,,113.22133899999992,,3443.5789829999985,
2025,03,BSNZ,ZZ,REP,"","",33000087,"",,"",0,0,2289.359817,,0,,2289.359817,,28.591399000000003,,868.8921770000001,
2025,03,BSNZ,ZZ,REP,"","",33000089,"",,"",0,0,719.7257459999998,,0,,719.7257459999998,,9.028644000000003,,274.14647599999984,
2025,03,BSNZ,ZZ,REP,"","",33000094,"",,"",0,0,32789.11657299999,,0,,32789.11657299999,,407.6530869999991,,12399.317517000018,
2025,03,BSNZ,ZZ,REP,"","",33000095,"",,"",0,0,0,,0,,0,,-0.015826,,-0.388732,
2025,03,BSNZ,ZZ,REP,"","",33000096,"",,"",0,0,30040.217548000044,,0,,30040.217548000044,,374.8067710000008,,11392.470886000008,
2025,03,BSNZ,ZZ,REP,"","",33000097,"",,"",0,0,0,,0,,0,,-0.0104,,-0.255451,
2025,03,BSNZ,ZZ,REP,"","",33000098,"",,"",0,0,11.167282,,0,,11.167282,,0.132128,,4.058124,
2025,03,BSNZ,ZZ,REP,"","",33000099,"",,"",0,0,1169.7281319999997,,0,,1169.7281319999997,,14.52874499999999,,441.99344599999984,
2025,03,BSNZ,ZZ,REP,"","",33000101,"",,"",0,0,38.359614,,0,,38.359614,,0.476212,,14.488717000000001,
2025,03,BSNZ,ZZ,REP,"","",33000114,"",,"",0,0,98.545682,,0,,98.545682,,1.25718,,38.051435999999995,
2025,03,BSNZ,ZZ,REP,"","",33000131,"",,"",0,0,50.25277,,0,,50.25277,,0.6536169999999999,,19.711752999999998,
2025,03,BSNZ,ZZ,REP,"","",33000185,"",,"",0,0,1230.818734,,0,,1230.818734,,15.254869,,464.27461200000005,
2025,03,BSNZ,ZZ,REP,"","",33000188,"",,"",0,0,559.2630660000002,,0,,559.2630660000002,,6.856210000000002,,209.108012,
2025,03,BSNZ,ZZ,REP,"","",33000238,"",,"",0,0,590.20202,,0,,590.20202,,7.388259,,224.428051,
2025,03,BSNZ,ZZ,REP,"","",33000241,"",,"",0,0,18.359011,,0,,18.359011,,0.23119099999999998,,7.014768000000002,
2025,03,BSNZ,ZZ,REP,"","",33000242,"",,"",0,0,0,,0,,0,,0.0013309999999999989,,0.032698000000000005,
2025,03,BSNZ,ZZ,REP,"","",33000244,"",,"",0,0,0,,0,,0,,-0.0156,,-0.383176,
2025,03,BSNZ,ZZ,REP,"","",33000370,"",,"",0,0,0,,0,,0,,-0.074973,,-1.841545,
2025,03,BSNZ,ZZ,REP,"","",33000487,"",,"",0,0,0,,0,,0,,-0.0312,,-0.766352,
2025,03,BSNZ,ZZ,REP,"","",33000537,"",,"",0,0,11.725646,,0,,11.725646,,0.147109,,4.4667319999999995,
2025,03,BSNZ,ZZ,REP,"","",33000538,"",,"",0,0,135.079444,,0,,135.079444,,1.7043149999999998,,51.693106,
2025,03,BSNZ,ZZ,REP,"","",33000540,"",,"",0,0,7095.221954999997,,0,,7095.221954999997,,87.45535999999998,,2664.501042000001,
2025,03,BSNZ,ZZ,REP,"","",33000541,"",,"",0,0,101.62226600000001,,0,,101.62226600000001,,1.262095,,38.396112,
2025,03,BSNZ,ZZ,REP,"","",33000542,"",,"",0,0,297.049702,,0,,297.049702,,3.7648770000000003,,114.093593,
2025,03,BSNZ,ZZ,REP,"","",33000543,"",,"",0,0,232.279466,,0,,232.279466,,3.08896,,92.77755400000001,
2025,03,BSNZ,ZZ,REP,"","",33000544,"",,"",0,0,1582.102342,,0,,1582.102342,,20.621586,,621.6607250000001,
2025,03,BSNZ,ZZ,REP,"","",33000545,"",,"",0,0,3214.585877999997,,0,,3214.585877999997,,40.51157899999997,,1229.018340000001,
2025,03,BSNZ,ZZ,REP,"","",33000546,"",,"",0,0,4628.603871000003,,0,,4628.603871000003,,57.72692900000004,,1754.7799709999995,
2025,03,BSNZ,ZZ,REP,"","",33000547,"",,"",0,0,2233.5959959999996,,0,,2233.5959959999996,,28.22541499999999,,855.8442899999998,
2025,03,BSNZ,ZZ,REP,"","",33000548,"",,"",0,0,2383.527924,,0,,2383.527924,,29.606294000000002,,900.6740210000005,
2025,03,BSNZ,ZZ,REP,"","",33000549,"",,"",0,0,1030.310188,,0,,1030.310188,,12.993082000000001,,394.127044,
2025,03,BSNZ,ZZ,REP,"","",33000550,"",,"",0,0,440.42085199999997,,0,,440.42085199999997,,5.426300999999999,,165.33662800000002,
2025,03,BSNZ,ZZ,REP,"","",33000551,"",,"",0,0,144.834064,,0,,144.834064,,1.865036,,56.350751,
2025,03,BSNZ,ZZ,REP,"","",33000552,"",,"",0,0,5391.105892,,0,,5391.105892,,67.679371,,2054.73059,
2025,03,BSNZ,ZZ,REP,"","",33000553,"",,"",0,0,742.624253,,0,,742.624253,,9.875763000000001,,296.620545,
2025,03,BSNZ,ZZ,REP,"","",33000554,"",,"",0,0,1532.5810380000005,,0,,1532.5810380000005,,19.197657,,583.081478,
2025,03,BSNZ,ZZ,REP,"","",33000555,"",,"",0,0,1625.3029739999997,,0,,1625.3029739999997,,20.507312000000006,,621.9977630000001,
2025,03,BSNZ,ZZ,REP,"","",33000556,"",,"",0,0,1070.7580850000002,,0,,1070.7580850000002,,13.660388,,413.46146100000004,
2025,03,BSNZ,ZZ,REP,"","",33000560,"",,"",0,0,1170.275318,,0,,1170.275318,,9.390591000000004,,315.82644200000004,
2025,03,BSNZ,ZZ,REP,"","",33000561,"",,"",0,0,32529.784402999925,,0,,32529.784402999925,,402.70463500000295,,12258.899630999935,
2025,03,BSNZ,ZZ,REP,"","",33000562,"",,"",0,0,45877.47266400002,,0,,45877.47266400002,,576.1729819999991,,17491.138757999994,
2025,03,BSNZ,ZZ,REP,"","",33000563,"",,"",0,0,1671.742116,,0,,1671.742116,,20.87987100000001,,634.5286039999999,
2025,03,BSNZ,ZZ,REP,"","",33000564,"",,"",0,0,0,,0,,0,,0,,0,
2025,03,BSNZ,ZZ,REP,"","",33000579,"",,"",0,0,18344.57232599993,,0,,18344.57232599993,,229.00517900000017,,6960.025765000008,
2025,03,BSNZ,ZZ,REP,"","",33000588,"",,"",0,0,2159.78584,,0,,2159.78584,,27.485968,,832.3099080000001,
2025,03,BSNZ,ZZ,REP,"","",33000589,"",,"",0,0,347.07912699999997,,0,,347.07912699999997,,4.286576,,130.54892700000002,
2025,03,BSNZ,ZZ,REP,"","",33000590,"",,"",0,0,61.140869,,0,,61.140869,,0.81308,,24.421015,
2025,03,BSNZ,ZZ,REP,"","",33000598,"",,"",0,0,593.8704789999999,,0,,593.8704789999999,,7.4900309999999966,,227.19470400000006,
2025,03,BSNZ,ZZ,REP,"","",33000599,"",,"",0,0,599.135853,,0,,599.135853,,7.444567,,226.46155,
2025,03,BSNZ,ZZ,REP,"","",33000600,"",,"",0,0,1638.5697120000002,,0,,1638.5697120000002,,20.679888000000002,,627.202076,
2025,03,BSNZ,ZZ,REP,"","",33000640,"",,"",0,0,3090.271692,,0,,3090.271692,,37.75133099999999,,1152.171767,
2025,03,BSNZ,ZZ,REP,"","",33000641,"",,"",0,0,2953.734922,,0,,2953.734922,,36.075106999999996,,1101.062703,
2025,03,BSNZ,ZZ,REP,"","",33000642,"",,"",0,0,9280.480365,,0,,9280.480365,,115.021209,,3500.6265720000006,
2025,03,BSNZ,ZZ,REP,"","",33000643,"",,"",0,0,9292.261848999999,,0,,9292.261848999999,,115.18933399999999,,3505.6136080000006,
2025,03,BSNZ,ZZ,REP,"","",33000644,"",,"",0,0,8266.340404999999,,0,,8266.340404999999,,102.119081,,3109.9105599999994,
2025,03,BSNZ,ZZ,REP,"","",33000645,"",,"",0,0,9069.552748,,0,,9069.552748,,111.988612,,3410.787319,
2025,03,BSNZ,ZZ,REP,"","",33000646,"",,"",0,0,9680.308150000003,,0,,9680.308150000003,,119.373483,,3636.627815,
2025,03,BSNZ,ZZ,REP,"","",33000647,"",,"",0,0,8879.312515000001,,0,,8879.312515000001,,109.174753,,3327.826395,
2025,03,BSNZ,ZZ,REP,"","",33000648,"",,"",0,0,65208.015386999985,,0,,65208.015386999985,,809.529327,,24629.796487,
2025,03,BSNZ,ZZ,REP,"","",33000649,"",,"",0,0,63724.799327,,0,,63724.799327,,790.761881,,24060.874934,
2025,03,BSNZ,ZZ,REP,"","",33000660,"",,"",0,0,1047.2286259999998,,0,,1047.2286259999998,,13.033847999999995,,396.35969899999986,
2025,03,BSNZ,ZZ,REP,"","",33000661,"",,"",0,0,5.605974999999997,,0,,5.605974999999997,,0.06933100000000003,,2.1109149999999985,
2025,03,BSNZ,ZZ,REP,"","",33000663,"",,"",0,0,102.47098,,0,,102.47098,,1.3504869999999998,,40.62902,
2025,03,BSNZ,ZZ,REP,"","",33000664,"",,"",0,0,17.085941,,0,,17.085941,,0.1795280000000001,,5.653134000000002,
2025,03,BSNZ,ZZ,REP,"","",33000665,"",,"",0,0,0,,0,,0,,-0.022765,,-0.5591829999999999,
2025,03,BSNZ,ZZ,REP,"","",33000666,"",,"",0,0,6.700369000000002,,0,,6.700369000000002,,0.10813200000000003,,3.143624,
2025,03,BSNZ,ZZ,REP,"","",33000667,"",,"",0,0,2401.6691730000002,,0,,2401.6691730000002,,30.670745000000004,,928.139855,
2025,03,BSNZ,ZZ,REP,"","",33000668,"",,"",0,0,5007.487415000001,,0,,5007.487415000001,,61.965035000000015,,1886.4529589999997,
2025,03,BSNZ,ZZ,REP,"","",33000669,"",,"",0,0,239058.11188000033,,0,,239058.11188000033,,2959.917582999995,,90101.23125899973,
2025,03,BSNZ,ZZ,REP,"","",33000670,"",,"",0,0,244.7086489999998,,0,,244.7086489999998,,3.0750879999999996,,93.34126400000002,
2025,03,BSNZ,ZZ,REP,"","",33000671,"",,"",0,0,6436.184811000002,,0,,6436.184811000002,,80.31034200000002,,2441.037923,
2025,03,BSNZ,ZZ,REP,"","",33000672,"",,"",0,0,4736.044296,,0,,4736.044296,,60.91825600000001,,1840.9865799999998,
2025,03,BSNZ,ZZ,REP,"","",33000673,"",,"",0,0,657.417891,,0,,657.417891,,7.903841999999999,,241.98391800000002,
2025,03,BSNZ,ZZ,REP,"","",33000674,"",,"",0,0,846.971338,,0,,846.971338,,10.724485999999999,,325.06148699999994,
2025,03,BSNZ,ZZ,REP,"","",33000675,"",,"",0,0,318.077694,,0,,318.077694,,3.982453,,120.96817200000001,
2025,03,BSNZ,ZZ,REP,"","",33000676,"",,"",0,0,249.47707999999997,,0,,249.47707999999997,,2.914497,,89.74385500000002,
2025,03,BSNZ,ZZ,REP,"","",33000678,"",,"",0,0,741.8425460000001,,0,,741.8425460000001,,8.700595000000003,,267.698394,
2025,03,BSNZ,ZZ,REP,"","",33000688,"",,"",0,0,1390.0027579999999,,0,,1390.0027579999999,,17.398367,,528.509547,
2025,03,BSNZ,ZZ,REP,"","",33000689,"",,"",0,0,-97.110684,,0,,-97.110684,,-1.2348990000000002,,-37.39978,
2025,03,BSNZ,ZZ,REP,"","",33000690,"",,"",0,0,24.277671,,0,,24.277671,,0.322856,,9.697039,
2025,03,BSNZ,ZZ,REP,"","",33000691,"",,"",0,0,171.86447,,0,,171.86447,,2.0561299999999996,,63.01167,
2025,03,BSNZ,ZZ,REP,"","",33000692,"",,"",0,0,-174.773546,,0,,-174.773546,,-2.288038,,-68.91970500000001,
2025,03,BSNZ,ZZ,REP,"","",33000693,"",,"",0,0,864.068445,,0,,864.068445,,10.536940999999999,,321.69911299999995,
2025,03,BSNZ,ZZ,REP,"","",33000694,"",,"",0,0,-128.077557,,0,,-128.077557,,-1.638244,,-49.560632,
2025,03,BSNZ,ZZ,REP,"","",33000695,"",,"",0,0,-145.66602600000002,,0,,-145.66602600000002,,-1.8580020000000002,,-56.238506,
2025,03,BSNZ,ZZ,REP,"","",33000696,"",,"",0,0,-14.567719,,0,,-14.567719,,-0.162121,,-5.04229,
2025,03,BSNZ,ZZ,REP,"","",33000697,"",,"",0,0,0,,0,,0,,0.102419,,2.51568,
2025,03,BSNZ,ZZ,REP,"","",33000698,"",,"",0,0,-269.969042,,0,,-269.969042,,-3.518282,,-106.06573599999999,
2025,03,BSNZ,ZZ,REP,"","",33000699,"",,"",0,0,74.24567400000001,,0,,74.24567400000001,,0.929814,,28.242018,
2025,03,BSNZ,ZZ,REP,"","",33000701,"",,"",0,0,101.231412,,0,,101.231412,,0.9112910000000002,,29.750982999999998,
2025,03,BSNZ,ZZ,REP,"","",33000702,"",,"",0,0,62.279932,,0,,62.279932,,0.8027910000000001,,24.251148,
2025,03,BSNZ,ZZ,REP,"","",33000703,"",,"",0,0,-82.537381,,0,,-82.537381,,-1.097621,,-32.967255,
2025,03,BSNZ,ZZ,REP,"","",33000704,"",,"",0,0,0,,0,,0,,0.018226,,0.447677,
2025,03,BSNZ,ZZ,REP,"","",33000706,"",,"",0,0,-218.47112199999998,,0,,-218.47112199999998,,-2.718825,,-82.681132,
2025,03,BSNZ,ZZ,REP,"","",33000707,"",,"",0,0,-145.66602600000002,,0,,-145.66602600000002,,-1.8330520000000003,,-55.625679999999996,
2025,03,BSNZ,ZZ,REP,"","",33000708,"",,"",0,0,-131.08714,,0,,-131.08714,,-1.493354,,-46.220809,
2025,03,BSNZ,ZZ,REP,"","",33000709,"",,"",0,0,-6.4044360000000005,,0,,-6.4044360000000005,,-0.085169,,-2.5580730000000003,
2025,03,BSNZ,ZZ,REP,"","",33000710,"",,"",0,0,17.96257300000002,,0,,17.96257300000002,,0.06153699999999973,,2.818765000000017,
2025,03,BSNZ,ZZ,REP,"","",33000712,"",,"",0,0,0,,0,,0,,-0.3198,,-7.855112999999999,
2025,03,BSNZ,ZZ,REP,"","",33000719,"",,"",0,0,241.213291,,0,,241.213291,,2.8319,,87.113609,
2025,03,BSNZ,ZZ,REP,"","",33000720,"",,"",0,0,356.163708,,0,,356.163708,,4.380272000000001,,133.511424,
2025,03,BSNZ,ZZ,REP,"","",33000721,"",,"",0,0,0,,0,,0,,0.045219,,1.1107,
2025,03,BSNZ,ZZ,REP,"","",33000722,"",,"",0,0,-104.91661400000001,,0,,-104.91661400000001,,-1.3166569999999997,,-39.976021,
2025,03,BSNZ,ZZ,REP,"","",33000723,"",,"",0,0,0,,0,,0,,-0.000006,,-0.000128,
2025,03,BSNZ,ZZ,REP,"","",33000725,"",,"",0,0,-788.1532629999999,,0,,-788.1532629999999,,-9.968627999999999,,-302.214987,
2025,03,BSNZ,ZZ,REP,"","",33000726,"",,"",0,0,-1490.318453,,0,,-1490.318453,,-17.985719,,-550.236988,
2025,03,BSNZ,ZZ,REP,"","",33000727,"",,"",0,0,0,,0,,0,,-0.030974,,-0.760796,
2025,03,BSNZ,ZZ,REP,"","",33000728,"",,"",0,0,-1839.4746889999994,,0,,-1839.4746889999994,,-22.625272,,-689.6072170000002,
2025,03,BSNZ,ZZ,REP,"","",33000729,"",,"",0,0,-1421.8909290000001,,0,,-1421.8909290000001,,-17.734152,,-539.077986,
2025,03,BSNZ,ZZ,REP,"","",33000731,"",,"",0,0,-545.0806160000001,,0,,-545.0806160000001,,-6.9160639999999995,,-209.545889,
2025,03,BSNZ,ZZ,REP,"","",33000732,"",,"",0,0,-2182.5056750000003,,0,,-2182.5056750000003,,-27.033242,,-822.843196,
2025,03,BSNZ,ZZ,REP,"","",33000734,"",,"",0,0,-77.19942,,0,,-77.19942,,-0.8828440000000001,,-27.303292,
2025,03,BSNZ,ZZ,REP,"","",33000735,"",,"",0,0,-2413.26639,,0,,-2413.26639,,-29.631688,,-903.4618109999999,
2025,03,BSNZ,ZZ,REP,"","",33000736,"",,"",0,0,-3430.002748,,0,,-3430.002748,,-42.217123,,-1286.5879840000002,
2025,03,BSNZ,ZZ,REP,"","",33000737,"",,"",0,0,-154.39884,,0,,-154.39884,,-2.053268,,-61.67031,
2025,03,BSNZ,ZZ,REP,"","",33000738,"",,"",0,0,-4595.085271000001,,0,,-4595.085271000001,,-56.22820899999999,,-1715.5280149999994,
2025,03,BSNZ,ZZ,REP,"","",33000739,"",,"",0,0,-20231.787132000005,,0,,-20231.787132000005,,-250.350053,,-7621.659320999997,
2025,03,BSNZ,ZZ,REP,"","",33000740,"",,"",0,0,0,,0,,0,,-0.005907,,-0.145096,
2025,03,BSNZ,ZZ,REP,"","",33000741,"",,"",0,0,-191.792485,,0,,-191.792485,,-2.495054,,-75.24313599999999,
2025,03,BSNZ,ZZ,REP,"","",33000742,"",,"",0,0,-501.578472,,0,,-501.578472,,-6.285971,,-190.90326000000005,
2025,03,BSNZ,ZZ,REP,"","",33000743,"",,"",0,0,-1939.5949569999998,,0,,-1939.5949569999998,,-23.75233,,-724.5771579999999,
2025,03,BSNZ,ZZ,REP,"","",33000744,"",,"",0,0,0,,0,,0,,0.009043,,0.222114,
2025,03,BSNZ,ZZ,REP,"","",33000745,"",,"",0,0,-851.851437,,0,,-851.851437,,-10.054734,,-308.96566,
2025,03,BSNZ,ZZ,REP,"","",33000746,"",,"",0,0,-526.040402,,0,,-526.040402,,-6.3243480000000005,,-193.626198,
2025,03,BSNZ,ZZ,REP,"","",33000747,"",,"",0,0,0,,0,,0,,0.029164,,0.716348,
2025,03,BSNZ,ZZ,REP,"","",33000748,"",,"",0,0,-3371.9161270000004,,0,,-3371.9161270000004,,-41.794878,,-1271.989212,
2025,03,BSNZ,ZZ,REP,"","",33000749,"",,"",0,0,-6772.107821999998,,0,,-6772.107821999998,,-84.962292,,-2579.749352,
2025,03,BSNZ,ZZ,REP,"","",33000751,"",,"",0,0,4215.972813999999,,0,,4215.972813999999,,52.060367,,1585.5641939999998,
2025,03,BSNZ,ZZ,REP,"","",33000761,"",,"",0,0,71.839125,,0,,71.839125,,0.875315,,26.728248999999998,
2025,03,BSNZ,ZZ,REP,"","",33000767,"",,"",0,0,6495.561250999998,,0,,6495.561250999998,,81.44972800000002,,2473.345310999999,
2025,03,BSNZ,ZZ,REP,"","",33000768,"",,"",0,0,3070.421853,,0,,3070.421853,,38.19536100000001,,1161.633816,
2025,03,BSNZ,ZZ,REP,"","",33000769,"",,"",0,0,752.803229,,0,,752.803229,,8.778030999999999,,270.3980849999999,
2025,03,BSNZ,ZZ,REP,"","",33000772,"",,"",0,0,27.544101999999995,,0,,27.544101999999995,,0.3088129999999998,,9.589846999999992,
2025,03,BSNZ,ZZ,REP,"","",33000773,"",,"",0,0,125.631924,,0,,125.631924,,1.5882039999999997,,48.153546999999996,
2025,03,BSNZ,ZZ,REP,"","",33000774,"",,"",0,0,312.11436800000007,,0,,312.11436800000007,,3.955477,,119.87152699999999,
2025,03,BSNZ,ZZ,REP,"","",33000775,"",,"",0,0,516.581715,,0,,516.581715,,6.294986999999999,,192.21660200000002,
2025,03,BSNZ,ZZ,REP,"","",33000778,"",,"",0,0,3551.938304999999,,0,,3551.938304999999,,43.139059,,1318.107375,
2025,03,BSNZ,ZZ,REP,"","",33000779,"",,"",0,0,2325.279372,,0,,2325.279372,,28.779705999999997,,876.1315859999999,
2025,03,BSNZ,ZZ,REP,"","",33000780,"",,"",0,0,8142.869349,,0,,8142.869349,,100.570239,,3062.881114,
2025,03,BSNZ,ZZ,REP,"","",33000781,"",,"",0,0,109.24393600000002,,0,,109.24393600000002,,1.2888719999999998,,39.608538,
2025,03,BSNZ,ZZ,REP,"","",33000782,"",,"",0,0,0,,0,,0,,0.072376,,1.777747,
2025,03,BSNZ,ZZ,REP,"","",33000783,"",,"",0,0,1547.9639619999998,,0,,1547.9639619999998,,19.333047999999998,,587.5262549999999,
2025,03,BSNZ,ZZ,REP,"","",33000784,"",,"",0,0,322.65627800000004,,0,,322.65627800000004,,3.9846969999999997,,121.356471,
2025,03,BSNZ,ZZ,REP,"","",33000785,"",,"",0,0,92.928537,,0,,92.928537,,1.070906,,33.067283,
2025,03,BSNZ,ZZ,REP,"","",33000787,"",,"",0,0,362.28896199999997,,0,,362.28896199999997,,4.530941,,137.658012,
2025,03,BSNZ,ZZ,REP,"","",33000788,"",,"",0,0,38.59971,,0,,38.59971,,0.513317,,15.417578,
2025,03,BSNZ,ZZ,REP,"","",33000790,"",,"",0,0,-208.79467,,0,,-208.79467,,-2.58589,,-78.7116,
2025,03,BSNZ,ZZ,REP,"","",33000791,"",,"",0,0,26.700971,,0,,26.700971,,0.5099239999999999,,14.468302,
2025,03,BSNZ,ZZ,REP,"","",33000792,"",,"",0,0,-19.704669000000003,,0,,-19.704669000000003,,-0.25661300000000004,,-7.737136,
2025,03,BSNZ,ZZ,REP,"","",33000796,"",,"",0,0,0,,0,,0,,0.012428,,0.305264,
2025,03,BSNZ,ZZ,REP,"","",33000797,"",,"",0,0,-276.26739000000003,,0,,-276.26739000000003,,-3.2480010000000004,,-99.88531499999999,
2025,03,BSNZ,ZZ,REP,"","",33000798,"",,"",0,0,85620.293716,,0,,85620.293716,,1061.0407779999998,,32293.118354000013,
2025,03,BSNZ,ZZ,REP,"","",33000799,"",,"",0,0,567.593858,,0,,567.593858,,6.714307000000001,,206.228701,
2025,03,BSNZ,ZZ,REP,"","",33000801,"",,"",0,0,0,,0,,0,,-0.0078,,-0.191588,
2025,03,BSNZ,ZZ,REP,"","",33000802,"",,"",0,0,0,,0,,0,,-0.004123999999999999,,-0.10128700000000002,
2025,03,BSNZ,ZZ,REP,"","",33000803,"",,"",0,0,33.501846,,0,,33.501846,,0.399118,,12.241557,
2025,03,BSNZ,ZZ,REP,"","",33000805,"",,"",0,0,112.66112399999999,,0,,112.66112399999999,,1.486948,,44.722498,
2025,03,BSNZ,ZZ,REP,"","",33000808,"",,"",0,0,0,,0,,0,,-0.022383,,-0.549794,
2025,03,BSNZ,ZZ,REP,"","",33000810,"",,"",0,0,65.546362,,0,,65.546362,,0.8524470000000001,,25.708593,
2025,03,BSNZ,ZZ,REP,"","",33000812,"",,"",0,0,1710.978361,,0,,1710.978361,,22.412086000000002,,675.019327,
2025,03,BSNZ,ZZ,REP,"","",33000813,"",,"",0,0,957.482759,,0,,957.482759,,11.431950999999998,,350.48122499999994,
2025,03,BSNZ,ZZ,REP,"","",33000814,"",,"",0,0,-250.526804,,0,,-250.526804,,-3.174105,,-96.196886,
2025,03,BSNZ,ZZ,REP,"","",33000815,"",,"",0,0,37.868254,,0,,37.868254,,0.46868200000000004,,14.267997,
2025,03,BSNZ,ZZ,REP,"","",33000816,"",,"",0,0,19602.963067999997,,0,,19602.963067999997,,241.04113999999998,,7347.2441199999985,
2025,03,BSNZ,ZZ,REP,"","",33000817,"",,"",0,0,0.011168,,0,,0.011168,,0.000148,,0.00446,
2025,03,BSNZ,ZZ,REP,"","",33000818,"",,"",0,0,686.050802,,0,,686.050802,,8.439289,,257.21966399999997,
2025,03,BSNZ,ZZ,REP,"","",33000819,"",,"",0,0,37775.02321199999,,0,,37775.02321199999,,467.353837,,14228.582640000002,
2025,03,BSNZ,ZZ,REP,"","",33000820,"",,"",0,0,0,,0,,0,,-0.026,,-0.638627,
2025,03,BSNZ,ZZ,REP,"","",33000821,"",,"",0,0,70.72798,,0,,70.72798,,0.7461310000000001,,23.474281999999995,
2025,03,BSNZ,ZZ,REP,"","",33000822,"",,"",0,0,137.977352,,0,,137.977352,,1.623259,,49.91303599999999,
2025,03,BSNZ,ZZ,REP,"","",33000868,"",,"",0,0,-2493.9220850000006,,0,,-2493.9220850000006,,-31.113083999999997,,-945.718742,
2025,03,BSNZ,ZZ,REP,"","",33000870,"",,"",0,0,45399.445909,,0,,45399.445909,,556.231792,,16966.539236,
2025,03,BSNZ,ZZ,REP,"","",33000871,"",,"",0,0,290.583844,,0,,290.583844,,3.707306,,112.208945,
2025,03,BSNZ,ZZ,REP,"","",33000872,"",,"",0,0,77823.56543999998,,0,,77823.56543999998,,964.492581,,29354.220263999996,
2025,03,BSNZ,ZZ,REP,"","",33000873,"",,"",0,0,0,,0,,0,,-0.056524,,-1.388375,
2025,03,BSNZ,ZZ,REP,"","",33000874,"",,"",0,0,2218.693253,,0,,2218.693253,,27.071215,,826.409488,
2025,03,BSNZ,ZZ,REP,"","",33000876,"",,"",0,0,0,,0,,0,,-0.121648,,-2.988009,
2025,03,BSNZ,ZZ,REP,"","",33000877,"",,"",0,0,0,,0,,0,,-0.000226,,-0.005556,
2025,03,BSNZ,ZZ,REP,"","",33000883,"",,"",0,0,2931.9810509999998,,0,,2931.9810509999998,,36.98894800000003,,1121.9259509999993,
2025,03,BSNZ,ZZ,REP,"","",33000884,"",,"",0,0,416.7685470000006,,0,,416.7685470000006,,4.942204999999994,,151.72457400000002,
2025,03,BSNZ,ZZ,REP,"","",33000885,"",,"",0,0,61550.01582300001,,0,,61550.01582300001,,763.059042,,23222.146747,
2025,03,BSNZ,ZZ,REP,"","",33000886,"",,"",0,0,51.693349999999995,,0,,51.693349999999995,,0.6484550000000001,,19.689843000000003,
2025,03,BSNZ,ZZ,REP,"","",33000887,"",,"",0,0,28.498904,,0,,28.498904,,0.347792,,10.616739999999998,
2025,03,BSNZ,ZZ,REP,"","",33000888,"",,"",0,0,44.669128,,0,,44.669128,,0.555031,,16.883896000000004,
2025,03,BSNZ,ZZ,REP,"","",33000889,"",,"",0,0,268.014768,,0,,268.014768,,2.519379,,81.38779500000004,
2025,03,BSNZ,ZZ,REP,"","",33000891,"",,"",0,0,94.921897,,0,,94.921897,,1.129716,,34.656906,
2025,03,BSNZ,ZZ,REP,"","",33000893,"",,"",0,0,847.339856,,0,,847.339856,,10.888608,,329.119505,
2025,03,BSNZ,ZZ,REP,"","",33000895,"",,"",0,0,14.042857999999995,,0,,14.042857999999995,,0.015735999999999972,,1.4085220000000014,
2025,03,BSNZ,ZZ,REP,"","",33000896,"",,"",0,0,0,,0,,0,,-0.009045,,-0.222178,
2025,03,BSNZ,ZZ,REP,"","",33001058,"",,"",0,0,-101.52734499999997,,0,,-101.52734499999997,,-1.3028809999999984,,-39.39104999999998,
2025,03,BSNZ,ZZ,REP,"","",33001059,"",,"",0,0,65.613365,,0,,65.613365,,0.76725,,23.620797,
2025,03,BSNZ,ZZ,REP,"","",33001061,"",,"",0,0,2744.0021959999995,,0,,2744.0021959999995,,34.067113000000006,,1036.477409,
2025,03,BSNZ,ZZ,REP,"","",33001062,"",,"",0,0,-133.756121,,0,,-133.756121,,-1.6928349999999999,,-51.314809,
2025,03,BSNZ,ZZ,REP,"","",33001064,"",,"",0,0,-43.049872,,0,,-43.049872,,-0.572497,,-17.195071,
2025,03,BSNZ,ZZ,REP,"","",33001065,"",,"",0,0,282.236302,,0,,282.236302,,3.3964369999999997,,103.965622,
2025,03,BSNZ,ZZ,REP,"","",33001069,"",,"",0,0,0,,0,,0,,0.014435,,0.354566,
2025,03,BSNZ,ZZ,REP,"","",33001070,"",,"",0,0,293.00714600000003,,0,,293.00714600000003,,3.659984,,111.222982,
2025,03,BSNZ,ZZ,REP,"","",33001071,"",,"",0,0,191.624978,,0,,191.624978,,2.380334000000001,,72.41314999999999,
2025,03,BSNZ,ZZ,REP,"","",33001072,"",,"",0,0,1532.5587049999992,,0,,1532.5587049999992,,18.43405699999999,,564.3235699999998,
2025,03,BSNZ,ZZ,REP,"","",33001073,"",,"",0,0,1178.399516,,0,,1178.399516,,13.579268999999996,,419.302673,
2025,03,BSNZ,ZZ,REP,"","",33001074,"",,"",0,0,1955.27382,,0,,1955.27382,,24.107796,,734.449351,
2025,03,BSNZ,ZZ,REP,"","",33001075,"",,"",0,0,2449.81132,,0,,2449.81132,,30.846487999999997,,935.9602739999999,
2025,03,BSNZ,ZZ,REP,"","",33001076,"",,"",0,0,50.984226,,0,,50.984226,,0.6701010000000001,,20.169893000000002,
2025,03,BSNZ,ZZ,REP,"","",33001081,"",,"",0,0,575.115024,,0,,575.115024,,7.025158,,214.41138199999997,
2025,03,BSNZ,ZZ,REP,"","",33001082,"",,"",0,0,189.36360100000002,,0,,189.36360100000002,,1.9301599999999999,,61.191033000000004,
2025,03,BSNZ,ZZ,REP,"","",33001083,"",,"",0,0,459.969179,,0,,459.969179,,5.980281999999999,,180.366513,
2025,03,BSNZ,ZZ,REP,"","",33001084,"",,"",0,0,4466.9128,,0,,4466.9128,,56.246641999999994,,1706.652869,
2025,03,BSNZ,ZZ,REP,"","",33001085,"",,"",0,0,0,,0,,0,,-0.095953,,-2.356853,
2025,03,BSNZ,ZZ,REP,"","",33001086,"",,"",0,0,0,,0,,0,,-0.011081,,-0.272183,
2025,03,BSNZ,ZZ,REP,"","",33001101,"",,"",0,0,5738.162676999998,,0,,5738.162676999998,,69.16270800000001,,2116.4227059999994,
2025,03,BSNZ,ZZ,REP,"","",33001107,"",,"",0,0,-26.706555,,0,,-26.706555,,-0.34272,,-10.361733,
2025,03,BSNZ,ZZ,REP,"","",33001128,"",,"",0,0,104313.42484999972,,0,,104313.42484999972,,1291.8383140000055,,39322.53876099987,
2025,03,BSNZ,ZZ,REP,"","",33001129,"",,"",0,0,68761.14304299987,,0,,68761.14304299987,,851.6295140000001,,25922.47246599997,
2025,03,BSNZ,ZZ,REP,"","",33001130,"",,"",0,0,-3.80246,,0,,-3.80246,,-0.072485,,-2.0571490000000003,
2025,03,BSNZ,ZZ,REP,"","",33001131,"",,"",0,0,908.6370659999999,,0,,908.6370659999999,,11.192881999999999,,341.054265,
2025,03,BSNZ,ZZ,REP,"","",33001132,"",,"",0,0,12611.474001000006,,0,,12611.474001000006,,158.17053900000005,,4802.9073929999995,
2025,03,BSNZ,ZZ,REP,"","",33001137,"",,"",0,0,3420.4323850000073,,0,,3420.4323850000073,,48.650833000000034,,1443.9206799999993,
2025,03,BSNZ,ZZ,REP,"","",33001149,"",,"",0,0,14531.643483000014,,0,,14531.643483000014,,180.526622,,5491.775533999993,
2025,03,BSNZ,ZZ,REP,"","",33001170,"",,"",0,0,241.805157,,0,,241.805157,,2.821573,,86.90303899999999,
2025,03,BSNZ,ZZ,REP,"","",33001176,"",,"",0,0,-29.14660599999999,,0,,-29.14660599999999,,0.006935000000000154,,-1.9508239999999961,
2025,03,BSNZ,ZZ,REP,"","",33001178,"",,"",0,0,1987.7817770000004,,0,,1987.7817770000004,,25.730713999999995,,776.6783269999999,
2025,03,BSNZ,ZZ,REP,"","",33001179,"",,"",0,0,89.338256,,0,,89.338256,,1.188062,,35.683675,
2025,03,BSNZ,ZZ,REP,"","",33001287,"",,"",0,0,50.956308,,0,,50.956308,,0.65391,,19.770201,
2025,03,BSNZ,ZZ,REP,"","",33001297,"",,"",0,0,4156.484697,,0,,4156.484697,,52.653496999999994,,1595.8039019999999,
2025,03,BSNZ,ZZ,REP,"","",33001307,"",,"",0,0,-34.110463,,0,,-34.110463,,-0.4693939999999999,,-14.011992000000001,
2025,03,BSNZ,ZZ,REP,"","",33001317,"",,"",0,0,0,,0,,0,,0.002194,,0.0539,
2025,03,BSNZ,ZZ,REP,"","",33001357,"",,"",0,0,466.79238699999996,,0,,466.79238699999996,,5.5810249999999995,,171.056287,
2025,03,BSNZ,ZZ,REP,"","",33001359,"",,"",0,0,622.570389,,0,,622.570389,,8.062913000000002,,243.35499899999996,
2025,03,BSNZ,ZZ,REP,"","",33001360,"",,"",0,0,950.6148800000001,,0,,950.6148800000001,,12.193222,,368.680283,
2025,03,BSNZ,ZZ,REP,"","",33001361,"",,"",0,0,731.747323,,0,,731.747323,,9.054041999999999,,275.64531100000005,
2025,03,BSNZ,ZZ,REP,"","",33001362,"",,"",0,0,865.464355,,0,,865.464355,,10.780239,,327.776705,
2025,03,BSNZ,ZZ,REP,"","",33001363,"",,"",0,0,0,,0,,0,,-0.379598,,-9.323955,
2025,03,BSNZ,ZZ,REP,"","",33001364,"",,"",0,0,1276.420333,,0,,1276.420333,,16.480913,,497.7083359999999,
2025,03,BSNZ,ZZ,REP,"","",33001365,"",,"",0,0,887.5755730000001,,0,,887.5755730000001,,10.639899,,325.93874400000004,
2025,03,BSNZ,ZZ,REP,"","",33001366,"",,"",0,0,821.911955,,0,,821.911955,,10.189691999999997,,310.101708,
2025,03,BSNZ,ZZ,REP,"","",33001367,"",,"",0,0,2174.6829959999995,,0,,2174.6829959999995,,28.07135,,847.772635,
2025,03,BSNZ,ZZ,REP,"","",33001368,"",,"",0,0,0,,0,,0,,-0.24439899999999998,,-6.003095,
2025,03,BSNZ,ZZ,REP,"","",33001369,"",,"",0,0,1072.059072,,0,,1072.059072,,13.355847,,406.075667,
2025,03,BSNZ,ZZ,REP,"","",33001370,"",,"",0,0,477.736324,,0,,477.736324,,5.740238,,175.763455,
2025,03,BSNZ,ZZ,REP,"","",33001371,"",,"",0,0,1154.69696,,0,,1154.69696,,15.0502,,453.707625,
2025,03,BSNZ,ZZ,REP,"","",33001372,"",,"",0,0,244.005112,,0,,244.005112,,2.4180969999999986,,77.15269199999997,
2025,03,BSNZ,ZZ,REP,"","",33001377,"",,"",0,0,0,,0,,0,,-0.05161,,-1.2676749999999999,
2025,03,BSNZ,ZZ,REP,"","",33001389,"",,"",0,0,0,,0,,0,,-0.826797,,-20.308341000000002,
2025,03,BSNZ,ZZ,REP,"","",33001408,"",,"",0,0,-123.31471099999999,,0,,-123.31471099999999,,-1.5991900000000001,,-48.254786,
2025,03,BSNZ,ZZ,REP,"","",33001437,"",,"",0,0,-135.92257400000003,,0,,-135.92257400000003,,-1.6959349999999997,,-51.548663999999995,
2025,03,BSNZ,ZZ,REP,"","",33001438,"",,"",0,0,-327.737393,,0,,-327.737393,,-4.069234,,-123.80274899999998,
2025,03,BSNZ,ZZ,REP,"","",33001461,"",,"",0,0,390.85487,,0,,390.85487,,4.888371,,148.51641500000002,
2025,03,BSNZ,ZZ,REP,"","",33001462,"",,"",0,0,0,,0,,0,,-0.2184,,-5.364468,
2025,03,BSNZ,ZZ,REP,"","",33001464,"",,"",0,0,16.750923,,0,,16.750923,,0.222762,,6.690689,
2025,03,BSNZ,ZZ,REP,"","",33001465,"",,"",0,0,80.962795,,0,,80.962795,,1.04503,,31.560865,
2025,03,BSNZ,ZZ,REP,"","",33001466,"",,"",0,0,281.88453300000003,,0,,281.88453300000003,,3.3627860000000007,,103.113561,
2025,03,BSNZ,ZZ,REP,"","",33001468,"",,"",0,0,230.442448,,0,,230.442448,,2.9763209999999996,,89.877139,
2025,03,BSNZ,ZZ,REP,"","",33001469,"",,"",0,0,350.205965,,0,,350.205965,,4.500608999999999,,136.033684,
2025,03,BSNZ,ZZ,REP,"","",33001471,"",,"",0,0,60.012975,,0,,60.012975,,0.6394569999999999,,20.074248,
2025,03,BSNZ,ZZ,REP,"","",33001487,"",,"",0,0,492.493888,,0,,492.493888,,6.179524,,187.627518,
2025,03,BSNZ,ZZ,REP,"","",33001508,"",,"",0,0,0,,0,,0,,-0.8215969999999999,,-20.180616,
2025,03,BSNZ,ZZ,REP,"","",33001509,"",,"",0,0,178.676514,,0,,178.676514,,2.30348,,69.583024,
2025,03,BSNZ,ZZ,REP,"","",33001577,"",,"",0,0,8582.569913,,0,,8582.569913,,106.374908,,3237.4589969999997,
2025,03,BSNZ,ZZ,REP,"","",33001608,"",,"",0,0,1110.781622,,0,,1110.781622,,13.737235,,418.261682,
2025,03,BSNZ,ZZ,REP,"","",44000000,"",,"",0,0,0,,0,,0,,-0.0884,,-2.171332,
2025,03,BSNZ,ZZ,REP,"","",44000001,"",,"",0,0,365.170122,,0,,365.170122,,276.134834,,143.73677700000002,
2025,03,BSNZ,ZZ,REP,"","",44000010,"",,"",0,0,100.505539,,0,,100.505539,,101.659492,,39.224513,
2025,03,BSNZ,ZZ,REP,"","",44000011,"",,"",0,0,14.696143,,0,,14.696143,,10.899276,,5.869964,
2025,03,BSNZ,ZZ,REP,"","",44000018,"",,"",0,0,0,,0,,0,,-0.019162,,-0.470668,
2025,03,BSNZ,ZZ,REP,"","",44000019,"",,"",0,0,352.992199,,0,,352.992199,,273.529653,,136.32580299999998,
2025,03,BSNZ,ZZ,REP,"","",44000026,"",,"",0,0,0,,0,,0,,-0.040508,,-0.994981,
2025,03,BSNZ,ZZ,REP,"","",44000038,"",,"",0,0,250.817153,,0,,250.817153,,254.03292399999998,,97.241489,
2025,03,BSNZ,ZZ,REP,"","",44000060,"",,"",0,0,30.352672,,0,,30.352672,,30.440317999999998,,11.082056,
2025,03,BSNZ,ZZ,REP,"","",44000061,"",,"",0,0,0,,0,,0,,-0.020031,,-0.491999,
2025,03,BSNZ,ZZ,REP,"","",44000270,"",,"",0,0,40.559568,,0,,40.559568,,41.070619,,15.50454,
2025,03,BSNZ,ZZ,REP,"","",44000272,"",,"",0,0,64.390548,,0,,64.390548,,65.246844,,25.719008,
2025,03,BSNZ,ZZ,REP,"","",44000281,"",,"",0,0,0,,0,,0,,-0.005605,,-0.137689,
2025,03,BSNZ,ZZ,REP,"","",44000283,"",,"",0,0,47.740131,,0,,47.740131,,48.368827,,18.91679,
2025,03,BSNZ,ZZ,REP,"","",44000284,"",,"",0,0,36.293667,,0,,36.293667,,36.374807999999994,,14.37196,
2025,03,BSNZ,ZZ,REP,"","",44000367,"",,"",0,0,0,,0,,0,,-0.00884,,-0.217133,
2025,03,BSNZ,ZZ,REP,"","",44000410,"",,"",0,0,16.555496,,0,,16.555496,,16.569064,,6.612631,
2025,03,BSNZ,ZZ,REP,"","",44000428,"",,"",0,0,2.434467,,0,,2.434467,,2.259826,,0.2762770000000001,
2025,03,BSNZ,ZZ,REP,"","",44000449,"",,"",0,0,41.877308,,0,,41.877308,,42.210866,,16.726722,
2025,03,BSNZ,ZZ,REP,"","",44000452,"",,"",0,0,25.82434,,0,,25.82434,,25.067786,,10.314812,
2025,03,BSNZ,ZZ,REP,"","",44000500,"",,"",0,0,20.715308,,0,,20.715308,,20.935455,,7.326429,
2025,03,BSNZ,ZZ,REP,"","",44000511,"",,"",0,0,42.435672,,0,,42.435672,,56.283483,,16.949745,
2025,03,BSNZ,ZZ,REP,"","",44000739,"",,"",0,0,11.865237,,0,,11.865237,,12.023026,,4.739238,
2025,03,BSNZ,ZZ,REP,"","",44000808,"",,"",0,0,0,,0,,0,,-0.026,,-0.638628,
2025,03,BSNZ,ZZ,REP,"","",44000824,"",,"",0,0,184.260153,,0,,184.260153,,186.555514,,72.807277,
2025,03,BSNZ,ZZ,REP,"","",44000992,"",,"",0,0,14.740812000000002,,0,,14.740812000000002,,14.936842,,5.887805999999999,
2025,03,BSNZ,ZZ,REP,"","",44000996,"",,"",0,0,0,,0,,0,,-0.0039,,-0.095794,
2025,03,BSNZ,ZZ,REP,"","",44000997,"",,"",0,0,4.187731,,0,,4.187731,,4.232962,,1.552929,
2025,03,BSNZ,ZZ,REP,"","",44000999,"",,"",0,0,14.629139,,0,,14.629139,,14.804951,,5.383071999999999,
2025,03,BSNZ,ZZ,REP,"","",44001000,"",,"",0,0,3.796876,,0,,3.796876,,3.831782,,1.407989,
2025,03,BSNZ,ZZ,REP,"","",44001020,"",,"",0,0,13.261147000000001,,0,,13.261147000000001,,13.37608,,5.2967949999999995,
2025,03,BSNZ,ZZ,REP,"","",44001120,"",,"",0,0,0,,0,,0,,-0.00767,,-0.188395,
2025,03,BSNZ,ZZ,REP,"","",77000007,"",,"",0,0,0,,0,,0,,0.00182,,0.044704,
2025,03,BSNZ,ZZ,REP,"","",77000038,"",,"",0,0,0,,0,,0,,0,,0,
2025,03,BSNZ,ZZ,REP,"","",77000040,"",,"",0,0,0,,0,,0,,-0.011167,,0,
2025,03,BSNZ,ZZ,REP,"","",77000047,"",,"",0,0,0,,0,,0,,0,,0,
2025,03,BSNZ,ZZ,REP,"","",77000053,"",,"",0,0,0,,0,,0,,-0.05767,,-0.319314,
2025,03,BSNZ,ZZ,REP,"","",77000054,"",,"",0,0,28.448651,,0,,28.448651,,0.367157,,11.36302,
2025,03,BSNZ,ZZ,REP,"","",77000058,"",,"",0,0,0,,0,,0,,0,,0,
2025,03,BSNZ,ZZ,REP,"","",77000069,"",,"",0,0,926.884406,,0,,926.884406,,935.5440590000002,,356.55150300000014,
2025,03,BSNZ,ZZ,REP,"","",77000073,"",,"",0,0,10837.847184,,0,,10837.847184,,8099.445308,,4172.891109,
2025,03,BSNZ,ZZ,REP,"","",77000080,"",,"",0,0,83.754615,,0,,83.754615,,84.852823,,33.070269,
2025,03,BSNZ,ZZ,REP,"","",77000083,"",,"",0,0,3500.9429069999996,,0,,3500.9429069999996,,3405.768384,,1309.8402839999999,
2025,03,BSNZ,ZZ,REP,"","",77000095,"",,"",0,0,0,,0,,0,,-0.113121,,-0.44703899999999996,
2025,03,BSNZ,ZZ,REP,"","",77000120,"",,"",0,0,0,,0,,0,,0,,0,
2025,03,BSNZ,ZZ,REP,"","",77000149,"",,"",0,0,0,,0,,0,,-0.0728,,-1.7881559999999999,
2025,03,BSNZ,ZZ,REP,"","",77000158,"",,"",0,0,0,,0,,0,,0,,0,
2025,03,BSNZ,ZZ,REP,"","",77000159,"",,"",0,0,0,,0,,0,,33.486246,,-0.38317599999999996,
2025,03,BSNZ,ZZ,REP,"","",77000161,"",,"",0,0,0,,0,,0,,0,,0,
2025,03,BSNZ,ZZ,REP,"","",77000163,"",,"",0,0,0,,0,,0,,33.470646,,-0.766352,
2025,03,BSNZ,ZZ,REP,"","",77000164,"",,"",0,0,150.758307,,0,,150.758307,,81.341107,,54.276973,
2025,03,BSNZ,ZZ,REP,"","",77000166,"",,"",0,0,22.334564,,0,,22.334564,,0.266344,,8.441949,
2025,03,BSNZ,ZZ,REP,"","",77000168,"",,"",0,0,55.83641,,0,,55.83641,,55.973188,,19.492336,
2025,03,BSNZ,ZZ,REP,"","",77000172,"",,"",0,0,0,,0,,0,,22.334564,,0,
2025,03,BSNZ,ZZ,REP,"","",77000173,"",,"",0,0,279.18205,,0,,279.18205,,281.437585,,109.595603,
2025,03,BSNZ,ZZ,REP,"","",77000180,"",,"",0,0,42312.83149999997,,0,,42312.83149999997,,43370.97282900002,,16166.195529999979,
2025,03,BSNZ,ZZ,REP,"","",77000182,"",,"",0,0,189.843794,,0,,189.843794,,2.3920320000000004,,72.57081,
2025,03,BSNZ,ZZ,REP,"","",77000186,"",,"",0,0,39216.702563999985,,0,,39216.702563999985,,39243.495032999956,,14947.222983999998,
2025,03,BSNZ,ZZ,REP,"","",77000188,"",,"",0,0,33.501846,,0,,33.501846,,33.900569000000004,,12.23185,
2025,03,BSNZ,ZZ,REP,"","",77000190,"",,"",0,0,2978.8724740000007,,0,,2978.8724740000007,,2946.5914120000007,,1141.6750429999997,
2025,03,BSNZ,ZZ,REP,"","",77000191,"",,"",0,0,84173.38807500005,,0,,84173.38807500005,,82643.08591899998,,31987.231800000016,
2025,03,BSNZ,ZZ,REP,"","",77000192,"",,"",0,0,0,,0,,0,,-0.013,,-0.319314,
2025,03,BSNZ,ZZ,REP,"","",77000194,"",,"",0,0,13171.809119000001,,0,,13171.809119000001,,13866.276036999996,,5040.466110999999,
2025,03,BSNZ,ZZ,REP,"","",77000195,"",,"",0,0,376.895768,,0,,376.895768,,682.992152,,140.19474300000002,
2025,03,BSNZ,ZZ,REP,"","",77000196,"",,"",0,0,530.4458950000001,,0,,530.4458950000001,,531.8497090000001,,208.040055,
2025,03,BSNZ,ZZ,REP,"","",77000242,"",,"",0,0,376.895768,,0,,376.895768,,381.80260400000003,,147.954062,
2025,03,BSNZ,ZZ,REP,"","",77000245,"",,"",0,0,12172.337379999997,,0,,12172.337379999997,,11933.987474000001,,4664.564901999999,
2025,03,BSNZ,ZZ,REP,"","",77000246,"",,"",0,0,1267.486507,,0,,1267.486507,,1371.6422820000003,,482.12203000000005,
2025,03,BSNZ,ZZ,REP,"","",77000278,"",,"",0,0,0,,0,,0,,0,,0,
2025,03,BSNZ,ZZ,REP,"","",88000233,"",,"",0,0,0,,0,,0,,23.116274,,0,
2025,03,BSNZ,ZZ,REP,"","",98000018,"",,"",0,0,14.567719,,0,,14.567719,,0.15610800000000002,,4.894640999999999,
2025,03,BSNZ,ZZ,REP,"","",98000069,"",,"",0,0,0,,0,,0,,0.009043,,0.222114,
2025,03,BSNZ,ZZ,REP,"","",98000087,"",,"",0,0,689.484743,,0,,689.484743,,8.547947999999998,,260.13858100000016,
2025,03,BSNZ,ZZ,REP,"","",98000154,"",,"",0,0,0,,-32989.725614,,-32989.725614,,0,,0,
2025,03,BSNZ,ZZ,REP,"","",98000385,"",,"",0,0,-7679.209386,,0,,-7679.209386,,-90.94279099999997,,-2792.6617800000004,
2025,03,BSNZ,ZZ,REP,"","",98000545,"",,"",0,0,0,,-61714.454057000024,,-61714.454057000024,,0,,0,
2025,03,BSNZ,ZZ,REP,"","",98000635,"",,"",0,0,35033.745851,,0,,35033.745851,,435.84884300000016,,13255.237169999999,
2025,03,BSNZ,ZZ,REP,"","",98000748,"",,"",0,0,11.435297,,0,,11.435297,,0.152072,,4.56751,
2025,03,BSNZ,ZZ,REP,"","",98000749,"",,"",0,0,99.952757,,0,,99.952757,,2.082081,,58.415682000000004,
2025,03,BSNZ,ZZ,REP,"","",98000751,"",,"",0,0,254.072417,,0,,254.072417,,3.25033,,98.32719599999999,
2025,03,BSNZ,ZZ,REP,"","",98000777,"",,"",0,0,0,,0,,0,,0.045217,,1.110636,
2025,03,BSNZ,ZZ,REP,"","",98000781,"",,"",0,0,-226.26588400000003,,0,,-226.26588400000003,,-2.8548720000000003,,-86.590071,
2025,03,BSNZ,ZZ,REP,"","",98000782,"",,"",0,0,-40403.589211,,0,,-40403.589211,,-498.08742899999993,,-15174.77877,
2025,03,BSNZ,ZZ,REP,"","",98000783,"",,"",0,0,-745.131307,,0,,-745.131307,,-9.239221,,-281.16782,
2025,03,BSNZ,ZZ,REP,"","",98000784,"",,"",0,0,-274.983152,,0,,-274.983152,,-3.656854,,-109.83435,
2025,03,BSNZ,ZZ,REP,"","",98000785,"",,"",0,0,0,,0,,0,,0.293747,,7.215208,
2025,03,BSNZ,ZZ,REP,"","",98000787,"",,"",0,0,18.208253,,0,,18.208253,,0.220653,,6.744953,
2025,03,BSNZ,ZZ,REP,"","",98000789,"",,"",0,0,-128.150145,,0,,-128.150145,,-1.45034,,-44.950511,
2025,03,BSNZ,ZZ,REP,"","",98000790,"",,"",0,0,-596.237933,,0,,-596.237933,,-7.274149,,-222.06449000000003,
2025,03,BSNZ,ZZ,REP,"","",98000793,"",,"",0,0,156.900312,,0,,156.900312,,2.013474,,60.874911,
2025,03,BSNZ,ZZ,REP,"","",98000797,"",,"",0,0,178.676512,,0,,178.676512,,2.2669280000000005,,68.685119,
2025,03,BSNZ,ZZ,REP,"","",98000798,"",,"",0,0,-2453.4183529999996,,0,,-2453.4183529999996,,-30.925619000000005,,-938.166464,
2025,03,BSNZ,ZZ,REP,"","",98000801,"",,"",0,0,0,,0,,0,,-0.015824,,-0.388668,
2025,03,BSNZ,ZZ,REP,"","",98000802,"",,"",0,0,48.555342,,0,,48.555342,,0.403806,,13.452225000000002,
2025,03,BSNZ,ZZ,REP,"","",98000804,"",,"",0,0,-7996.0586760000015,,0,,-7996.0586760000015,,-99.96658599999999,,-3037.369512,
2025,03,BSNZ,ZZ,REP,"","",98000808,"",,"",0,0,-3607.1381739999997,,0,,-3607.1381739999997,,-45.418758,,-1378.1199470000001,
2025,03,BSNZ,ZZ,REP,"","",98000809,"",,"",0,0,-5866.675759,,0,,-5866.675759,,-72.85333800000001,,-2216.427148,
2025,03,BSNZ,ZZ,REP,"","",98000811,"",,"",0,0,-1070.495649,,0,,-1070.495649,,-13.232101,,-402.922432,
2025,03,BSNZ,ZZ,REP,"","",98000812,"",,"",0,0,225.79685700000002,,0,,225.79685700000002,,2.734902,,83.60918400000001,
2025,03,BSNZ,ZZ,REP,"","",98000814,"",,"",0,0,0,,0,,0,,0,,0,
2025,03,BSNZ,ZZ,REP,"","",98000815,"",,"",0,0,57.533837000000005,,0,,57.533837000000005,,0.7472530000000001,,22.541614,
2025,03,BSNZ,ZZ,REP,"","",98000816,"",,"",0,0,0,,0,,0,,0,,0,
2025,03,BSNZ,ZZ,REP,"","",98000817,"",,"",0,0,51.950196,,0,,51.950196,,0.68091,,20.505717999999998,
2025,03,BSNZ,ZZ,REP,"","",98000818,"",,"",0,0,-2779.134465,,0,,-2779.134465,,-34.45043799999999,,-1048.449807,
2025,03,BSNZ,ZZ,REP,"","",98000819,"",,"",0,0,0,,0,,0,,0.009048,,0.222242,
2025,03,BSNZ,ZZ,REP,"","",98000820,"",,"",0,0,-14.567719,,0,,-14.567719,,-0.17111900000000002,,-5.263319,
2025,03,BSNZ,ZZ,REP,"","",98000823,"",,"",0,0,0,,0,,0,,0.10403799999999999,,2.555467,
2025,03,BSNZ,ZZ,REP,"","",98000824,"",,"",0,0,392.84823,,0,,392.84823,,4.988124,,151.111683,
2025,03,BSNZ,ZZ,REP,"","",98000825,"",,"",0,0,11.641891,,0,,11.641891,,0.14261,,4.350129999999999,
2025,03,BSNZ,ZZ,REP,"","",98000839,"",,"",0,0,0,,0,,0,,0.026,,0.638627,
2025,03,BSNZ,ZZ,REP,"","",98000841,"",,"",0,0,0,,0,,0,,0.124799,,3.06541,
2025,03,BSNZ,ZZ,REP,"","",98000844,"",,"",0,0,0,,1308.917123,,1308.917123,,0,,0,
2025,03,BSNZ,ZZ,REP,"","",98000845,"",,"",0,0,0,,1308.917123,,1308.917123,,0,,0,
2025,03,BSNZ,ZZ,REP,"","",98000846,"",,"",0,0,0,,3902.853386,,3902.853386,,0,,0,
2025,03,BSNZ,ZZ,REP,"","",98000850,"",,"",0,0,0,,0,,0,,0.02412,,0.592454,
2025,03,BSNZ,ZZ,REP,"","",98000851,"",,"",0,0,0,,417.907611,,417.907611,,0,,0,
2025,03,BSNZ,ZZ,REP,"","",98000853,"",,"",0,0,20670.638984,,0,,20670.638984,,262.48193200000003,,7951.589298000001,
2025,03,BSNZ,ZZ,REP,"","",98000905,"",,"",0,0,-0.279184,,0,,-0.279184,,-0.07907399999999998,,-1.962634,
2025,03,BSNZ,ZZ,REP,"","",98001012,"",,"",0,0,-572.8871489999999,,0,,-572.8871489999999,,-7.220883000000001,,-219.05676100000002,
2025,03,BSNZ,ZZ,REP,"","",98001077,"",,"",0,0,46.623402999999996,,0,,46.623402999999996,,0.5838289999999999,,17.733448,
2025,03,BSNZ,ZZ,REP,"","",98001109,"",,"",0,0,0,,0,,0,,-0.28091,,-6.899919000000001,
2025,03,BSNZ,ZZ,REP,"","",98001115,"",,"",0,0,-615.4903320000001,,0,,-615.4903320000001,,-6.749799999999999,,-210.58618900000002,
2025,03,BSNZ,ZZ,REP,"","",98001116,"",,"",0,0,-328.351592,,0,,-328.351592,,-4.084386,,-124.21960999999999,
2025,03,BSNZ,ZZ,REP,"","",98001135,"",,"",0,0,0,,0,,0,,0.062007,,1.523062,
2025,03,BSNZ,ZZ,REP,"","",98001146,"",,"",0,0,-7184.911983,,0,,-7184.911983,,-90.06872600000004,,-2735.2194190000014,
2025,03,BSNZ,ZZ,REP,"","",98001147,"",,"",0,0,-6344.473506,,0,,-6344.473506,,-79.27849899999998,,-2409.018621,
2025,03,BSNZ,ZZ,REP,"","",98001157,"",,"",0,0,-11424.447753999999,,0,,-11424.447753999999,,-147.18996,,-4446.806959,
2025,03,BSNZ,ZZ,REP,"","",98001160,"",,"",0,0,0,,0,,0,,1.608789,,39.5162,
2025,03,BSNZ,ZZ,REP,"","",98001201,"",,"",0,0,112.56620299999997,,0,,112.56620299999997,,1.5137700000000072,,45.374236999999965,
2025,03,BSNZ,ZZ,REP,"","",98001202,"",,"",0,0,8.881784197001252e-16,,0,,8.881784197001252e-16,,0.020754000000000022,,0.509752000000002,
2025,03,BSNZ,ZZ,REP,"","",98001203,"",,"",0,0,-380.2236180000001,,0,,-380.2236180000001,,113.76348899999998,,-151.86972000000003,
2025,03,BSNZ,ZZ,REP,"","",98001204,"",,"",0,0,-0.000001999999909685357,,0,,-0.000001999999909685357,,-0.03631400000000218,,-0.8918459999999726,
2025,03,BSNZ,ZZ,REP,"","",98001205,"",,"",0,0,3.552713678800501e-15,,0,,3.552713678800501e-15,,0,,8.881784197001252e-16,
2025,03,BSNZ,ZZ,REP,"","",98001206,"",,"",0,0,30.079074000000006,,0,,30.079074000000006,,0.4000069999999999,,12.014247000000001,
2025,03,BSNZ,ZZ,REP,"","",98001207,"",,"",0,0,-0.0000010000000116860974,,0,,-0.0000010000000116860974,,9.999999999177334e-7,,0.0000020000000020559128,
2025,03,BSNZ,ZZ,REP,"","",98001208,"",,"",0,0,0,,0,,0,,0,,0,
2025,03,BSNZ,ZZ,REP,"","",98001211,"",,"",0,0,0,,0,,0,,5.551115123125783e-17,,0,
2025,03,BSNZ,ZZ,REP,"","",98001212,"",,"",0,0,53.468946,,0,,53.468946,,0.711055,,21.356679,
2025,03,BSNZ,ZZ,REP,"","",98001213,"",,"",0,0,0.0000010000000010279564,,0,,0.0000010000000010279564,,0,,0,
2025,03,BSNZ,ZZ,REP,"","",98001215,"",,"",0,0,0,,0,,0,,-0.00104,,-0.025545,
2025,03,BSNZ,ZZ,REP,"","",98001305,"",,"",0,0,-1191.867257,,0,,-1191.867257,,-12.324277000000002,,-389.45672600000006,
2025,03,BSNZ,ZZ,REP,"","",98001325,"",,"",0,0,-10436.422479999997,,0,,-10436.422479999997,,-101.21901600000002,,-3245.732538,
2025,03,BSNZ,ZZ,REP,"","",99000036,"",,"",0,0,1540.682894,,0,,1540.682894,,1545.787765,,666.5169139999999,
2025,03,BSNZ,ZZ,REP,"","",99000076,"",,"",0,0,0,,0,,0,,-0.222278,,-5.459751,
2025,03,BSNZ,ZZ,REP,"","",99000157,"",,"",0,0,0,,0,,0,,-0.521667,,-12.813541,
2025,03,BSNZ,ZZ,REP,"","",99000296,"",,"",0,0,0,,0,,0,,-0.14048,,-3.450566,
2025,03,BSNZ,ZZ,REP,"","",99000442,"",,"",0,0,0,,0,,0,,-0.510331,,-12.5351,
2025,03,BSNZ,ZZ,REP,"","",99000444,"",,"",0,0,0,,0,,0,,-0.5384,,-13.224562,
2025,03,BSNZ,ZZ,REP,"","",99000475,"",,"",0,0,0,,0,,0,,-0.251005,,-6.165369,
2025,03,BSNZ,ZZ,REP,"","",99000484,"",,"",0,0,0,,0,,0,,-0.488798,,-12.006189,
2025,03,BSNZ,ZZ,REP,"","",99000506,"",,"",0,0,0,,0,,0,,-0.15887,,-3.902267,
2025,03,BSNZ,ZZ,REP,"","",99000632,"",,"",0,0,259.957574,,0,,259.957574,,180.360712,,56.17270200000001,
2025,03,BSNZ,ZZ,REP,"","",99000662,"",,"",0,0,0,,0,,0,,0,,0,
2025,03,BSNZ,ZZ,REP,"","",99000827,"",,"",0,0,1209.411057,,0,,1209.411057,,762.817125,,483.065514,
2025,03,BSNZ,ZZ,REP,"","",99001237,"",,"",0,0,0,,0,,0,,-0.059992,,-1.473568,
2025,03,BSNZ,ZZ,REP,"","",99001238,"",,"",0,0,533.79608,,0,,533.79608,,476.124513,,213.209956,
2025,03,BSNZ,ZZ,REP,"","",99001374,"",,"",0,0,58.907413,,0,,58.907413,,46.530149,,23.528923,
2025,03,BSNZ,ZZ,REP,"","",99001378,"",,"",0,0,278.344504,,0,,278.344504,,226.377158,,111.176949,
2025,03,BSNZ,ZZ,REP,"","",99001382,"",,"",0,0,0,,0,,0,,0,,0,
2025,03,BSNZ,ZZ,REP,"","",99001383,"",,"",0,0,0,,0,,0,,-0.045037,,-1.10623,
2025,03,BSNZ,ZZ,REP,"","",99001411,"",,"",0,0,129.495802,,0,,129.495802,,158.399062,,51.723486,
2025,03,BSNZ,ZZ,REP,"","",99001423,"",,"",0,0,0,,0,,0,,-0.052,,-1.277254,
2025,03,BSNZ,ZZ,REP,"","",99001453,"",,"",0,0,223.423811,,0,,223.423811,,174.835664,,89.24041,
2025,03,BSNZ,ZZ,REP,"","",99001480,"",,"",0,0,0,,0,,0,,-0.08684,,-2.133014,
2025,03,BSNZ,ZZ,REP,"","",99001514,"",,"",0,0,699.161191,,0,,699.161191,,546.8800769999999,,273.512857,
2025,03,BSNZ,ZZ,REP,"","",99001549,"",,"",0,0,0,,0,,0,,-0.124799,,-3.06541,
2025,03,BSNZ,ZZ,REP,"","",99001552,"",,"",0,0,0,,0,,0,,-0.359344,,-8.826465,
2025,03,BSNZ,ZZ,REP,"","",99001553,"",,"",0,0,915.426775,,0,,915.426775,,903.032876,,358.518509,
2025,03,BSNZ,ZZ,REP,"","",99001573,"",,"",0,0,0,,0,,0,,-0.0585,,-1.436911,
2025,03,BSNZ,ZZ,REP,"","",99001640,"",,"",0,0,0,,0,,0,,-0.043714,,-1.073724,
2025,03,BSNZ,ZZ,REP,"","",99001672,"",,"",0,0,110.27691,,0,,110.27691,,98.063503,,44.047036,
2025,03,BSNZ,ZZ,REP,"","",99001689,"",,"",0,0,0,,0,,0,,-0.485041,,-11.913907,
2025,03,BSNZ,ZZ,REP,"","",99001698,"",,"",0,0,331.44493,,0,,331.44493,,268.893833,,114.288061,
2025,03,BSNZ,ZZ,REP,"","",99001738,"",,"",0,0,0,,0,,0,,0.053497,,1.314039,
2025,03,BSNZ,ZZ,REP,"","",99001770,"",,"",0,0,0,,0,,0,,-0.0962,,-2.36292,
2025,03,BSNZ,ZZ,REP,"","",99001775,"",,"",0,0,0,,0,,0,,-0.11946999999999999,,-2.9344910000000004,
2025,03,BSNZ,ZZ,REP,"","",99001783,"",,"",0,0,0,,0,,0,,-0.353474,,-8.682263,
2025,03,BSNZ,ZZ,REP,"","",99001965,"",,"",0,0,377.107946,,0,,377.107946,,327.74940699999996,,150.625251,
2025,03,BSNZ,ZZ,REP,"","",99001993,"",,"",0,0,394.651746,,0,,394.651746,,418.437697,,157.632632,
2025,03,BSNZ,ZZ,REP,"","",99001997,"",,"",0,0,178.676512,,0,,178.676512,,164.804241,,71.367349,
2025,03,BSNZ,ZZ,REP,"","",99002007,"",,"",0,0,0,,0,,0,,-0.006497,,-0.159593,
2025,03,BSNZ,ZZ,REP,"","",99002021,"",,"",0,0,0,,0,,0,,-0.055187,,-1.35555,
2025,03,BSNZ,ZZ,REP,"","",99002030,"",,"",0,0,0,,0,,0,,-0.0962,,-2.36292,
2025,03,BSNZ,ZZ,REP,"","",99002036,"",,"",0,0,0,,0,,0,,-0.07072,,-1.737066,
2025,03,BSNZ,ZZ,REP,"","",99002049,"",,"",0,0,0,,0,,0,,-0.27252,,-6.693834,
2025,03,BSNZ,ZZ,REP,"","",99002245,"",,"",0,0,0,,0,,0,,0,,0,
2025,03,BSNZ,ZZ,REP,"","",99002253,"",,"",0,0,291.801079,,0,,291.801079,,227.940853,,116.551802,
2025,03,BSNZ,ZZ,REP,"","",99002302,"",,"",0,0,1124.321952,,0,,1124.321952,,914.141305,,449.079045,
2025,03,BSNZ,ZZ,REP,"","",99002488,"",,"",0,0,997.070773,,0,,997.070773,,700.0473549999999,,398.252111,
2025,03,BSNZ,ZZ,REP,"","",99002585,"",,"",0,0,0,,0,,0,,-1.069596,,-26.27216,
2025,03,BSNZ,ZZ,REP,"","",99002702,"",,"",0,0,0,,0,,0,,-0.02574,,-0.632241,
2025,03,BSNZ,ZZ,REP,"","",99002714,"",,"",0,0,89.678858,,0,,89.678858,,48.312937,,35.819719,
2025,03,BSNZ,ZZ,REP,"","",99002777,"",,"",0,0,0,,0,,0,,-0.020654,,-0.507325,
2025,03,BSNZ,ZZ,REP,"","",99002940,"",,"",0,0,0,,0,,0,,-0.043261,,-1.062612,
2025,03,BSNZ,ZZ,REP,"","",99002997,"",,"",0,0,0,,0,,0,,-0.186679,,-4.585342,
2025,03,BSNZ,ZZ,REP,"","",99002999,"",,"",0,0,0,,0,,0,,-0.16987,,-4.17247,
2025,03,BSNZ,ZZ,REP,"","",99003024,"",,"",0,0,0,,0,,0,,-0.488798,,-12.006189,
2025,03,BSNZ,ZZ,REP,"","",99003038,"",,"",0,0,491.360408,,0,,491.360408,,299.67549299999996,,196.26021,
2025,03,BSNZ,ZZ,REP,"","",99003103,"",,"",0,0,0,,0,,0,,-0.100089,,-2.458459,
2025,03,BSNZ,ZZ,REP,"","",99003110,"",,"",0,0,357.581953,,0,,357.581953,,338.657024,,142.826138,
2025,03,BSNZ,ZZ,REP,"","",99003240,"",,"",0,0,647.702356,,0,,647.702356,,583.728471,,258.706641,
2025,03,BSNZ,ZZ,REP,"","",99003352,"",,"",0,0,0,,0,,0,,-0.153818,,-3.778182,
2025,03,BSNZ,ZZ,REP,"","",99003606,"",,"",0,0,161.925589,,0,,161.925589,,118.851459,,64.67666,
2025,03,BSNZ,ZZ,REP,"","",99003609,"",,"",0,0,1373.575686,,0,,1373.575686,,952.454258,,548.636497,
2025,03,BSNZ,ZZ,REP,"","",99003743,"",,"",0,0,71.805623,,0,,71.805623,,70.884425,,28.680753,
2025,03,BSNZ,ZZ,REP,"","",99003945,"",,"",0,0,0,,0,,0,,-0.0299,,-0.734421,
2025,03,BSNZ,ZZ,REP,"","",99003965,"",,"",0,0,0,,0,,0,,-0.051183,,-1.257201,
2025,03,BSNZ,ZZ,REP,"","",99004069,"",,"",0,0,1172.56461,,0,,1172.56461,,1078.1378590000002,,468.348229,
2025,03,BSNZ,ZZ,REP,"","",99004074,"",,"",0,0,0,,0,,0,,-0.275448,,-6.765743,
2025,03,BSNZ,ZZ,REP,"","",99004257,"",,"",0,0,0,,0,,0,,-0.074643,,-1.833434,
2025,03,BSNZ,ZZ,REP,"","",99004275,"",,"",0,0,0,,0,,0,,-0.104517,,-2.567217,
2025,03,BSNZ,ZZ,REP,"","",99004289,"",,"",0,0,0,,0,,0,,-0.0858,,-2.107469,
2025,03,BSNZ,ZZ,REP,"","",99004384,"",,"",0,0,0,,0,,0,,-0.179004,,-4.39682,
2025,03,BSNZ,ZZ,REP,"","",99004385,"",,"",0,0,438.427491,,0,,438.427491,,334.023508,,159.703985,
2025,03,BSNZ,ZZ,REP,"","",99004388,"",,"",0,0,825.4854889999988,,0,,825.4854889999988,,10.588849000000664,,320.16623200000004,
2025,03,BSNZ,ZZ,REP,"","",99004390,"",,"",0,0,305.76017999999976,,0,,305.76017999999976,,3.888413000000128,,117.76190499999939,
2025,03,BSNZ,ZZ,REP,"","",99004391,"",,"",0,0,-4.547473508864641e-13,,0,,-4.547473508864641e-13,,-0.000002000000222324161,,-2.2737367544323206e-13,
2025,03,BSNZ,ZZ,REP,"","",99004392,"",,"",0,0,9.999976100516506e-7,,0,,9.999976100516506e-7,,0.05200000000149885,,1.2772589999999582,
2025,03,BSNZ,ZZ,REP,"","",99004394,"",,"",0,0,1.1368683772161603e-13,,0,,1.1368683772161603e-13,,-0.007798999999863554,,-0.19158799999996745,
2025,03,BSNZ,ZZ,REP,"","",99004396,"",,"",0,0,0,,0,,0,,0.0000010000003385357559,,-1.1368683772161603e-13,
2025,03,BSNZ,ZZ,REP,"","",99004397,"",,"",0,0,0,,0,,0,,0,,0,
2025,03,BSNZ,ZZ,REP,"","",99004668,"",,"",0,0,183.143425,,0,,183.143425,,103.31772999999998,,72.391567,
2025,03,BSNZ,ZZ,REP,"","",99004745,"",,"",0,0,0,,0,,0,,-0.467998,,-11.495287000000001,
2025,03,BSNZ,ZZ,REP,"","",99004746,"",,"",0,0,0,,0,,0,,-0.052,,-1.277254,
2025,03,BSNZ,ZZ,REP,"","",99004748,"",,"",0,0,0,,0,,0,,-83.754615,,0,
2025,03,BSNZ,ZZ,REP,"","",99004784,"",,"",0,0,949.21897,,0,,949.21897,,660.325515,,379.139042,
2025,03,BSNZ,ZZ,REP,"","",99004844,"",,"",0,0,0,,0,,0,,-0.272583,,-6.695366,
2025,03,BSNZ,ZZ,REP,"","",99004920,"",,"",0,0,26.522295,,0,,26.522295,,20.453814,,10.593591,
2025,03,BSNZ,ZZ,REP,"","",99004924,"",,"",0,0,49.136041,,0,,49.136041,,38.063829,,19.626021,
2025,03,BSNZ,ZZ,REP,"","",99004928,"",,"",0,0,0,,0,,0,,0,,0,
2025,03,BSNZ,ZZ,REP,"","",99004933,"",,"",0,0,0,,0,,0,,-0.151504,,-3.721344,
2025,03,BSNZ,ZZ,REP,"","",99004947,"",,"",0,0,115.58136900000001,,0,,115.58136900000001,,56.381854000000004,,44.850183,
2025,03,BSNZ,ZZ,REP,"","",99004949,"",,"",0,0,0,,0,,0,,-0.0234,,-0.574764,
2025,03,BSNZ,ZZ,REP,"","",99004950,"",,"",0,0,52.274046999999996,,0,,52.274046999999996,,33.764754,,20.411105,
2025,03,BSNZ,ZZ,REP,"","",99004954,"",,"",0,0,0,,0,,0,,-0.046782000000000004,,-1.149082,
2025,03,BSNZ,ZZ,REP,"","",99004960,"",,"",0,0,556.884435,,0,,556.884435,,404.342845,,217.53585800000002,
2025,03,BSNZ,ZZ,REP,"","",99004963,"",,"",0,0,174.2096,,0,,174.2096,,84.8731,,64.838166,
2025,03,BSNZ,ZZ,REP,"","",99004965,"",,"",0,0,107.138904,,0,,107.138904,,48.56043300000001,,39.466527000000006,
2025,03,BSNZ,ZZ,REP,"","",99004969,"",,"",0,0,473.85011099999997,,0,,473.85011099999997,,228.579034,,178.94043600000003,
2025,03,BSNZ,ZZ,REP,"","",99004975,"",,"",0,0,17.119443,,0,,17.119443,,8.317585,,5.858869,
2025,03,BSNZ,ZZ,REP,"","",99004977,"",,"",0,0,19.23006,,0,,19.23006,,9.390566999999999,,7.680911,
2025,03,BSNZ,ZZ,REP,"","",99004979,"",,"",0,0,0,,0,,0,,-0.020675,,-0.507836,
2025,03,BSNZ,ZZ,REP,"","",99004981,"",,"",0,0,62.190593,,0,,62.190593,,24.262362000000003,,23.076664999999995,
2025,03,BSNZ,ZZ,REP,"","",99004982,"",,"",0,0,7.817097,,0,,7.817097,,6.217981,,2.7093860000000003,
2025,03,BSNZ,ZZ,REP,"","",99004984,"",,"",0,0,13.495659999999999,,0,,13.495659999999999,,6.898116999999999,,4.6050179999999985,
2025,03,BSNZ,ZZ,REP,"","",99004985,"",,"",0,0,0,,0,,0,,-0.011522999999999999,,-0.28304,
2025,03,BSNZ,ZZ,REP,"","",99004987,"",,"",0,0,31.491735,,0,,31.491735,,15.424122,,12.218309000000001,
2025,03,BSNZ,ZZ,REP,"","",99004993,"",,"",0,0,40.76058,,0,,40.76058,,20.679779,,14.437152,
2025,03,BSNZ,ZZ,REP,"","",99004994,"",,"",0,0,46.991923,,0,,46.991923,,40.481393,,17.546132,
2025,03,BSNZ,ZZ,REP,"","",99004996,"",,"",0,0,0,,0,,0,,-0.0143,,-0.351245,
2025,03,BSNZ,ZZ,REP,"","",99004999,"",,"",0,0,415.97008800000003,,0,,415.97008800000003,,305.373286,,166.147649,
2025,03,BSNZ,ZZ,REP,"","",99005000,"",,"",0,0,895.7611909999999,,0,,895.7611909999999,,934.7713229999999,,327.48843899999997,
2025,03,BSNZ,ZZ,REP,"","",99005041,"",,"",0,0,-262.431127,,0,,-262.431127,,-3.7135299999999987,,-110.31298699999994,
2025,03,BSNZ,ZZ,REP,"","",99005068,"",,"",0,0,0,,0,,0,,-0.051651,,-1.268697,
2025,03,BSNZ,ZZ,REP,"","",99005084,"",,"",0,0,0,,0,,0,,-0.05785,,-1.420945,
2025,03,BSNZ,ZZ,REP,"","",99005120,"",,"",0,0,1465.705763,,0,,1465.705763,,1188.1477,,585.435286,
2025,03,BSNZ,ZZ,REP,"","",99005130,"",,"",0,0,85.30686700000001,,0,,85.30686700000001,,70.534432,,32.175641,
2025,03,BSNZ,ZZ,REP,"","",99005147,"",,"",0,0,182.032281,,0,,182.032281,,110.645737,,70.720628,
2025,03,BSNZ,ZZ,REP,"","",99005151,"",,"",0,0,27.918205,,0,,27.918205,,22.739334999999997,,11.151148,
2025,03,BSNZ,ZZ,REP,"","",99005156,"",,"",0,0,0,,0,,0,,-0.093527,,-2.297269,
2025,03,BSNZ,ZZ,REP,"","",99005170,"",,"",0,0,0,,0,,0,,-0.052,,-1.277254,
2025,03,BSNZ,ZZ,REP,"","",99005175,"",,"",0,0,110.27691199999998,,0,,110.27691199999998,,68.35538399999999,,40.26661699999999,
2025,03,BSNZ,ZZ,REP,"","",99005178,"",,"",0,0,100.47762,,0,,100.47762,,83.826403,,33.762551,
2025,03,BSNZ,ZZ,REP,"","",99005187,"",,"",0,0,0,,0,,0,,-0.043287,,-1.06325,
2025,03,BSNZ,ZZ,REP,"","",99005190,"",,"",0,0,0,,0,,0,,-0.0104,,-0.255451,
2025,03,BSNZ,ZZ,REP,"","",99005193,"",,"",0,0,0,,0,,0,,-0.29969599999999996,,-7.361327,
2025,03,BSNZ,ZZ,REP,"","",99005196,"",,"",0,0,0,,0,,0,,-0.011991,,-0.294535,
2025,03,BSNZ,ZZ,REP,"","",99005197,"",,"",0,0,0,,0,,0,,-0.0117,,-0.287382,
2025,03,BSNZ,ZZ,REP,"","",99005199,"",,"",0,0,0,,0,,0,,-0.026622,,-0.65389,
2025,03,BSNZ,ZZ,REP,"","",99005202,"",,"",0,0,41.737716000000006,,0,,41.737716000000006,,30.689206,,16.241042,
2025,03,BSNZ,ZZ,REP,"","",99005204,"",,"",0,0,201.7537,,0,,201.7537,,152.475352,,80.584888,
2025,03,BSNZ,ZZ,REP,"","",99005205,"",,"",0,0,25.198972,,0,,25.198972,,25.419417,,7.248614,
2025,03,BSNZ,ZZ,REP,"","",99005207,"",,"",0,0,41.318943,,0,,41.318943,,18.565919000000005,,16.043888000000003,
2025,03,BSNZ,ZZ,REP,"","",99005209,"",,"",0,0,0,,0,,0,,-0.037975,,-0.932778,
2025,03,BSNZ,ZZ,REP,"","",99005210,"",,"",0,0,56.729793,,0,,56.729793,,30.624172,,21.76927,
2025,03,BSNZ,ZZ,REP,"","",99005212,"",,"",0,0,71.47060400000001,,0,,71.47060400000001,,38.003311,,26.348146999999997,
2025,03,BSNZ,ZZ,REP,"","",99005225,"",,"",0,0,0,,0,,0,,-0.0312,,-0.766352,
2025,03,BSNZ,ZZ,REP,"","",99005227,"",,"",0,0,6.315098,,0,,6.315098,,4.085316000000001,,0.9612660000000001,
2025,03,BSNZ,ZZ,REP,"","",99005228,"",,"",0,0,79.62272,,0,,79.62272,,55.620442000000004,,30.662678999999997,
2025,03,BSNZ,ZZ,REP,"","",99005258,"",,"",0,0,0,,0,,0,,-0.270399,,-6.641721,
2025,03,BSNZ,ZZ,REP,"","",99005287,"",,"",0,0,72.581749,,0,,72.581749,,52.185908,,23.278235000000002,
2025,03,BSNZ,ZZ,REP,"","",99005291,"",,"",0,0,35.556627,,0,,35.556627,,17.429691000000002,,13.911209000000001,
2025,03,BSNZ,ZZ,REP,"","",99005292,"",,"",0,0,79.064357,,0,,79.064357,,43.642513,,30.322723000000003,
2025,03,BSNZ,ZZ,REP,"","",99005324,"",,"",0,0,0,,0,,0,,-0.199679,,-4.904656,
2025,03,BSNZ,ZZ,REP,"","",99005326,"",,"",0,0,992.1125010000001,,0,,992.1125010000001,,777.948648,,377.55222899999995,
2025,03,BSNZ,ZZ,REP,"","",99005354,"",,"",0,0,21.217836,,0,,21.217836,,10.253136000000001,,5.834342,
2025,03,BSNZ,ZZ,REP,"","",99005366,"",,"",0,0,6.449105,,0,,6.449105,,3.143109,,2.377621,
2025,03,BSNZ,ZZ,REP,"","",99005367,"",,"",0,0,6.186674,,0,,6.186674,,11.494059,,2.3050509999999997,
2025,03,BSNZ,ZZ,REP,"","",99005395,"",,"",0,0,0,,0,,0,,-0.063783,,-1.56668,
2025,03,BSNZ,ZZ,REP,"","",99005401,"",,"",0,0,107.797774,,0,,107.797774,,55.034944,,42.058575,
2025,03,BSNZ,ZZ,REP,"","",99005413,"",,"",0,0,138.451962,,0,,138.451962,,97.187453,,55.300774000000004,
2025,03,BSNZ,ZZ,REP,"","",99005421,"",,"",0,0,893.38256,,0,,893.38256,,592.579282,,356.836746,
2025,03,BSNZ,ZZ,REP,"","",99005551,"",,"",0,0,122.840102,,0,,122.840102,,73.439208,,49.065053,
2025,03,BSNZ,ZZ,REP,"","",99005585,"",,"",0,0,0,,0,,0,,-0.169927,,-4.173875,
2025,03,BSNZ,ZZ,REP,"","",99005595,"",,"",0,0,142.38284499999997,,0,,142.38284499999997,,100.221144,,51.378791,
2025,03,BSNZ,ZZ,REP,"","",99005625,"",,"",0,0,0,,0,,0,,-0.1105,,-2.714165,
2025,03,BSNZ,ZZ,REP,"","",99005626,"",,"",0,0,0,,0,,0,,-0.02054,,-0.504515,
2025,03,BSNZ,ZZ,REP,"","",99005637,"",,"",0,0,558.001163,,0,,558.001163,,439.29789800000003,,211.481317,
2025,03,BSNZ,ZZ,REP,"","",99005643,"",,"",0,0,382.127639,,0,,382.127639,,260.533288,,152.630227,
2025,03,BSNZ,ZZ,REP,"","",99005644,"",,"",0,0,289.651377,,0,,289.651377,,235.433429,,115.693164,
2025,03,BSNZ,ZZ,REP,"","",99005652,"",,"",0,0,0,,0,,0,,-0.578237,,-14.203066,
2025,03,BSNZ,ZZ,REP,"","",99005680,"",,"",0,0,0,,0,,0,,-0.932179,,-22.896824,
2025,03,BSNZ,ZZ,REP,"","",99005681,"",,"",0,0,466.43503799999996,,0,,466.43503799999996,,306.86503000000005,,176.974379,
2025,03,BSNZ,ZZ,REP,"","",99005688,"",,"",0,0,0,,0,,0,,-0.215339,,-5.289301,
2025,03,BSNZ,ZZ,REP,"","",99005690,"",,"",0,0,289.651377,,0,,289.651377,,235.573021,,115.693164,
2025,03,BSNZ,ZZ,REP,"","",99005698,"",,"",0,0,0,,0,,0,,-1.780719,,-43.739249,
2025,03,BSNZ,ZZ,REP,"","",99005702,"",,"",0,0,12.842374,,0,,12.842374,,5.997656,,4.795078999999999,
2025,03,BSNZ,ZZ,REP,"","",99005705,"",,"",0,0,107.652598,,0,,107.652598,,55.257913,,42.998828,
2025,03,BSNZ,ZZ,REP,"","",99005719,"",,"",0,0,0.005584,,0,,0.005584,,-1.088022,,-26.724314,
2025,03,BSNZ,ZZ,REP,"","",99005722,"",,"",0,0,0,,0,,0,,-0.035828,,-0.880028,
2025,03,BSNZ,ZZ,REP,"","",99005765,"",,"",0,0,0,,0,,0,,-0.477358,,-11.725193,
2025,03,BSNZ,ZZ,REP,"","",99005783,"",,"",0,0,0,,0,,0,,-0.777053,,-19.08652,
2025,03,BSNZ,ZZ,REP,"","",99005803,"",,"",0,0,0,,0,,0,,-0.224665,,-5.518377,
2025,03,BSNZ,ZZ,REP,"","",99005858,"",,"",0,0,109.718546,,0,,109.718546,,68.399934,,40.908871,
2025,03,BSNZ,ZZ,REP,"","",99005860,"",,"",0,0,8.654644,,0,,8.654644,,0.115093,,3.456856,
2025,03,BSNZ,ZZ,REP,"","",99005893,"",,"",0,0,0,,0,,0,,-0.006552,,-0.160934,
2025,03,BSNZ,ZZ,REP,"","",99005897,"",,"",0,0,0,,0,,0,,-0.026343,,-0.647057,
2025,03,BSNZ,ZZ,REP,"","",99005916,"",,"",0,0,0,,0,,0,,-0.184241,,-4.5254389999999995,
2025,03,BSNZ,ZZ,REP,"","",99005927,"",,"",0,0,0,,0,,0,,-0.8089609999999999,,-19.870243,
2025,03,BSNZ,ZZ,REP,"","",99005936,"",,"",0,0,99.86341999999999,,0,,99.86341999999999,,69.418205,,39.69332300000001,
2025,03,BSNZ,ZZ,REP,"","",99005963,"",,"",0,0,0,,0,,0,,-0.083145,,-2.042266,
2025,03,BSNZ,ZZ,REP,"","",99006015,"",,"",0,0,0,,0,,0,,-0.0325,,-0.798284,
2025,03,BSNZ,ZZ,REP,"","",99006028,"",,"",0,0,0,,0,,0,,-0.122199,,-3.001547,
2025,03,BSNZ,ZZ,REP,"","",99006049,"",,"",0,0,826.378868,,0,,826.378868,,647.524646,,330.07399,
2025,03,BSNZ,ZZ,REP,"","",99006107,"",,"",0,0,67.003692,,0,,67.003692,,55.610728,,26.762756,
2025,03,BSNZ,ZZ,REP,"","",99006202,"",,"",0,0,0,,0,,0,,-0.04784,,-1.175074,
2025,03,BSNZ,ZZ,REP,"","",99006238,"",,"",0,0,156.341948,,0,,156.341948,,143.512735,,62.446431,
2025,03,BSNZ,ZZ,REP,"","",99006241,"",,"",0,0,0,,0,,0,,-0.069162,,-1.698812,
2025,03,BSNZ,ZZ,REP,"","",99006266,"",,"",0,0,0,,0,,0,,-0.0884,,-2.171332,
2025,03,BSNZ,ZZ,REP,"","",99006285,"",,"",0,0,68.628532,,0,,68.628532,,56.19070000000001,,27.411753,
2025,03,BSNZ,ZZ,REP,"","",99006327,"",,"",0,0,0,,0,,0,,-0.0806,,-1.979744,
2025,03,BSNZ,ZZ,REP,"","",99006379,"",,"",0,0,0,,0,,0,,-0.446904,,-10.977169,
2025,03,BSNZ,ZZ,REP,"","",99006383,"",,"",0,0,0,,0,,0,,-0.0039000000000000007,,-0.09579399999999993,
2025,03,BSNZ,ZZ,REP,"","",99006416,"",,"",0,0,0,,0,,0,,-0.115647,,-2.840613,
2025,03,BSNZ,ZZ,REP,"","",99006440,"",,"",0,0,0,,0,,0,,-0.058895,,-1.446618,
2025,03,BSNZ,ZZ,REP,"","",99006507,"",,"",0,0,151.95320700000002,,0,,151.95320700000002,,114.25192900000002,,60.69347,
2025,03,BSNZ,ZZ,REP,"","",99006516,"",,"",0,0,0,,0,,0,,-0.046306,,-1.137395,
2025,03,BSNZ,ZZ,REP,"","",99006623,"",,"",0,0,0,,0,,0,,-3.173568,,-77.951334,
2025,03,BSNZ,ZZ,REP,"","",99006667,"",,"",0,0,1451.74666,,0,,1451.74666,,688.536928,,560.062272,
2025,03,BSNZ,ZZ,REP,"","",99006680,"",,"",0,0,473.213575,,0,,473.213575,,384.39673500000004,,177.53775100000001,
2025,03,BSNZ,ZZ,REP,"","",99006693,"",,"",0,0,0,,0,,0,,-0.146132,,-3.589403,
2025,03,BSNZ,ZZ,REP,"","",99006719,"",,"",0,0,627.651501,,0,,627.651501,,474.022461,,250.697886,
2025,03,BSNZ,ZZ,REP,"","",99006735,"",,"",0,0,22.518825,,0,,22.518825,,13.172438,,8.648890999999999,
2025,03,BSNZ,ZZ,REP,"","",99006736,"",,"",0,0,7.817097,,0,,7.817097,,6.804324,,3.122322,
2025,03,BSNZ,ZZ,REP,"","",99006757,"",,"",0,0,0,,0,,0,,-0.214489,,-5.268418,
2025,03,BSNZ,ZZ,REP,"","",99006760,"",,"",0,0,0,,0,,0,,-0.220048,,-5.404956,
2025,03,BSNZ,ZZ,REP,"","",99006762,"",,"",0,0,336.777307,,0,,336.777307,,226.24996400000003,,128.077407,
2025,03,BSNZ,ZZ,REP,"","",99006763,"",,"",0,0,0,,0,,0,,-0.054544999999999996,,-1.339776,
2025,03,BSNZ,ZZ,REP,"","",99006764,"",,"",0,0,75.379154,,0,,75.379154,,40.226372,,27.337289000000002,
2025,03,BSNZ,ZZ,REP,"","",99006765,"",,"",0,0,0,,0,,0,,-0.0364,,-0.894078,
2025,03,BSNZ,ZZ,REP,"","",99006766,"",,"",0,0,0,,0,,0,,-0.07716,,-1.895254,
2025,03,BSNZ,ZZ,REP,"","",99006767,"",,"",0,0,228.00798100000003,,0,,228.00798100000003,,197.84170799999998,,89.609483,
2025,03,BSNZ,ZZ,REP,"","",99006768,"",,"",0,0,0,,0,,0,,-0.05382,,-1.321959,
2025,03,BSNZ,ZZ,REP,"","",99006769,"",,"",0,0,0,,0,,0,,-0.098155,,-2.410945,
2025,03,BSNZ,ZZ,REP,"","",99006770,"",,"",0,0,0,,0,,0,,-0.23052499999999998,,-5.662324000000001,
2025,03,BSNZ,ZZ,REP,"","",99006772,"",,"",0,0,208.02971300000002,,0,,208.02971300000002,,139.05348899999998,,81.48277300000001,
2025,03,BSNZ,ZZ,REP,"","",99006774,"",,"",0,0,0,,0,,0,,-0.0494,,-1.213391,
2025,03,BSNZ,ZZ,REP,"","",99006800,"",,"",0,0,0,,0,,0,,-0.0104,,-0.255451,
2025,03,BSNZ,ZZ,REP,"","",99006817,"",,"",0,0,65.077336,,0,,65.077336,,44.09031,,22.063024000000002,
2025,03,BSNZ,ZZ,REP,"","",99006819,"",,"",0,0,253.491718,,0,,253.491718,,212.248117,,96.96513700000001,
2025,03,BSNZ,ZZ,REP,"","",99006863,"",,"",0,0,1519.878247,,0,,1519.878247,,1219.500294,,591.446025,
2025,03,BSNZ,ZZ,REP,"","",99006897,"",,"",0,0,425.752626,,0,,425.752626,,282.944884,,150.839745,
2025,03,BSNZ,ZZ,REP,"","",99006902,"",,"",0,0,0,,0,,0,,-0.549274,,-13.491636,
2025,03,BSNZ,ZZ,REP,"","",99006935,"",,"",0,0,71.543192,,0,,71.543192,,61.143065,,28.575933,
2025,03,BSNZ,ZZ,REP,"","",99006957,"",,"",0,0,404.53479,,0,,404.53479,,221.265534,,152.526962,
2025,03,BSNZ,ZZ,REP,"","",99007002,"",,"",0,0,186.270264,,0,,186.270264,,158.037347,,74.400461,
2025,03,BSNZ,ZZ,REP,"","",99007027,"",,"",0,0,122.694927,,0,,122.694927,,95.108957,,46.439786,
2025,03,BSNZ,ZZ,REP,"","",99007028,"",,"",0,0,213.272752,,0,,213.272752,,175.37070799999998,,85.185852,
2025,03,BSNZ,ZZ,REP,"","",99007034,"",,"",0,0,306.13986900000003,,0,,306.13986900000003,,257.568492,,122.279032,
2025,03,BSNZ,ZZ,REP,"","",99007036,"",,"",0,0,436.009775,,0,,436.009775,,332.45689,,162.19243799999998,
2025,03,BSNZ,ZZ,REP,"","",99007057,"",,"",0,0,0,,0,,0,,-0.299519,,-7.356984,
2025,03,BSNZ,ZZ,REP,"","",99007084,"",,"",0,0,41.318943,,0,,41.318943,,29.363826,,13.828490000000002,
2025,03,BSNZ,ZZ,REP,"","",99007104,"",,"",0,0,0,,0,,0,,-0.217042,,-5.331131,
2025,03,BSNZ,ZZ,REP,"","",99007105,"",,"",0,0,184.260153,,0,,184.260153,,147.211398,,68.92334,
2025,03,BSNZ,ZZ,REP,"","",99007108,"",,"",0,0,179.23487699999998,,0,,179.23487699999998,,151.163275,,68.250353,
2025,03,BSNZ,ZZ,REP,"","",99007138,"",,"",0,0,285.882419,,0,,285.882419,,223.060833,,112.557216,
2025,03,BSNZ,ZZ,REP,"","",99007143,"",,"",0,0,25.77967,,0,,25.77967,,12.506172,,9.527424,
2025,03,BSNZ,ZZ,REP,"","",99007149,"",,"",0,0,0,,0,,0,,-0.513238,,-12.606498,
2025,03,BSNZ,ZZ,REP,"","",99007168,"",,"",0,0,0,,0,,0,,0,,0,
2025,03,BSNZ,ZZ,REP,"","",99007202,"",,"",0,0,37.242885,,0,,37.242885,,28.971842,,14.875632,
2025,03,BSNZ,ZZ,REP,"","",99007221,"",,"",0,0,0,,0,,0,,-0.6655979999999999,,-16.348851999999994,
2025,03,BSNZ,ZZ,REP,"","",99007235,"",,"",0,0,0,,0,,0,,-0.02548,,-0.625855,
2025,03,BSNZ,ZZ,REP,"","",99007245,"",,"",0,0,2425.812833,,0,,2425.812833,,2026.090741,,931.263438,
2025,03,BSNZ,ZZ,REP,"","",99007271,"",,"",0,0,0,,0,,0,,-0.494788,,-12.153329,
2025,03,BSNZ,ZZ,REP,"","",99007290,"",,"",0,0,530.887003,,0,,530.887003,,402.38176599999997,,212.048006,
2025,03,BSNZ,ZZ,REP,"","",99007291,"",,"",0,0,0,,0,,0,,-0.007238,,-0.177793,
2025,03,BSNZ,ZZ,REP,"","",99007331,"",,"",0,0,186.493609,,0,,186.493609,,122.863379,,74.489671,
2025,03,BSNZ,ZZ,REP,"","",99007352,"",,"",0,0,64.826072,,0,,64.826072,,32.317051,,25.401223,
2025,03,BSNZ,ZZ,REP,"","",99007359,"",,"",0,0,0,,0,,0,,-0.206699,,-5.077085,
2025,03,BSNZ,ZZ,REP,"","",99007452,"",,"",0,0,504.426128,,0,,504.426128,,371.878215,,201.478948,
2025,03,BSNZ,ZZ,REP,"","",99007487,"",,"",0,0,155.783584,,0,,155.783584,,155.834182,,55.096393,
2025,03,BSNZ,ZZ,REP,"","",99007494,"",,"",0,0,125.352741,,0,,125.352741,,85.620144,,46.716119000000006,
2025,03,BSNZ,ZZ,REP,"","",99007495,"",,"",0,0,118.362022,,0,,118.362022,,100.467306,,37.847654,
2025,03,BSNZ,ZZ,REP,"","",99007496,"",,"",0,0,165.203187,,0,,165.203187,,118.60008400000001,,61.483739,
2025,03,BSNZ,ZZ,REP,"","",99007497,"",,"",0,0,2018.636982,,0,,2018.636982,,1372.7002599999998,,797.4369310000001,
2025,03,BSNZ,ZZ,REP,"","",99007498,"",,"",0,0,274.715137,,0,,274.715137,,151.206616,,107.807906,
2025,03,BSNZ,ZZ,REP,"","",99007500,"",,"",0,0,0,,0,,0,,-0.229571,,-5.638885,
2025,03,BSNZ,ZZ,REP,"","",99007501,"",,"",0,0,443.028412,,0,,443.028412,,278.122296,,170.790548,
2025,03,BSNZ,ZZ,REP,"","",99007502,"",,"",0,0,436.065611,,0,,436.065611,,309.63701100000003,,165.362214,
2025,03,BSNZ,ZZ,REP,"","",99007514,"",,"",0,0,272.816699,,0,,272.816699,,248.526538,,108.969021,
2025,03,BSNZ,ZZ,REP,"","",99007619,"",,"",0,0,0,,0,,0,,-0.0286,,-0.70249,
2025,03,BSNZ,ZZ,REP,"","",99007630,"",,"",0,0,0,,0,,0,,-0.143519,,-3.525221,
2025,03,BSNZ,ZZ,REP,"","",99007685,"",,"",0,0,997.014937,,0,,997.014937,,704.2343440000001,,398.229808,
2025,03,BSNZ,ZZ,REP,"","",99007704,"",,"",0,0,0,,0,,0,,-0.480998,,-11.814601,
2025,03,BSNZ,ZZ,REP,"","",99007787,"",,"",0,0,0,,0,,0,,-0.077997,,-1.915817,
2025,03,BSNZ,ZZ,REP,"","",99007886,"",,"",0,0,0,,0,,0,,-0.036192,,-0.888969,
2025,03,BSNZ,ZZ,REP,"","",99007958,"",,"",0,0,0,,0,,0,,-0.431598,,-10.601209,
2025,03,BSNZ,ZZ,REP,"","",99007960,"",,"",0,0,38.041346,,0,,38.041346,,32.420513,,6.380863,
2025,03,BSNZ,ZZ,REP,"","",99008007,"",,"",0,0,0,,0,,0,,-0.03914,,-0.961389,
2025,03,BSNZ,ZZ,REP,"","",99008026,"",,"",0,0,0,,0,,0,,-0.19186400000000003,,-4.712684999999999,
2025,03,BSNZ,ZZ,REP,"","",99008066,"",,"",0,0,734.550308,,0,,734.550308,,670.871487,,293.395633,
2025,03,BSNZ,ZZ,REP,"","",99008107,"",,"",0,0,2730.8694750000004,,0,,2730.8694750000004,,2018.836683,,1030.245487,
2025,03,BSNZ,ZZ,REP,"","",99008111,"",,"",0,0,212.178358,,0,,212.178358,,197.38937900000002,,77.347039,
2025,03,BSNZ,ZZ,REP,"","",99008120,"",,"",0,0,0,,0,,0,,-0.002712,,-0.066609,
2025,03,BSNZ,ZZ,REP,"","",99008122,"",,"",0,0,0,,0,,0,,-0.223027,,-5.478143,
2025,03,BSNZ,ZZ,REP,"","",99008250,"",,"",0,0,152.628827,,0,,152.628827,,155.021492,,60.963328,
2025,03,BSNZ,ZZ,REP,"","",99008305,"",,"",0,0,449.77345,,0,,449.77345,,363.084722,,173.51864,
2025,03,BSNZ,ZZ,REP,"","",99008332,"",,"",0,0,0,,0,,0,,-0.100508,,-2.468741,
2025,03,BSNZ,ZZ,REP,"","",99008344,"",,"",0,0,0,,0,,0,,-0.137711,,-3.3825519999999996,
2025,03,BSNZ,ZZ,REP,"","",99008385,"",,"",0,0,219.604601,,0,,219.604601,,193.880926,,87.714933,
2025,03,BSNZ,ZZ,REP,"","",99008388,"",,"",0,0,128.345572,,0,,128.345572,,91.547583,,51.264059,
2025,03,BSNZ,ZZ,REP,"","",99008470,"",,"",0,0,1874.389199,,0,,1874.389199,,1139.677062,,748.098552,
2025,03,BSNZ,ZZ,REP,"","",99008550,"",,"",0,0,110.075899,,0,,110.075899,,78.465637,,42.678446,
2025,03,BSNZ,ZZ,REP,"","",99008613,"",,"",0,0,289.718381,,0,,289.718381,,169.759644,,112.019593,
2025,03,BSNZ,ZZ,REP,"","",99008634,"",,"",0,0,13.959103,,0,,13.959103,,13.129541999999999,,5.326509,
2025,03,BSNZ,ZZ,REP,"","",99008659,"",,"",0,0,8.375461999999999,,0,,8.375461999999999,,0.1113809999999944,,3.3453440000000114,
2025,03,BSNZ,ZZ,REP,"","",99008673,"",,"",0,0,115.09000800000001,,0,,115.09000800000001,,64.372957,,44.288244,
2025,03,BSNZ,ZZ,REP,"","",99008684,"",,"",0,0,83.754615,,0,,83.754615,,36.062917,,31.97183,
2025,03,BSNZ,ZZ,REP,"","",99008687,"",,"",0,0,0,,0,,0,,0.12712899999999994,,3.122631,
2025,03,BSNZ,ZZ,REP,"","",99008703,"",,"",0,0,58.628231,,0,,58.628231,,50.390871000000004,,21.373804,
2025,03,BSNZ,ZZ,REP,"","",99008704,"",,"",0,0,1842.60153,,0,,1842.60153,,1420.414025,,735.975788,
2025,03,BSNZ,ZZ,REP,"","",99008709,"",,"",0,0,346.185742,,0,,346.185742,,267.88223500000004,,131.658063,
2025,03,BSNZ,ZZ,REP,"","",99008714,"",,"",0,0,0,,0,,0,,-0.031239,,-0.76731,
2025,03,BSNZ,ZZ,REP,"","",99008725,"",,"",0,0,158.92159,,0,,158.92159,,147.232243,,63.476797,
2025,03,BSNZ,ZZ,REP,"","",99008726,"",,"",0,0,0,,0,,0,,-0.02652,,-0.6514,
2025,03,BSNZ,ZZ,REP,"","",99008730,"",,"",0,0,93.805169,,0,,93.805169,,77.743347,,37.467858,
2025,03,BSNZ,ZZ,REP,"","",99008733,"",,"",0,0,0,,0,,0,,-0.10139999999999999,,-2.4906449999999998,
2025,03,BSNZ,ZZ,REP,"","",99008740,"",,"",0,0,0,,0,,0,,-0.186669,,-4.585087,
2025,03,BSNZ,ZZ,REP,"","",99008743,"",,"",0,0,0,,0,,0,,-0.011699999999999988,,-0.287382,
2025,03,BSNZ,ZZ,REP,"","",99008748,"",,"",0,0,0,,0,,0,,-0.039624,,-0.973268,
2025,03,BSNZ,ZZ,REP,"","",99008753,"",,"",0,0,5.667396,,0,,5.667396,,6.045967,,2.167953,
2025,03,BSNZ,ZZ,REP,"","",99008754,"",,"",0,0,0,,0,,0,,-0.065,,-1.596568,
2025,03,BSNZ,ZZ,REP,"","",99008758,"",,"",0,0,47.460949,,0,,47.460949,,37.921547,,18.477982,
2025,03,BSNZ,ZZ,REP,"","",99008760,"",,"",0,0,1467.380855,,0,,1467.380855,,1242.107948,,586.104355,
2025,03,BSNZ,ZZ,REP,"","",99008762,"",,"",0,0,23.451292,,0,,23.451292,,19.646117999999998,,7.674603,
2025,03,BSNZ,ZZ,REP,"","",99008772,"",,"",0,0,112.979392,,0,,112.979392,,85.50271400000001,,42.93125,
2025,03,BSNZ,ZZ,REP,"","",99008784,"",,"",0,0,68.745788,,0,,68.745788,,51.83702,,27.458588,
2025,03,BSNZ,ZZ,REP,"","",99008795,"",,"",0,0,0,,0,,0,,-0.076512,,-1.879352,
2025,03,BSNZ,ZZ,REP,"","",99008796,"",,"",0,0,0,,0,,0,,-0.066627,,-1.636546,
2025,03,BSNZ,ZZ,REP,"","",99008809,"",,"",0,0,0,,0,,0,,-0.322317,,-7.916931000000001,
2025,03,BSNZ,ZZ,REP,"","",99008844,"",,"",0,0,0,,0,,0,,-0.057197,,-1.404916,
2025,03,BSNZ,ZZ,REP,"","",99008847,"",,"",0,0,125.073558,,0,,125.073558,,123.34133,,48.843697999999996,
2025,03,BSNZ,ZZ,REP,"","",99008860,"",,"",0,0,0,,0,,0,,-0.264419,,-6.494837,
2025,03,BSNZ,ZZ,REP,"","",99008875,"",,"",0,0,576.432762,,0,,576.432762,,497.63017,,230.239989,
2025,03,BSNZ,ZZ,REP,"","",99008886,"",,"",0,0,0,,0,,0,,-0.06006,,-1.475229,
2025,03,BSNZ,ZZ,REP,"","",99008890,"",,"",0,0,575.115023,,0,,575.115023,,467.125966,,229.713655,
2025,03,BSNZ,ZZ,REP,"","",99008892,"",,"",0,0,0,,0,,0,,-1.093883,,-26.868702,
2025,03,BSNZ,ZZ,REP,"","",99008899,"",,"",0,0,249.08064099999999,,0,,249.08064099999999,,188.968453,,99.488315,
2025,03,BSNZ,ZZ,REP,"","",99008900,"",,"",0,0,478.875387,,0,,478.875387,,382.129097,,180.538926,
2025,03,BSNZ,ZZ,REP,"","",99008928,"",,"",0,0,54.08873,,0,,54.08873,,41.703752,,16.131265,
2025,03,BSNZ,ZZ,REP,"","",99008931,"",,"",0,0,0,,0,,0,,-0.131513,,-3.230303,
2025,03,BSNZ,ZZ,REP,"","",99008932,"",,"",0,0,993.6647539999999,,0,,993.6647539999999,,687.266782,,381.14421200000004,
2025,03,BSNZ,ZZ,REP,"","",99008934,"",,"",0,0,0,,0,,0,,-0.134003,,-3.291484,
2025,03,BSNZ,ZZ,REP,"","",99008939,"",,"",0,0,0,,0,,0,,-0.891422,,-21.895713,
2025,03,BSNZ,ZZ,REP,"","",99008944,"",,"",0,0,136.553524,,0,,136.553524,,97.15106199999998,,48.234203,
2025,03,BSNZ,ZZ,REP,"","",99008945,"",,"",0,0,0,,0,,0,,-1.310374,,-32.186294,
2025,03,BSNZ,ZZ,REP,"","",99008946,"",,"",0,0,1963.331016,,0,,1963.331016,,889.4980820000001,,779.8471030000001,
2025,03,BSNZ,ZZ,REP,"","",99008956,"",,"",0,0,5816.551417,,0,,5816.551417,,4497.054953,,2247.842483,
2025,03,BSNZ,ZZ,REP,"","",99008960,"",,"",0,0,193.752343,,0,,193.752343,,116.4884,,73.40993900000001,
2025,03,BSNZ,ZZ,REP,"","",99008973,"",,"",0,0,0,,0,,0,,-0.238679,,-5.862597,
2025,03,BSNZ,ZZ,REP,"","",99008984,"",,"",0,0,0,,0,,0,,-0.1066,,-2.618371,
2025,03,BSNZ,ZZ,REP,"","",99008989,"",,"",0,0,491.360408,,0,,491.360408,,249.633067,,193.197865,
2025,03,BSNZ,ZZ,REP,"","",99008990,"",,"",0,0,0,,0,,0,,-0.124279,,-3.052637,
2025,03,BSNZ,ZZ,REP,"","",99009032,"",,"",0,0,0,,0,,0,,-0.10296,,-2.528963,
2025,03,BSNZ,ZZ,REP,"","",99009038,"",,"",0,0,0,,0,,0,,-0.137096,,-3.367416,
2025,03,BSNZ,ZZ,REP,"","",99009055,"",,"",0,0,252.816097,,0,,252.816097,,207.584628,,97.573519,
2025,03,BSNZ,ZZ,REP,"","",99009063,"",,"",0,0,2613.143988,,0,,2613.143988,,2128.616183,,1043.747481,
2025,03,BSNZ,ZZ,REP,"","",99009069,"",,"",0,0,387.728031,,0,,387.728031,,282.104782,,154.867148,
2025,03,BSNZ,ZZ,REP,"","",99009072,"",,"",0,0,0,,0,,0,,-0.41198100000000004,,-10.119367,
2025,03,BSNZ,ZZ,REP,"","",99009094,"",,"",0,0,41.609293,,0,,41.609293,,32.74303,,16.619671,
2025,03,BSNZ,ZZ,REP,"","",99009098,"",,"",0,0,781.70974,,0,,781.70974,,653.07262,,312.232153,
2025,03,BSNZ,ZZ,REP,"","",99009105,"",,"",0,0,673.387105,,0,,673.387105,,571.20086,,254.59237299999998,
2025,03,BSNZ,ZZ,REP,"","",99009109,"",,"",0,0,558.3641,,0,,558.3641,,395.488436,,223.022966,
2025,03,BSNZ,ZZ,REP,"","",99009123,"",,"",0,0,0,,0,,0,,-0.049972,,-1.227441,
2025,03,BSNZ,ZZ,REP,"","",99009127,"",,"",0,0,0,,0,,0,,-0.267276,,-6.565023,
2025,03,BSNZ,ZZ,REP,"","",99009133,"",,"",0,0,0,,0,,0,,-0.07228,,-1.775383,
2025,03,BSNZ,ZZ,REP,"","",99009137,"",,"",0,0,0,,0,,0,,-0.217879,,-5.351695,
2025,03,BSNZ,ZZ,REP,"","",99009151,"",,"",0,0,0,,0,,0,,-0.065,,-1.596568,
2025,03,BSNZ,ZZ,REP,"","",99009153,"",,"",0,0,2512.63845,,0,,2512.63845,,1813.199807,,1003.603348,
2025,03,BSNZ,ZZ,REP,"","",99009168,"",,"",0,0,78.997353,,0,,78.997353,,57.06602,,30.465643,
2025,03,BSNZ,ZZ,REP,"","",99009180,"",,"",0,0,0,,0,,0,,-0.088784,,-2.180784,
2025,03,BSNZ,ZZ,REP,"","",99009185,"",,"",0,0,2052.792112,,0,,2052.792112,,1856.499779,,819.930554,
2025,03,BSNZ,ZZ,REP,"","",99009188,"",,"",0,0,3406.02101,,0,,3406.02101,,2630.931602,,1233.3852359999998,
2025,03,BSNZ,ZZ,REP,"","",99009203,"",,"",0,0,0,,0,,0,,-0.592277,,-14.547925,
2025,03,BSNZ,ZZ,REP,"","",99009212,"",,"",0,0,0,,0,,0,,-0.0156,,-0.383176,
2025,03,BSNZ,ZZ,REP,"","",99009214,"",,"",0,0,0,,0,,0,,-0.018086,,-0.444229,
2025,03,BSNZ,ZZ,REP,"","",99009215,"",,"",0,0,16.745339,,0,,16.745339,,14.181790000000001,,6.688459,
2025,03,BSNZ,ZZ,REP,"","",99009218,"",,"",0,0,0,,0,,0,,-0.0598,,-1.468842,
2025,03,BSNZ,ZZ,REP,"","",99009221,"",,"",0,0,20.871650000000002,,0,,20.871650000000002,,13.409789,,6.678658,
2025,03,BSNZ,ZZ,REP,"","",99009242,"",,"",0,0,0,,0,,0,,-0.663647,,-16.300956,
2025,03,BSNZ,ZZ,REP,"","",99009243,"",,"",0,0,0,,0,,0,,-1.059079,,-26.013835,
2025,03,BSNZ,ZZ,REP,"","",99009256,"",,"",0,0,750.01141,,0,,750.01141,,298.648242,,299.571139,
2025,03,BSNZ,ZZ,REP,"","",99009258,"",,"",0,0,156.688134,,0,,156.688134,,112.974822,,62.584705,
2025,03,BSNZ,ZZ,REP,"","",99009264,"",,"",0,0,0,,0,,0,,-0.045932,,-1.128198,
2025,03,BSNZ,ZZ,REP,"","",99009266,"",,"",0,0,0,,0,,0,,-0.0169,,-0.415108,
2025,03,BSNZ,ZZ,REP,"","",99009267,"",,"",0,0,0,,0,,0,,-0.0117,,-0.287382,
2025,03,BSNZ,ZZ,REP,"","",99009273,"",,"",0,0,0,,0,,0,,-0.03459,,-0.849629,
2025,03,BSNZ,ZZ,REP,"","",99009281,"",,"",0,0,50.252769,,0,,50.252769,,42.545593,,20.072067,
2025,03,BSNZ,ZZ,REP,"","",99009283,"",,"",0,0,34.84192,,0,,34.84192,,17.858642,,13.286307999999998,
2025,03,BSNZ,ZZ,REP,"","",99009293,"",,"",0,0,13.959103,,0,,13.959103,,10.492079,,4.866314999999999,
2025,03,BSNZ,ZZ,REP,"","",99009300,"",,"",0,0,0,,0,,0,,-0.0351,,-0.862147,
2025,03,BSNZ,ZZ,REP,"","",99009307,"",,"",0,0,0,,0,,0,,-0.066593,,-1.635716,
2025,03,BSNZ,ZZ,REP,"","",99009316,"",,"",0,0,335.01846,,0,,335.01846,,314.45898,,133.81378,
2025,03,BSNZ,ZZ,REP,"","",99009329,"",,"",0,0,0,,0,,0,,-0.7967409999999999,,-19.570088,
2025,03,BSNZ,ZZ,REP,"","",99009360,"",,"",0,0,371.62481,,0,,371.62481,,286.357546,,148.435165,
2025,03,BSNZ,ZZ,REP,"","",99009374,"",,"",0,0,214.970179,,0,,214.970179,,153.617081,,85.863842,
2025,03,BSNZ,ZZ,REP,"","",99009379,"",,"",0,0,0,,0,,0,,-0.457598,,-11.239837,
2025,03,BSNZ,ZZ,REP,"","",99009402,"",,"",0,0,217.761999,,0,,217.761999,,203.906977,,86.978957,
2025,03,BSNZ,ZZ,REP,"","",99009432,"",,"",0,0,47.695461,,0,,47.695461,,33.862303,,15.067888,
2025,03,BSNZ,ZZ,REP,"","",99009434,"",,"",0,0,406.801749,,0,,406.801749,,290.03745999999995,,159.094247,
2025,03,BSNZ,ZZ,REP,"","",99009442,"",,"",0,0,232.279466,,0,,232.279466,,221.967688,,92.777554,
2025,03,BSNZ,ZZ,REP,"","",99009453,"",,"",0,0,0,,0,,0,,-0.20575200000000002,,-5.053839,
2025,03,BSNZ,ZZ,REP,"","",99009470,"",,"",0,0,0,,0,,0,,-0.237296,,-5.828622,
2025,03,BSNZ,ZZ,REP,"","",99009472,"",,"",0,0,0,,0,,0,,-0.172338,,-4.233076,
2025,03,BSNZ,ZZ,REP,"","",99009475,"",,"",0,0,268.009184,,0,,268.009184,,205.02188,,107.048794,
2025,03,BSNZ,ZZ,REP,"","",99009476,"",,"",0,0,2494.770799,,0,,2494.770799,,1760.5625909999999,,909.447288,
2025,03,BSNZ,ZZ,REP,"","",99009477,"",,"",0,0,1024.084429,,0,,1024.084429,,929.069377,,402.496034,
2025,03,BSNZ,ZZ,REP,"","",99009481,"",,"",0,0,212.010849,,0,,212.010849,,176.513272,,82.985627,
2025,03,BSNZ,ZZ,REP,"","",99009515,"",,"",0,0,0,,0,,0,,-0.15661,,-3.84677,
2025,03,BSNZ,ZZ,REP,"","",99009523,"",,"",0,0,33.501846,,0,,33.501846,,22.774887000000003,,13.253653,
2025,03,BSNZ,ZZ,REP,"","",99009530,"",,"",0,0,423.59734100000003,,0,,423.59734100000003,,378.480661,,168.504426,
2025,03,BSNZ,ZZ,REP,"","",99009543,"",,"",0,0,394.623828,,0,,394.623828,,287.91835599999996,,154.159293,
2025,03,BSNZ,ZZ,REP,"","",99009548,"",,"",0,0,72.028969,,0,,72.028969,,44.655449000000004,,28.769963,
2025,03,BSNZ,ZZ,REP,"","",99009556,"",,"",0,0,2117.607017,,0,,2117.607017,,1522.1132530000002,,840.1695080000001,
2025,03,BSNZ,ZZ,REP,"","",99009605,"",,"",0,0,0,,0,,0,,-0.404558,,-9.937037,
2025,03,BSNZ,ZZ,REP,"","",99009613,"",,"",0,0,528.938312,,0,,528.938312,,506.211573,,211.269656,
2025,03,BSNZ,ZZ,REP,"","",99009673,"",,"",0,0,206.589133,,0,,206.589133,,195.538309,,74.400722,
2025,03,BSNZ,ZZ,REP,"","",99009679,"",,"",0,0,1474.081224,,0,,1474.081224,,1337.342296,,588.780631,
2025,03,BSNZ,ZZ,REP,"","",99009689,"",,"",0,0,383.95349,,0,,383.95349,,205.558705,,153.359512,
2025,03,BSNZ,ZZ,REP,"","",99009693,"",,"",0,0,0,,0,,0,,-0.530398,,-13.027992,
2025,03,BSNZ,ZZ,REP,"","",99009711,"",,"",0,0,256.847486,,0,,256.847486,,199.959841,,102.590564,
2025,03,BSNZ,ZZ,REP,"","",99009715,"",,"",0,0,0,,0,,0,,-0.623997,,-15.32705,
2025,03,BSNZ,ZZ,REP,"","",99009756,"",,"",0,0,161.545901,,0,,161.545901,,94.552628,,63.03208599999999,
2025,03,BSNZ,ZZ,REP,"","",99009768,"",,"",0,0,435.523998,,0,,435.523998,,430.148517,,173.957914,
2025,03,BSNZ,ZZ,REP,"","",99009811,"",,"",0,0,7217.414357,,0,,7217.414357,,6720.412225,,2882.79486,
2025,03,BSNZ,ZZ,REP,"","",99009841,"",,"",0,0,284.765691,,0,,284.765691,,229.165032,,113.741713,
2025,03,BSNZ,ZZ,REP,"","",99009865,"",,"",0,0,1050.70723,,0,,1050.70723,,808.636582,,419.675698,
2025,03,BSNZ,ZZ,REP,"","",99009875,"",,"",0,0,171.976143,,0,,171.976143,,131.164929,,66.131712,
2025,03,BSNZ,ZZ,REP,"","",99009877,"",,"",0,0,0,,0,,0,,-0.545477,,-13.398396,
2025,03,BSNZ,ZZ,REP,"","",99009885,"",,"",0,0,761.876647,,0,,761.876647,,682.402167,,304.310377,
2025,03,BSNZ,ZZ,REP,"","",99009888,"",,"",0,0,80.962795,,0,,80.962795,,70.244149,,30.626808999999998,
2025,03,BSNZ,ZZ,REP,"","",99009897,"",,"",0,0,1069.825616,,0,,1069.825616,,1019.28242,,427.312003,
2025,03,BSNZ,ZZ,REP,"","",99009905,"",,"",0,0,382.9261,,0,,382.9261,,287.5891909999999,,124.650435,
2025,03,BSNZ,ZZ,REP,"","",99009939,"",,"",0,0,587.198022,,0,,587.198022,,466.493774,,234.539872,
2025,03,BSNZ,ZZ,REP,"","",99009944,"",,"",0,0,2077.6728169999997,,0,,2077.6728169999997,,1660.981498,,792.0799989999999,
2025,03,BSNZ,ZZ,REP,"","",99009945,"",,"",0,0,0,,0,,0,,-0.612557,,-15.046054,
2025,03,BSNZ,ZZ,REP,"","",99009956,"",,"",0,0,0,,0,,0,,-0.07462,,-1.83286,
2025,03,BSNZ,ZZ,REP,"","",99009964,"",,"",0,0,0,,0,,0,,-0.06968,,-1.711521,
2025,03,BSNZ,ZZ,REP,"","",99009970,"",,"",0,0,891.149104,,0,,891.149104,,856.767472,,355.944654,
2025,03,BSNZ,ZZ,REP,"","",99009976,"",,"",0,0,0,,0,,0,,-0.056599,,-1.390227,
2025,03,BSNZ,ZZ,REP,"","",99009980,"",,"",0,0,175.806521,,0,,175.806521,,141.928982,,70.221011,
2025,03,BSNZ,ZZ,REP,"","",99009984,"",,"",0,0,0,,0,,0,,-0.819188,,-20.121479,
2025,03,BSNZ,ZZ,REP,"","",99009985,"",,"",0,0,166.392502,,0,,166.392502,,156.321257,,66.460844,
2025,03,BSNZ,ZZ,REP,"","",99009993,"",,"",0,0,552.780459,,0,,552.780459,,462.62363600000003,,210.074657,
2025,03,BSNZ,ZZ,REP,"","",99010028,"",,"",0,0,424.356716,,0,,424.356716,,284.825344,,169.497454,
2025,03,BSNZ,ZZ,REP,"","",99010057,"",,"",0,0,0,,0,,0,,-0.15295999999999998,,-3.757107,
2025,03,BSNZ,ZZ,REP,"","",99010064,"",,"",0,0,0,,0,,0,,-0.066248,,-1.627222,
2025,03,BSNZ,ZZ,REP,"","",99010066,"",,"",0,0,48.577677,,0,,48.577677,,40.848224,,19.402998,
2025,03,BSNZ,ZZ,REP,"","",99010074,"",,"",0,0,195.421851,,0,,195.421851,,171.78313300000002,,78.055808,
2025,03,BSNZ,ZZ,REP,"","",99010083,"",,"",0,0,0,,0,,0,,-0.042346,,-1.040132,
2025,03,BSNZ,ZZ,REP,"","",99010086,"",,"",0,0,63.653507,,0,,63.653507,,44.398894,,25.424618,
2025,03,BSNZ,ZZ,REP,"","",99010089,"",,"",0,0,50.777631,,0,,50.777631,,33.56291,,20.281709,
2025,03,BSNZ,ZZ,REP,"","",99010094,"",,"",0,0,0,,0,,0,,-0.04134,,-1.015417,
2025,03,BSNZ,ZZ,REP,"","",99010112,"",,"",0,0,989.700367,,0,,989.700367,,780.594822,,373.799249,
2025,03,BSNZ,ZZ,REP,"","",99010118,"",,"",0,0,714.706048,,0,,714.706048,,585.736245,,285.469397,
2025,03,BSNZ,ZZ,REP,"","",99010124,"",,"",0,0,541.613178,,0,,541.613178,,426.42239200000006,,216.332277,
2025,03,BSNZ,ZZ,REP,"","",99010139,"",,"",0,0,0,,0,,0,,-0.153896,,-3.780098,
2025,03,BSNZ,ZZ,REP,"","",99010147,"",,"",0,0,0,,0,,0,,-0.392598,,-9.643269,
2025,03,BSNZ,ZZ,REP,"","",99010151,"",,"",0,0,0,,0,,0,,-0.024947,,-0.612763,
2025,03,BSNZ,ZZ,REP,"","",99010168,"",,"",0,0,0,,0,,0,,-0.097442,,-2.393447,
2025,03,BSNZ,ZZ,REP,"","",99010179,"",,"",0,0,0,,0,,0,,-0.577197,,-14.177521,
2025,03,BSNZ,ZZ,REP,"","",99010183,"",,"",0,0,180.664288,,0,,180.664288,,123.009204,,72.16131,
2025,03,BSNZ,ZZ,REP,"","",99010214,"",,"",0,0,0,,0,,0,,-0.064064,,-1.573577,
2025,03,BSNZ,ZZ,REP,"","",99010228,"",,"",0,0,0,,0,,0,,-1.1300020000000002,,-27.755882,
2025,03,BSNZ,ZZ,REP,"","",99010277,"",,"",0,0,0,,0,,0,,-0.117517,,-2.886531,
2025,03,BSNZ,ZZ,REP,"","",99010342,"",,"",0,0,307.496694,,0,,307.496694,,219.338595,,122.820978,
2025,03,BSNZ,ZZ,REP,"","",99010349,"",,"",0,0,1245.151943,,0,,1245.151943,,1098.947419,,497.341214,
2025,03,BSNZ,ZZ,REP,"","",99010352,"",,"",0,0,0,,0,,0,,-0.05408,,-1.328345,
2025,03,BSNZ,ZZ,REP,"","",99010353,"",,"",0,0,326.620664,,0,,326.620664,,187.096124,,130.459514,
2025,03,BSNZ,ZZ,REP,"","",99010364,"",,"",0,0,0,,0,,0,,-0.0689,,-1.692362,
2025,03,BSNZ,ZZ,REP,"","",99010370,"",,"",0,0,0,,0,,0,,-0.340352,,-8.359948,
2025,03,BSNZ,ZZ,REP,"","",99010379,"",,"",0,0,0,,0,,0,,-0.00676,,-0.166043,
2025,03,BSNZ,ZZ,REP,"","",99010382,"",,"",0,0,0,,0,,0,,-0.145599,,-3.576312,
2025,03,BSNZ,ZZ,REP,"","",99010383,"",,"",0,0,0,,0,,0,,-0.042133,,-1.034895,
2025,03,BSNZ,ZZ,REP,"","",99010385,"",,"",0,0,0,,0,,0,,-0.041561,,-1.020845,
2025,03,BSNZ,ZZ,REP,"","",99010393,"",,"",0,0,0,,0,,0,,-0.1092,,-2.682234,
2025,03,BSNZ,ZZ,REP,"","",99010398,"",,"",0,0,122.840102,,0,,122.840102,,104.583826,,43.281902,
2025,03,BSNZ,ZZ,REP,"","",99010423,"",,"",0,0,0,,0,,0,,-0.0585,,-1.436911,
2025,03,BSNZ,ZZ,REP,"","",99010454,"",,"",0,0,0,,0,,0,,-0.095035,,-2.33431,
2025,03,BSNZ,ZZ,REP,"","",99010470,"",,"",0,0,36.293667,,0,,36.293667,,27.786654,,14.496493,
2025,03,BSNZ,ZZ,REP,"","",99010473,"",,"",0,0,0,,0,,0,,-0.053515999999999994,,-1.314486,
2025,03,BSNZ,ZZ,REP,"","",99010496,"",,"",0,0,251.816625,,0,,251.816625,,232.278056,,100.581127,
2025,03,BSNZ,ZZ,REP,"","",99010503,"",,"",0,0,0,,0,,0,,-0.181999,,-4.47039,
2025,03,BSNZ,ZZ,REP,"","",99010512,"",,"",0,0,0,,0,,0,,-0.07644,,-1.877564,
2025,03,BSNZ,ZZ,REP,"","",99010555,"",,"",0,0,156.676966,,0,,156.676966,,157.308783,,62.580244,
2025,03,BSNZ,ZZ,REP,"","",99010625,"",,"",0,0,0,,0,,0,,-0.03718,,-0.913237,
2025,03,BSNZ,ZZ,REP,"","",99010650,"",,"",0,0,256.847486,,0,,256.847486,,224.527862,,102.590564,
2025,03,BSNZ,ZZ,REP,"","",99010685,"",,"",0,0,0,,0,,0,,-0.145251,,-3.567754,
2025,03,BSNZ,ZZ,REP,"","",99010713,"",,"",0,0,54.719682,,0,,54.719682,,67.173016,,21.856251,
2025,03,BSNZ,ZZ,REP,"","",99010730,"",,"",0,0,804.010802,,0,,804.010802,,630.322244,,311.870657,
2025,03,BSNZ,ZZ,REP,"","",99010731,"",,"",0,0,133.421102,,0,,133.421102,,103.667984,,50.357741000000004,
2025,03,BSNZ,ZZ,REP,"","",99010777,"",,"",0,0,11.167282,,0,,11.167282,,0.11080800000000579,,3.5344499999999996,
2025,03,BSNZ,ZZ,REP,"","",99010788,"",,"",0,0,0,,0,,0,,-0.023192,,-0.569655,
2025,03,BSNZ,ZZ,REP,"","",99010810,"",,"",0,0,0,,0,,0,,-0.06708,,-1.647658,
2025,03,BSNZ,ZZ,REP,"","",99010818,"",,"",0,0,153.270945,,0,,153.270945,,124.655025,,61.219804,
2025,03,BSNZ,ZZ,REP,"","",99010822,"",,"",0,0,0,,0,,0,,-0.0806,,-1.979744,
2025,03,BSNZ,ZZ,REP,"","",99010890,"",,"",0,0,300.935915,,0,,300.935915,,222.692996,,118.332602,
2025,03,BSNZ,ZZ,REP,"","",99010897,"",,"",0,0,95.335086,,0,,95.335086,,55.70831,,38.078941,
2025,03,BSNZ,ZZ,REP,"","",99010908,"",,"",0,0,0,,0,,0,,-0.275599,,-6.769447,
2025,03,BSNZ,ZZ,REP,"","",99010918,"",,"",0,0,0,,0,,0,,-0.1144,,-2.809959,
2025,03,BSNZ,ZZ,REP,"","",99010925,"",,"",0,0,271.906566,,0,,271.906566,,239.971464,,108.605494,
2025,03,BSNZ,ZZ,REP,"","",99010934,"",,"",0,0,712.4725920000001,,0,,712.4725920000001,,714.9236050000001,,276.633486,
2025,03,BSNZ,ZZ,REP,"","",99010943,"",,"",0,0,225.104487,,0,,225.104487,,186.923037,,87.275775,
2025,03,BSNZ,ZZ,REP,"","",99010958,"",,"",0,0,73.983243,,0,,73.983243,,54.69849,,29.550543,
2025,03,BSNZ,ZZ,REP,"","",99010962,"",,"",0,0,141.461545,,0,,141.461545,,110.991139,,53.211000999999996,
2025,03,BSNZ,ZZ,REP,"","",99011011,"",,"",0,0,0,,0,,0,,-0.04849,,-1.191039,
2025,03,BSNZ,ZZ,REP,"","",99011013,"",,"",0,0,0,,0,,0,,-0.083189,,-2.043351,
2025,03,BSNZ,ZZ,REP,"","",99011040,"",,"",0,0,72.967021,,0,,72.967021,,85.692319,,28.218632,
2025,03,BSNZ,ZZ,REP,"","",99011044,"",,"",0,0,431.542862,,0,,431.542862,,360.79699500000004,,169.48736000000002,
2025,03,BSNZ,ZZ,REP,"","",99011045,"",,"",0,0,46.779744,,0,,46.779744,,44.038553,,18.088642,
2025,03,BSNZ,ZZ,REP,"","",99011102,"",,"",0,0,0,,0,,0,,-0.056602,,-1.390291,
2025,03,BSNZ,ZZ,REP,"","",99011103,"",,"",0,0,0,,0,,0,,0,,0,
2025,03,BSNZ,ZZ,REP,"","",99011108,"",,"",0,0,117.256461,,0,,117.256461,,100.389777,,46.834823,
2025,03,BSNZ,ZZ,REP,"","",99011113,"",,"",0,0,144.448793,,0,,144.448793,,112.897604,,54.311317,
2025,03,BSNZ,ZZ,REP,"","",99011125,"",,"",0,0,0,,0,,0,,-0.051246,,-1.258734,
2025,03,BSNZ,ZZ,REP,"","",99011126,"",,"",0,0,0,,0,,0,,-0.053484,,-1.31372,
2025,03,BSNZ,ZZ,REP,"","",99011127,"",,"",0,0,0,,0,,0,,-0.0455,,-1.117597,
2025,03,BSNZ,ZZ,REP,"","",99011140,"",,"",0,0,1487.481962,,0,,1487.481962,,1259.349531,,594.133182,
2025,03,BSNZ,ZZ,REP,"","",99011141,"",,"",0,0,0,,0,,0,,-0.0754,,-1.852019,
2025,03,BSNZ,ZZ,REP,"","",99011160,"",,"",0,0,0,,0,,0,,-0.336647,,-8.268943,
2025,03,BSNZ,ZZ,REP,"","",99011169,"",,"",0,0,65.886964,,0,,65.886964,,41.311710000000005,,19.703726,
2025,03,BSNZ,ZZ,REP,"","",99011178,"",,"",0,0,753.791535,,0,,753.791535,,664.036141,,301.081004,
2025,03,BSNZ,ZZ,REP,"","",99011214,"",,"",0,0,0,,0,,0,,-0.129869,,-3.189942,
2025,03,BSNZ,ZZ,REP,"","",99011231,"",,"",0,0,0,,0,,0,,-0.14351999999999998,,-3.525221,
2025,03,BSNZ,ZZ,REP,"","",99011237,"",,"",0,0,0,,0,,0,,-0.158599,,-3.895625,
2025,03,BSNZ,ZZ,REP,"","",99011243,"",,"",0,0,256.847486,,0,,256.847486,,253.004431,,102.590564,
2025,03,BSNZ,ZZ,REP,"","",99011250,"",,"",0,0,0,,0,,0,,-0.10764,,-2.643916,
2025,03,BSNZ,ZZ,REP,"","",99011284,"",,"",0,0,206.52213,,0,,206.52213,,170.721954,,80.228062,
2025,03,BSNZ,ZZ,REP,"","",99011323,"",,"",0,0,0,,0,,0,,-0.05096,,-1.251709,
2025,03,BSNZ,ZZ,REP,"","",99011381,"",,"",0,0,183.869298,,0,,183.869298,,158.787128,,73.441463,
2025,03,BSNZ,ZZ,REP,"","",99011384,"",,"",0,0,0,,0,,0,,-0.06482,,-1.592161,
2025,03,BSNZ,ZZ,REP,"","",99011389,"",,"",0,0,153.550128,,0,,153.550128,,127.338885,,61.331316,
2025,03,BSNZ,ZZ,REP,"","",99011401,"",,"",0,0,58.91858,,0,,58.91858,,39.113657,,22.80918,
2025,03,BSNZ,ZZ,REP,"","",99011402,"",,"",0,0,61.347464,,0,,61.347464,,55.356832,,24.503533,
2025,03,BSNZ,ZZ,REP,"","",99011405,"",,"",0,0,0,,0,,0,,-0.100692,,-2.473275,
2025,03,BSNZ,ZZ,REP,"","",99011413,"",,"",0,0,0,,0,,0,,-0.060218,,-1.479124,
2025,03,BSNZ,ZZ,REP,"","",99011448,"",,"",0,0,0,,0,,0,,-0.306227,,-7.521750000000001,
2025,03,BSNZ,ZZ,REP,"","",99011539,"",,"",0,0,0,,0,,0,,-0.259645,,-6.377585,
2025,03,BSNZ,ZZ,REP,"","",99011555,"",,"",0,0,336.693552,,0,,336.693552,,228.939876,,134.482849,
2025,03,BSNZ,ZZ,REP,"","",99011569,"",,"",0,0,158.569821,,0,,158.569821,,121.924535,,60.368911,
2025,03,BSNZ,ZZ,REP,"","",99011592,"",,"",0,0,0,,0,,0,,-0.119542,,-2.93628,
2025,03,BSNZ,ZZ,REP,"","",99011600,"",,"",0,0,0,,0,,0,,-0.155474,,-3.818862,
2025,03,BSNZ,ZZ,REP,"","",99011653,"",,"",0,0,0,,0,,0,,-0.331311,,-8.137897,
2025,03,BSNZ,ZZ,REP,"","",99011655,"",,"",0,0,0,,0,,0,,-0.058651,,-1.440615,
2025,03,BSNZ,ZZ,REP,"","",99011659,"",,"",0,0,0,,0,,0,,-0.310959,,-7.63798,
2025,03,BSNZ,ZZ,REP,"","",99011662,"",,"",0,0,245.389855,,0,,245.389855,,171.442576,,98.014133,
2025,03,BSNZ,ZZ,REP,"","",99011667,"",,"",0,0,0,,0,,0,,-0.04264,,-1.047348,
2025,03,BSNZ,ZZ,REP,"","",99011675,"",,"",0,0,0,,0,,0,,-0.05642,,-1.385821,
2025,03,BSNZ,ZZ,REP,"","",99011678,"",,"",0,0,0,,0,,0,,-0.156337,,-3.840065,
2025,03,BSNZ,ZZ,REP,"","",99011683,"",,"",0,0,64.211872,,0,,64.211872,,49.630033,,20.784177,
2025,03,BSNZ,ZZ,REP,"","",99011687,"",,"",0,0,0,,0,,0,,-0.10348,,-2.541736,
2025,03,BSNZ,ZZ,REP,"","",99011723,"",,"",0,0,0,,0,,0,,-0.0468,,-1.149529,
2025,03,BSNZ,ZZ,REP,"","",99011747,"",,"",0,0,99.707077,,0,,99.707077,,61.68511,,39.825211,
2025,03,BSNZ,ZZ,REP,"","",99011758,"",,"",0,0,0,,0,,0,,-0.102346,,-2.513892,
2025,03,BSNZ,ZZ,REP,"","",99011760,"",,"",0,0,104.966867,,0,,104.966867,,95.201067,,41.926087,
2025,03,BSNZ,ZZ,REP,"","",99011781,"",,"",0,0,0,,0,,0,,-0.011307,,-0.277739,
2025,03,BSNZ,ZZ,REP,"","",99011790,"",,"",0,0,0,,0,,0,,-1.002155,,-24.615625,
2025,03,BSNZ,ZZ,REP,"","",99011796,"",,"",0,0,91.437705,,0,,91.437705,,83.518849,,36.522241,
2025,03,BSNZ,ZZ,REP,"","",99011813,"",,"",0,0,0,,0,,0,,-0.07852,,-1.928654,
2025,03,BSNZ,ZZ,REP,"","",99011814,"",,"",0,0,0,,0,,0,,-0.050895,,-1.250113,
2025,03,BSNZ,ZZ,REP,"","",99011815,"",,"",0,0,0,,0,,0,,-0.097656,,-2.398683,
2025,03,BSNZ,ZZ,REP,"","",99011823,"",,"",0,0,66.685424,,0,,66.685424,,44.997578,,26.635633,
2025,03,BSNZ,ZZ,REP,"","",99011825,"",,"",0,0,0,,0,,0,,-0.049525,,-1.216457,
2025,03,BSNZ,ZZ,REP,"","",99011852,"",,"",0,0,0,,0,,0,,-0.029697,,-0.72944,
2025,03,BSNZ,ZZ,REP,"","",99011920,"",,"",0,0,0,,0,,0,,-0.009594,,-0.235654,
2025,03,BSNZ,ZZ,REP,"","",99011945,"",,"",0,0,103.721715,,0,,103.721715,,68.21552199999999,,41.428746000000004,
2025,03,BSNZ,ZZ,REP,"","",99011946,"",,"",0,0,0,,0,,0,,-0.0338,,-0.830215,
2025,03,BSNZ,ZZ,REP,"","",99011950,"",,"",0,0,387.817369,,0,,387.817369,,276.634001,,154.902831,
2025,03,BSNZ,ZZ,REP,"","",99012004,"",,"",0,0,0,,0,,0,,-0.077087,,-1.893465,
2025,03,BSNZ,ZZ,REP,"","",99012015,"",,"",0,0,0,,0,,0,,-0.145748,,-3.579951,
2025,03,BSNZ,ZZ,REP,"","",99012033,"",,"",0,0,0,,0,,0,,-0.025306,,-0.621576,
2025,03,BSNZ,ZZ,REP,"","",99012063,"",,"",0,0,172.344663,,0,,172.344663,,176.250255,,68.838269,
2025,03,BSNZ,ZZ,REP,"","",99012122,"",,"",0,0,93.47015,,0,,93.47015,,70.480158,,37.334045,
2025,03,BSNZ,ZZ,REP,"","",99012140,"",,"",0,0,93.559489,,0,,93.559489,,63.780977,,37.369728,
2025,03,BSNZ,ZZ,REP,"","",99012202,"",,"",0,0,0,,0,,0,,-0.007800000000000001,,-0.19158799999999987,
2025,03,BSNZ,ZZ,REP,"","",99012208,"",,"",0,0,341.718829,,0,,341.718829,,314.994776,,136.490055,
2025,03,BSNZ,ZZ,REP,"","",99012214,"",,"",0,0,0,,0,,0,,0,,0,
2025,03,BSNZ,ZZ,REP,"","",99012239,"",,"",0,0,0,,0,,0,,-0.155843,,-3.827931,
2025,03,BSNZ,ZZ,REP,"","",99012264,"",,"",0,0,0,,0,,0,,-0.033389,,-0.820125,
2025,03,BSNZ,ZZ,REP,"","",99012291,"",,"",0,0,0,,0,,0,,-0.398058,,-9.777381,
2025,03,BSNZ,ZZ,REP,"","",99012297,"",,"",0,0,92.130077,,0,,92.130077,,62.661991,,36.798789,
2025,03,BSNZ,ZZ,REP,"","",99012298,"",,"",0,0,0,,0,,0,,-0.831996,,-20.436066,
2025,03,BSNZ,ZZ,REP,"","",99012325,"",,"",0,0,147.408122,,0,,147.408122,,110.47852400000001,,54.081782,
2025,03,BSNZ,ZZ,REP,"","",99012436,"",,"",0,0,60.861687,,0,,60.861687,,45.461744,,24.309503,
2025,03,BSNZ,ZZ,REP,"","",99012471,"",,"",0,0,0,,0,,0,,-0.10165199999999999,,-2.4968399999999997,
2025,03,BSNZ,ZZ,REP,"","",99012475,"",,"",0,0,163.321499,,0,,163.321499,,132.82912399999998,,65.234218,
2025,03,BSNZ,ZZ,REP,"","",99012476,"",,"",0,0,145.733031,,0,,145.733031,,104.948997,,56.660515000000004,
2025,03,BSNZ,ZZ,REP,"","",99012482,"",,"",0,0,0,,0,,0,,-0.11413999999999999,,-2.803573,
2025,03,BSNZ,ZZ,REP,"","",99012486,"",,"",0,0,0,,0,,0,,-0.056862,,-1.396677,
2025,03,BSNZ,ZZ,REP,"","",99012488,"",,"",0,0,239.448861,,0,,239.448861,,170.805206,,95.641169,
2025,03,BSNZ,ZZ,REP,"","",99012508,"",,"",0,0,384.712865,,0,,384.712865,,312.77471,,153.662824,
2025,03,BSNZ,ZZ,REP,"","",99012511,"",,"",0,0,253.419131,,0,,253.419131,,150.34608300000002,,96.093028,
2025,03,BSNZ,ZZ,REP,"","",99012516,"",,"",0,0,0,,0,,0,,-0.040695,,-0.999579,
2025,03,BSNZ,ZZ,REP,"","",99012522,"",,"",0,0,251.263846,,0,,251.263846,,149.258714,,100.360334,
2025,03,BSNZ,ZZ,REP,"","",99012529,"",,"",0,0,42.435672,,0,,42.435672,,30.248499,,16.438843,
2025,03,BSNZ,ZZ,REP,"","",99012535,"",,"",0,0,85.206362,,0,,85.206362,,50.727866,,31.585575,
2025,03,BSNZ,ZZ,REP,"","",99012536,"",,"",0,0,0,,0,,0,,-0.089471,,-2.197643,
2025,03,BSNZ,ZZ,REP,"","",99012539,"",,"",0,0,348.949644,,0,,348.949644,,239.153417,,139.378203,
2025,03,BSNZ,ZZ,REP,"","",99012547,"",,"",0,0,0,,0,,0,,-0.040248,,-0.988595,
2025,03,BSNZ,ZZ,REP,"","",99012551,"",,"",0,0,0,,0,,0,,-0.075571,,-1.856233,
2025,03,BSNZ,ZZ,REP,"","",99012554,"",,"",0,0,212.379369,,0,,212.379369,,163.633181,,84.829015,
2025,03,BSNZ,ZZ,REP,"","",99012563,"",,"",0,0,55.183124,,0,,55.183124,,49.282382000000005,,21.325459000000002,
2025,03,BSNZ,ZZ,REP,"","",99012577,"",,"",0,0,0,,0,,0,,-0.019523,,-0.479545,
2025,03,BSNZ,ZZ,REP,"","",99012580,"",,"",0,0,0,,0,,0,,-0.040854,,-1.003475,
2025,03,BSNZ,ZZ,REP,"","",99012624,"",,"",0,0,0,,0,,0,,-0.018392,,-0.451765,
2025,03,BSNZ,ZZ,REP,"","",99012630,"",,"",0,0,0,,0,,0,,-0.128125,,-3.14709,
2025,03,BSNZ,ZZ,REP,"","",99012647,"",,"",0,0,58.628231,,0,,58.628231,,43.796036,,23.417411,
2025,03,BSNZ,ZZ,REP,"","",99012690,"",,"",0,0,0,,0,,0,,-0.081926,,-2.012314,
2025,03,BSNZ,ZZ,REP,"","",99012699,"",,"",0,0,11.167282,,0,,11.167282,,10.753741999999999,,4.369966,
2025,03,BSNZ,ZZ,REP,"","",99012707,"",,"",0,0,0,,0,,0,,-0.021785,,-0.535106,
2025,03,BSNZ,ZZ,REP,"","",99012722,"",,"",0,0,0,,0,,0,,-0.101828,,-2.501183,
2025,03,BSNZ,ZZ,REP,"","",99012745,"",,"",0,0,0,,0,,0,,-0.149499,,-3.672106,
2025,03,BSNZ,ZZ,REP,"","",99012782,"",,"",0,0,0,,0,,0,,-0.0286,,-0.70249,
2025,03,BSNZ,ZZ,REP,"","",99012809,"",,"",0,0,38.862141,,0,,38.862141,,25.97821,,15.522398,
2025,03,BSNZ,ZZ,REP,"","",99012833,"",,"",0,0,0,,0,,0,,-0.039085999999999996,,-0.960048,
2025,03,BSNZ,ZZ,REP,"","",99012841,"",,"",0,0,0,,0,,0,,-0.124383,,-3.055192,
2025,03,BSNZ,ZZ,REP,"","",99012845,"",,"",0,0,0,,0,,0,,-0.053763,,-1.320553,
2025,03,BSNZ,ZZ,REP,"","",99012870,"",,"",0,0,40.447895,,0,,40.447895,,43.531931,,16.155784,
2025,03,BSNZ,ZZ,REP,"","",99012871,"",,"",0,0,0,,0,,0,,-0.107029,,-2.628908,
2025,03,BSNZ,ZZ,REP,"","",99012874,"",,"",0,0,474.788162,,0,,474.788162,,338.669017,,189.640889,
2025,03,BSNZ,ZZ,REP,"","",99012879,"",,"",0,0,0,,0,,0,,-0.061817,,-1.5184,
2025,03,BSNZ,ZZ,REP,"","",99012885,"",,"",0,0,0,,0,,0,,-0.051865,,-1.273933,
2025,03,BSNZ,ZZ,REP,"","",99012908,"",,"",0,0,0,,0,,0,,-0.0338,,-0.830215,
2025,03,BSNZ,ZZ,REP,"","",99012938,"",,"",0,0,0,,0,,0,,-0.019071,,-0.468433,
2025,03,BSNZ,ZZ,REP,"","",99012958,"",,"",0,0,0,,0,,0,,-0.114267,,-2.806702,
2025,03,BSNZ,ZZ,REP,"","",99013009,"",,"",0,0,0,,0,,0,,-0.086834,,-2.132887,
2025,03,BSNZ,ZZ,REP,"","",99013022,"",,"",0,0,0,,0,,0,,-0.140321,,-3.44667,
2025,03,BSNZ,ZZ,REP,"","",99013030,"",,"",0,0,233.96572600000002,,0,,233.96572600000002,,172.072362,,93.451083,
2025,03,BSNZ,ZZ,REP,"","",99013072,"",,"",0,0,207.130747,,0,,207.130747,,141.228818,,82.7326,
2025,03,BSNZ,ZZ,REP,"","",99013107,"",,"",0,0,3447.3399529999997,,0,,3447.3399529999997,,2385.948279,,1376.943792,
2025,03,BSNZ,ZZ,REP,"","",99013108,"",,"",0,0,0,,0,,0,,-0.031065,,-0.763032,
2025,03,BSNZ,ZZ,REP,"","",99013109,"",,"",0,0,0,,0,,0,,-0.022113,,-0.543152,
2025,03,BSNZ,ZZ,REP,"","",99013114,"",,"",0,0,1899.107977,,0,,1899.107977,,784.909582,,758.545712,
2025,03,BSNZ,ZZ,REP,"","",99013117,"",,"",0,0,0,,0,,0,,-0.010163,,-0.249639,
2025,03,BSNZ,ZZ,REP,"","",99013145,"",,"",0,0,0,,0,,0,,-0.04342,,-1.066507,
2025,03,BSNZ,ZZ,REP,"","",99013175,"",,"",0,0,0,,0,,0,,-0.0208,,-0.510902,
2025,03,BSNZ,ZZ,REP,"","",99013192,"",,"",0,0,0,,0,,0,,-0.022914,,-0.562822,
2025,03,BSNZ,ZZ,REP,"","",99013194,"",,"",0,0,0,,0,,0,,-0.05122,,-1.258096,
2025,03,BSNZ,ZZ,REP,"","",99013229,"",,"",0,0,28.755751,,0,,28.755751,,12.666417000000001,,11.485683,
2025,03,BSNZ,ZZ,REP,"","",99013243,"",,"",0,0,0,,0,,0,,-0.439398,,-10.792798,
2025,03,BSNZ,ZZ,REP,"","",99013253,"",,"",0,0,2823.647254,,0,,2823.647254,,2357.921534,,1127.82714,
2025,03,BSNZ,ZZ,REP,"","",99013257,"",,"",0,0,0,,0,,0,,-0.0195,,-0.47897,
2025,03,BSNZ,ZZ,REP,"","",99013268,"",,"",0,0,234.512922,,0,,234.512922,,176.769897,,93.669646,
2025,03,BSNZ,ZZ,REP,"","",99013282,"",,"",0,0,1112.060276,,0,,1112.060276,,573.58832,,444.18146,
2025,03,BSNZ,ZZ,REP,"","",99013285,"",,"",0,0,1986.8828130000002,,0,,1986.8828130000002,,1547.532989,,741.856971,
2025,03,BSNZ,ZZ,REP,"","",99013292,"",,"",0,0,1699.012618,,0,,1699.012618,,1211.660586,,672.5019609999999,
2025,03,BSNZ,ZZ,REP,"","",99013306,"",,"",0,0,1094.393636,,0,,1094.393636,,764.995107,,437.125014,
2025,03,BSNZ,ZZ,REP,"","",99013314,"",,"",0,0,128.423743,,0,,128.423743,,91.649128,,51.295282,
2025,03,BSNZ,ZZ,REP,"","",99013317,"",,"",0,0,0,,0,,0,,-0.024518,,-0.602225,
2025,03,BSNZ,ZZ,REP,"","",99013321,"",,"",0,0,56.534365,,0,,56.534365,,40.055069,,22.581075,
2025,03,BSNZ,ZZ,REP,"","",99013329,"",,"",0,0,0,,0,,0,,0,,0,
2025,03,BSNZ,ZZ,REP,"","",99013332,"",,"",0,0,864.347627,,0,,864.347627,,610.1643819999998,,327.21111200000007,
2025,03,BSNZ,ZZ,REP,"","",99013334,"",,"",0,0,900.9428099999999,,0,,900.9428099999999,,698.7507769999999,,343.910915,
2025,03,BSNZ,ZZ,REP,"","",99013337,"",,"",0,0,171.361942,,0,,171.361942,,145.08047,,68.445748,
2025,03,BSNZ,ZZ,REP,"","",99013346,"",,"",0,0,0,,0,,0,,-0.137799,,-3.384724,
2025,03,BSNZ,ZZ,REP,"","",99013392,"",,"",0,0,0,,0,,0,,-0.08788,,-2.15856,
2025,03,BSNZ,ZZ,REP,"","",99013396,"",,"",0,0,616.433966,,0,,616.433966,,470.434967,,244.052537,
2025,03,BSNZ,ZZ,REP,"","",99013399,"",,"",0,0,0,,0,,0,,-0.158859,,-3.902011,
2025,03,BSNZ,ZZ,REP,"","",99013402,"",,"",0,0,0,,0,,0,,-0.065,,-1.596568,
2025,03,BSNZ,ZZ,REP,"","",99013426,"",,"",0,0,94.921897,,0,,94.921897,,78.316562,,37.913904,
2025,03,BSNZ,ZZ,REP,"","",99013435,"",,"",0,0,239.225515,,0,,239.225515,,147.18493,,94.21722899999999,
2025,03,BSNZ,ZZ,REP,"","",99013498,"",,"",0,0,865.4643550000001,,0,,865.4643550000001,,12.811943000000001,,377.68081500000005,
2025,03,BSNZ,ZZ,REP,"","",99013504,"",,"",0,0,84.592161,,0,,84.592161,,1.189946,,35.384547000000005,
2025,03,BSNZ,ZZ,REP,"","",99013505,"",,"",0,0,245.680204,,0,,245.680204,,3.26717,,98.130105,
2025,03,BSNZ,ZZ,REP,"","",99013529,"",,"",0,0,224.652212,,0,,224.652212,,216.505962,,89.73106,
2025,03,BSNZ,ZZ,REP,"","",99013543,"",,"",0,0,162.148935,,0,,162.148935,,134.324162,,60.726234000000005,
2025,03,BSNZ,ZZ,REP,"","",99013544,"",,"",0,0,95.335086,,0,,95.335086,,63.246224999999995,,38.078941,
2025,03,BSNZ,ZZ,REP,"","",99013551,"",,"",0,0,246.70201000000003,,0,,246.70201000000003,,170.566643,,98.538238,
2025,03,BSNZ,ZZ,REP,"","",99013569,"",,"",0,0,87.065714,,0,,87.065714,,65.648894,,34.775971,
2025,03,BSNZ,ZZ,REP,"","",99013577,"",,"",0,0,172.450752,,0,,172.450752,,121.224884,,68.880643,
2025,03,BSNZ,ZZ,REP,"","",99013599,"",,"",0,0,335.01846,,0,,335.01846,,177.548103,,133.81378,
2025,03,BSNZ,ZZ,REP,"","",99013627,"",,"",0,0,1396.747796,,0,,1396.747796,,967.6941410000001,,541.734685,
2025,03,BSNZ,ZZ,REP,"","",99013637,"",,"",0,0,0,,0,,0,,-0.319019,,-7.835953999999999,
2025,03,BSNZ,ZZ,REP,"","",99013655,"",,"",0,0,341.59040500000003,,0,,341.59040500000003,,281.398986,,135.544681,
2025,03,BSNZ,ZZ,REP,"","",99013665,"",,"",0,0,0,,0,,0,,-0.22489900000000002,,-5.5241240000000005,
2025,03,BSNZ,ZZ,REP,"","",99013667,"",,"",0,0,209.933735,,0,,209.933735,,172.930688,,82.612089,
2025,03,BSNZ,ZZ,REP,"","",99013677,"",,"",0,0,0,,0,,0,,-0.618797,,-15.199324,
2025,03,BSNZ,ZZ,REP,"","",99013685,"",,"",0,0,3617.574,,0,,3617.574,,3347.8805110000003,,1331.3017320000001,
2025,03,BSNZ,ZZ,REP,"","",99013687,"",,"",0,0,0,,0,,0,,-0.045523,,-1.118172,
2025,03,BSNZ,ZZ,REP,"","",99013691,"",,"",0,0,1633.214993,,0,,1633.214993,,1328.302416,,652.342176,
2025,03,BSNZ,ZZ,REP,"","",99013693,"",,"",0,0,0,,0,,0,,-0.048919,,-1.201577,
2025,03,BSNZ,ZZ,REP,"","",99013698,"",,"",0,0,25.126385,,0,,25.126385,,18.74899,,9.761743,
2025,03,BSNZ,ZZ,REP,"","",99013710,"",,"",0,0,0,,0,,0,,-0.106503,,-2.616008,
2025,03,BSNZ,ZZ,REP,"","",99013728,"",,"",0,0,1918.271033,,0,,1918.271033,,1495.124374,,766.199861,
2025,03,BSNZ,ZZ,REP,"","",99013733,"",,"",0,0,0,,0,,0,,-0.273482,,-6.717463,
2025,03,BSNZ,ZZ,REP,"","",99013741,"",,"",0,0,0,,0,,0,,-0.318935,,-7.833911,
2025,03,BSNZ,ZZ,REP,"","",99013744,"",,"",0,0,0,,0,,0,,-0.0727,,-1.7857290000000001,
2025,03,BSNZ,ZZ,REP,"","",99013745,"",,"",0,0,0,,0,,0,,-0.344795,,-8.46909,
2025,03,BSNZ,ZZ,REP,"","",99013754,"",,"",0,0,0,,0,,0,,-0.113505,,-2.78799,
2025,03,BSNZ,ZZ,REP,"","",99013758,"",,"",0,0,0,,0,,0,,-0.447058,,-10.980937,
2025,03,BSNZ,ZZ,REP,"","",99013770,"",,"",0,0,155.375978,,0,,155.375978,,104.04439,,58.458105,
2025,03,BSNZ,ZZ,REP,"","",99013782,"",,"",0,0,112.365191,,0,,112.365191,,99.208003,,44.881142,
2025,03,BSNZ,ZZ,REP,"","",99013786,"",,"",0,0,37.689577,,0,,37.689577,,26.861779,,12.453049,
2025,03,BSNZ,ZZ,REP,"","",99013787,"",,"",0,0,194.13203,,0,,194.13203,,145.299523,,77.540625,
2025,03,BSNZ,ZZ,REP,"","",99013789,"",,"",0,0,424.323214,,0,,424.323214,,394.534803,,167.900342,
2025,03,BSNZ,ZZ,REP,"","",99013791,"",,"",0,0,0,,0,,0,,-0.034944,,-0.858315,
2025,03,BSNZ,ZZ,REP,"","",99013795,"",,"",0,0,0,,0,,0,,-0.095883,,-2.355129,
2025,03,BSNZ,ZZ,REP,"","",99013799,"",,"",0,0,742.624253,,0,,742.624253,,603.975166,,296.620545,
2025,03,BSNZ,ZZ,REP,"","",99013802,"",,"",0,0,219.805612,,0,,219.805612,,123.61178799999999,,84.324985,
2025,03,BSNZ,ZZ,REP,"","",99013805,"",,"",0,0,0,,0,,0,,0.021026,,0.516458,
2025,03,BSNZ,ZZ,REP,"","",99013819,"",,"",0,0,0,,0,,0,,-0.20929899999999999,,-5.140949,
2025,03,BSNZ,ZZ,REP,"","",99013824,"",,"",0,0,0,,0,,0,,-0.130964,,-3.216828,
2025,03,BSNZ,ZZ,REP,"","",99013836,"",,"",0,0,0,,0,,0,,-0.014596,,-0.358525,
2025,03,BSNZ,ZZ,REP,"","",99013856,"",,"",0,0,47.181766,,0,,47.181766,,36.921112,,18.845441,
2025,03,BSNZ,ZZ,REP,"","",99013860,"",,"",0,0,0,,0,,0,,-0.065,,-1.596568,
2025,03,BSNZ,ZZ,REP,"","",99013874,"",,"",0,0,1520.983808,,0,,1520.983808,,1168.759371,,607.51456,
2025,03,BSNZ,ZZ,REP,"","",99013887,"",,"",0,0,0,,0,,0,,-0.131559,,-3.231453,
2025,03,BSNZ,ZZ,REP,"","",99013890,"",,"",0,0,0,,0,,0,,-0.21474100000000002,,-5.2746129999999996,
2025,03,BSNZ,ZZ,REP,"","",99013919,"",,"",0,0,0,,0,,0,,-0.475798,,-11.686876,
2025,03,BSNZ,ZZ,REP,"","",99013926,"",,"",0,0,339.93206499999997,,0,,339.93206499999997,,261.310311,,131.614896,
2025,03,BSNZ,ZZ,REP,"","",99013929,"",,"",0,0,0,,0,,0,,-0.72626,,-17.838898,
2025,03,BSNZ,ZZ,REP,"","",99013936,"",,"",0,0,471.817665,,0,,471.817665,,231.853547,,188.454406,
2025,03,BSNZ,ZZ,REP,"","",99013961,"",,"",0,0,227.566873,,0,,227.566873,,148.64764699999998,,90.89524,
2025,03,BSNZ,ZZ,REP,"","",99013972,"",,"",0,0,0,,0,,0,,-0.021783,,-0.535042,
2025,03,BSNZ,ZZ,REP,"","",99013973,"",,"",0,0,66.780346,,0,,66.780346,,67.891768,,26.673547,
2025,03,BSNZ,ZZ,REP,"","",99013982,"",,"",0,0,0,,0,,0,,-0.0221,,-0.542833,
2025,03,BSNZ,ZZ,REP,"","",99013991,"",,"",0,0,0,,0,,0,,-0.067904,,-1.667902,
2025,03,BSNZ,ZZ,REP,"","",99014010,"",,"",0,0,0,,0,,0,,-0.810962,,-19.919417,
2025,03,BSNZ,ZZ,REP,"","",99014016,"",,"",0,0,12.28401,,0,,12.28401,,6.735303,,4.906505,
2025,03,BSNZ,ZZ,REP,"","",99014018,"",,"",0,0,78.634416,,0,,78.634416,,32.466702999999995,,29.533377,
2025,03,BSNZ,ZZ,REP,"","",99014026,"",,"",0,0,46.785328,,0,,46.785328,,59.138731,,18.687094,
2025,03,BSNZ,ZZ,REP,"","",99014028,"",,"",0,0,0,,0,,0,,-0.17228,,-4.231669999999999,
2025,03,BSNZ,ZZ,REP,"","",99014072,"",,"",0,0,145.029491,,0,,145.029491,,78.42455199999999,,57.927985,
2025,03,BSNZ,ZZ,REP,"","",99014079,"",,"",0,0,17.197614,,0,,17.197614,,5.422488,,5.796469,
2025,03,BSNZ,ZZ,REP,"","",99014084,"",,"",0,0,0,,0,,0,,-0.139099,,-3.416655,
2025,03,BSNZ,ZZ,REP,"","",99014100,"",,"",0,0,0,,0,,0,,-0.099333,,-2.439875,
2025,03,BSNZ,ZZ,REP,"","",99014104,"",,"",0,0,0,,0,,0,,-0.0234,,-0.574764,
2025,03,BSNZ,ZZ,REP,"","",99014106,"",,"",0,0,450.488156,,0,,450.488156,,361.11037,,179.934929,
2025,03,BSNZ,ZZ,REP,"","",99014136,"",,"",0,0,16.924016,,0,,16.924016,,12.051189,,6.210607,
2025,03,BSNZ,ZZ,REP,"","",99014138,"",,"",0,0,36.070321,,0,,36.070321,,17.599078,,13.994731,
2025,03,BSNZ,ZZ,REP,"","",99014154,"",,"",0,0,0,,0,,0,,-0.122199,,-3.001547,
2025,03,BSNZ,ZZ,REP,"","",99014155,"",,"",0,0,2616.494173,,0,,2616.494173,,1491.4506900000001,,1039.4784730000001,
2025,03,BSNZ,ZZ,REP,"","",99014172,"",,"",0,0,0,,0,,0,,-0.743597,,-18.264734,
2025,03,BSNZ,ZZ,REP,"","",99014182,"",,"",0,0,0,,0,,0,,-0.062626,,-1.538261,
2025,03,BSNZ,ZZ,REP,"","",99014194,"",,"",0,0,0,,0,,0,,-0.005122,,-0.12581,
2025,03,BSNZ,ZZ,REP,"","",99014202,"",,"",0,0,9.213008,,0,,9.213008,,8.896441,,3.592387,
2025,03,BSNZ,ZZ,REP,"","",99014235,"",,"",0,0,165.906725,,0,,165.906725,,103.530008,,64.419266,
2025,03,BSNZ,ZZ,REP,"","",99014253,"",,"",0,0,0,,0,,0,,-0.010028,,-0.246318,
2025,03,BSNZ,ZZ,REP,"","",99014259,"",,"",0,0,71.73862,,0,,71.73862,,50.734648,,28.02903,
2025,03,BSNZ,ZZ,REP,"","",99014265,"",,"",0,0,0,,0,,0,,-0.036275,,-0.891012,
2025,03,BSNZ,ZZ,REP,"","",99014266,"",,"",0,0,0,,0,,0,,-0.124799,,-3.06541,
2025,03,BSNZ,ZZ,REP,"","",99014267,"",,"",0,0,0,,0,,0,,-0.00676,,-0.166043,
2025,03,BSNZ,ZZ,REP,"","",99014271,"",,"",0,0,0,,0,,0,,-0.163799,,-4.023351,
2025,03,BSNZ,ZZ,REP,"","",99014286,"",,"",0,0,20.759978,,0,,20.759978,,17.797542,,8.291994,
2025,03,BSNZ,ZZ,REP,"","",99014296,"",,"",0,0,61.83324,,0,,61.83324,,49.867955,,22.477759,
2025,03,BSNZ,ZZ,REP,"","",99014333,"",,"",0,0,80.28159,,0,,80.28159,,59.534337,,21.241513000000005,
2025,03,BSNZ,ZZ,REP,"","",99014337,"",,"",0,0,802.681896,,0,,802.681896,,644.495758,,253.951811,
2025,03,BSNZ,ZZ,REP,"","",99014338,"",,"",0,0,0,,0,,0,,-0.028566,,-0.70166,
2025,03,BSNZ,ZZ,REP,"","",99014344,"",,"",0,0,0,,0,,0,,-0.060333,,-1.481934,
2025,03,BSNZ,ZZ,REP,"","",99014345,"",,"",0,0,0,,0,,0,,-0.0078,,-0.191588,
2025,03,BSNZ,ZZ,REP,"","",99014358,"",,"",0,0,582.93212,,0,,582.93212,,568.3496590000001,,232.835977,
2025,03,BSNZ,ZZ,REP,"","",99014401,"",,"",0,0,0,,0,,0,,-0.073112,,-1.795819,
2025,03,BSNZ,ZZ,REP,"","",99014404,"",,"",0,0,0,,0,,0,,-0.146621,,-3.60141,
2025,03,BSNZ,ZZ,REP,"","",99014417,"",,"",0,0,0,,0,,0,,-0.11752,,-2.8865950000000002,
2025,03,BSNZ,ZZ,REP,"","",99014423,"",,"",0,0,314.157977,,0,,314.157977,,239.98735299999998,,120.29963,
2025,03,BSNZ,ZZ,REP,"","",99014436,"",,"",0,0,0,,0,,0,,-0.564629,,-13.868809,
2025,03,BSNZ,ZZ,REP,"","",99014468,"",,"",0,0,0,,0,,0,,-0.096314,,-2.36573,
2025,03,BSNZ,ZZ,REP,"","",99014469,"",,"",0,0,129.680062,,0,,129.680062,,105.468596,,51.797084,
2025,03,BSNZ,ZZ,REP,"","",99014471,"",,"",0,0,0,,0,,0,,-0.426398,,-10.473484,
2025,03,BSNZ,ZZ,REP,"","",99014473,"",,"",0,0,276.440482,,0,,276.440482,,192.124118,,110.41644,
2025,03,BSNZ,ZZ,REP,"","",99014475,"",,"",0,0,725.845412,,0,,725.845412,,704.815936,,289.918705,
2025,03,BSNZ,ZZ,REP,"","",99014485,"",,"",0,0,186.538279,,0,,186.538279,,278.597304,,74.507513,
2025,03,BSNZ,ZZ,REP,"","",99014513,"",,"",0,0,435.523998,,0,,435.523998,,414.514322,,173.957914,
2025,03,BSNZ,ZZ,REP,"","",99014553,"",,"",0,0,348.98314600000003,,0,,348.98314600000003,,227.29927899999998,,130.73856999999998,
2025,03,BSNZ,ZZ,REP,"","",99014554,"",,"",0,0,79.924237,,0,,79.924237,,56.859657,,28.207272,
2025,03,BSNZ,ZZ,REP,"","",99014555,"",,"",0,0,457.618465,,0,,457.618465,,374.69036400000005,,177.999424,
2025,03,BSNZ,ZZ,REP,"","",99014583,"",,"",0,0,457.858562,,0,,457.858562,,331.72676,,182.878832,
2025,03,BSNZ,ZZ,REP,"","",99014588,"",,"",0,0,0,,0,,0,,-0.0039000000000000007,,-0.09579400000000016,
2025,03,BSNZ,ZZ,REP,"","",99014589,"",,"",0,0,106.016592,,0,,106.016592,,82.042913,,40.417803,
2025,03,BSNZ,ZZ,REP,"","",99014591,"",,"",0,0,0,,0,,0,,-0.0481,,-1.18146,
2025,03,BSNZ,ZZ,REP,"","",99014594,"",,"",0,0,368.347213,,0,,368.347213,,273.103942,,133.981287,
2025,03,BSNZ,ZZ,REP,"","",99014599,"",,"",0,0,80.767367,,0,,80.767367,,50.513158999999995,,31.474697,
2025,03,BSNZ,ZZ,REP,"","",99014604,"",,"",0,0,0,,0,,0,,-0.122615,,-3.011765,
2025,03,BSNZ,ZZ,REP,"","",99014608,"",,"",0,0,136.799205,,0,,136.799205,,129.126235,,54.640627,
2025,03,BSNZ,ZZ,REP,"","",99014627,"",,"",0,0,0,,0,,0,,-0.075218,,-1.847548,
2025,03,BSNZ,ZZ,REP,"","",99014638,"",,"",0,0,0,,0,,0,,-0.278617,,-6.843592,
2025,03,BSNZ,ZZ,REP,"","",99014650,"",,"",0,0,0,,0,,0,,-0.112218,,-2.756378,
2025,03,BSNZ,ZZ,REP,"","",99014652,"",,"",0,0,56.953138,,0,,56.953138,,46.375736,,22.748343,
2025,03,BSNZ,ZZ,REP,"","",99014656,"",,"",0,0,416.383277,,0,,416.383277,,297.003319,,166.312686,
2025,03,BSNZ,ZZ,REP,"","",99014672,"",,"",0,0,0,,0,,0,,-0.116999,,-2.873822,
2025,03,BSNZ,ZZ,REP,"","",99014692,"",,"",0,0,1630.400837,,0,,1630.400837,,1549.464901,,598.7874949999999,
2025,03,BSNZ,ZZ,REP,"","",99014695,"",,"",0,0,441.107639,,0,,441.107639,,275.137142,,176.188143,
2025,03,BSNZ,ZZ,REP,"","",99014709,"",,"",0,0,98.562431,,0,,98.562431,,55.892970999999996,,37.363619,
2025,03,BSNZ,ZZ,REP,"","",99014716,"",,"",0,0,69.79551500000001,,0,,69.79551500000001,,23.201482000000002,,26.921844999999998,
2025,03,BSNZ,ZZ,REP,"","",99014723,"",,"",0,0,163.042317,,0,,163.042317,,117.749582,,65.122706,
2025,03,BSNZ,ZZ,REP,"","",99014727,"",,"",0,0,0,,0,,0,,-0.172054,,-4.226115,
2025,03,BSNZ,ZZ,REP,"","",99014728,"",,"",0,0,0,,0,,0,,-0.037609,,-0.923774,
2025,03,BSNZ,ZZ,REP,"","",99014738,"",,"",0,0,0,,0,,0,,-0.122673,,-3.01317,
2025,03,BSNZ,ZZ,REP,"","",99014747,"",,"",0,0,180.954638,,0,,180.954638,,149.814541,,72.277283,
2025,03,BSNZ,ZZ,REP,"","",99014758,"",,"",0,0,0,,0,,0,,-0.0975,,-2.394852,
2025,03,BSNZ,ZZ,REP,"","",99014782,"",,"",0,0,0,,0,,0,,-0.030599,,-0.7516,
2025,03,BSNZ,ZZ,REP,"","",99014785,"",,"",0,0,0,,0,,0,,-0.267799,,-6.577859,
2025,03,BSNZ,ZZ,REP,"","",99014786,"",,"",0,0,0,,0,,0,,-0.103703,,-2.547228,
2025,03,BSNZ,ZZ,REP,"","",99014792,"",,"",0,0,0,,0,,0,,-0.024086,,-0.591624,
2025,03,BSNZ,ZZ,REP,"","",99014795,"",,"",0,0,311.567168,,0,,311.567168,,239.326325,,124.446815,
2025,03,BSNZ,ZZ,REP,"","",99014802,"",,"",0,0,803.407769,,0,,803.407769,,756.883263,,298.989063,
2025,03,BSNZ,ZZ,REP,"","",99014804,"",,"",0,0,0,,0,,0,,-1.07112,,-26.309583000000003,
2025,03,BSNZ,ZZ,REP,"","",99014810,"",,"",0,0,708.005679,,0,,708.005679,,552.895579,,275.43805299999997,
2025,03,BSNZ,ZZ,REP,"","",99014813,"",,"",0,0,0,,0,,0,,-0.151117,,-3.711828,
2025,03,BSNZ,ZZ,REP,"","",99014837,"",,"",0,0,0,,0,,0,,0,,0,
2025,03,BSNZ,ZZ,REP,"","",99014843,"",,"",0,0,0,,0,,0,,-0.166399,,-4.087213,
2025,03,BSNZ,ZZ,REP,"","",99014845,"",,"",0,0,0,,0,,0,,-0.040627,,-0.997919,
2025,03,BSNZ,ZZ,REP,"","",99014848,"",,"",0,0,0,,0,,0,,-0.0364,,-0.894078,
2025,03,BSNZ,ZZ,REP,"","",99014854,"",,"",0,0,145.174666,,0,,145.174666,,111.889242,,57.985971,
2025,03,BSNZ,ZZ,REP,"","",99014862,"",,"",0,0,0,,0,,0,,-0.081783,,-2.008801,
2025,03,BSNZ,ZZ,REP,"","",99014870,"",,"",0,0,0,,0,,0,,-0.104613,,-2.56958,
2025,03,BSNZ,ZZ,REP,"","",99014896,"",,"",0,0,0,,0,,0,,-0.199679,,-4.904656,
2025,03,BSNZ,ZZ,REP,"","",99014914,"",,"",0,0,656.926531,,0,,656.926531,,501.288102,,258.743525,
2025,03,BSNZ,ZZ,REP,"","",99014917,"",,"",0,0,0,,0,,0,,0,,0,
2025,03,BSNZ,ZZ,REP,"","",99014927,"",,"",0,0,132.890656,,0,,132.890656,,103.557017,,53.079466,
2025,03,BSNZ,ZZ,REP,"","",99014941,"",,"",0,0,246.193899,,0,,246.193899,,183.577763,,91.674149,
2025,03,BSNZ,ZZ,REP,"","",99014949,"",,"",0,0,0,,0,,0,,-0.195862,,-4.810905,
2025,03,BSNZ,ZZ,REP,"","",99014952,"",,"",0,0,63.597671,,0,,63.597671,,80.468472,,25.402316,
2025,03,BSNZ,ZZ,REP,"","",99014954,"",,"",0,0,0,,0,,0,,-0.043568,,-1.070147,
2025,03,BSNZ,ZZ,REP,"","",99014956,"",,"",0,0,0,,0,,0,,-0.11052799999999999,,-2.714868,
2025,03,BSNZ,ZZ,REP,"","",99014957,"",,"",0,0,0,,0,,0,,-0.0273,,-0.670558,
2025,03,BSNZ,ZZ,REP,"","",99014966,"",,"",0,0,0,,0,,0,,-0.166306,,-4.084914,
2025,03,BSNZ,ZZ,REP,"","",99014981,"",,"",0,0,0,,0,,0,,-0.120691,,-2.964507,
2025,03,BSNZ,ZZ,REP,"","",99014987,"",,"",0,0,240.096563,,0,,240.096563,,195.828531,,95.899875,
2025,03,BSNZ,ZZ,REP,"","",99014990,"",,"",0,0,0,,0,,0,,0,,0,
2025,03,BSNZ,ZZ,REP,"","",99014998,"",,"",0,0,0,,0,,0,,-0.23957599999999998,,-5.88463,
2025,03,BSNZ,ZZ,REP,"","",99014999,"",,"",0,0,270.465987,,0,,270.465987,,149.109693,,106.73783200000001,
2025,03,BSNZ,ZZ,REP,"","",99015001,"",,"",0,0,0,,0,,0,,-0.041002,,-1.007115,
2025,03,BSNZ,ZZ,REP,"","",99015002,"",,"",0,0,549.430274,,0,,549.430274,,419.379286,,219.454599,
2025,03,BSNZ,ZZ,REP,"","",99015007,"",,"",0,0,0,,0,,0,,-0.05715,,-1.403766,
2025,03,BSNZ,ZZ,REP,"","",99015009,"",,"",0,0,236.891554,,0,,236.891554,,179.332169,,93.690394,
2025,03,BSNZ,ZZ,REP,"","",99015022,"",,"",0,0,722.109956,,0,,722.109956,,599.293992,,284.378807,
2025,03,BSNZ,ZZ,REP,"","",99015028,"",,"",0,0,0,,0,,0,,-0.142024,,-3.4885,
2025,03,BSNZ,ZZ,REP,"","",99015043,"",,"",0,0,0,,0,,0,,-0.163799,,-4.023351,
2025,03,BSNZ,ZZ,REP,"","",99015052,"",,"",0,0,172.221823,,0,,172.221823,,149.698408,,68.789204,
2025,03,BSNZ,ZZ,REP,"","",99015054,"",,"",0,0,253.318625,,0,,253.318625,,234.458832,,99.396479,
2025,03,BSNZ,ZZ,REP,"","",99015055,"",,"",0,0,0,,0,,0,,-0.10816,,-2.656689,
2025,03,BSNZ,ZZ,REP,"","",99015057,"",,"",0,0,0,,0,,0,,-0.129479,,-3.180363,
2025,03,BSNZ,ZZ,REP,"","",99015072,"",,"",0,0,161.925589,,0,,161.925589,,142.861115,,64.67666,
2025,03,BSNZ,ZZ,REP,"","",99015086,"",,"",0,0,115.65954,,0,,115.65954,,82.50089,,46.196977,
2025,03,BSNZ,ZZ,REP,"","",99015103,"",,"",0,0,191.150366,,0,,191.150366,,123.260325,,76.349682,
2025,03,BSNZ,ZZ,REP,"","",99015106,"",,"",0,0,0,,0,,0,,0,,0,
2025,03,BSNZ,ZZ,REP,"","",99015110,"",,"",0,0,0,,0,,0,,-0.052611,,-1.292262,
2025,03,BSNZ,ZZ,REP,"","",99015111,"",,"",0,0,332.785004,,0,,332.785004,,305.942144,,132.921688,
2025,03,BSNZ,ZZ,REP,"","",99015112,"",,"",0,0,60.19165,,0,,60.19165,,55.520139,,24.041876,
2025,03,BSNZ,ZZ,REP,"","",99015142,"",,"",0,0,541.535006,,0,,541.535006,,376.845995,,207.29322000000002,
2025,03,BSNZ,ZZ,REP,"","",99015168,"",,"",0,0,384.880374,,0,,384.880374,,354.665005,,151.251028,
2025,03,BSNZ,ZZ,REP,"","",99015170,"",,"",0,0,0,,0,,0,,-0.047556,,-1.168113,
2025,03,BSNZ,ZZ,REP,"","",99015189,"",,"",0,0,332.77942,,0,,332.77942,,263.506398,,132.919458,
2025,03,BSNZ,ZZ,REP,"","",99015194,"",,"",0,0,131.773928,,0,,131.773928,,126.825949,,52.63342,
2025,03,BSNZ,ZZ,REP,"","",99015199,"",,"",0,0,0,,0,,0,,-0.106789,,-2.623033,
2025,03,BSNZ,ZZ,REP,"","",99015206,"",,"",0,0,1474.081224,,0,,1474.081224,,1414.682298,,568.369726,
2025,03,BSNZ,ZZ,REP,"","",99015209,"",,"",0,0,0,,0,,0,,-0.1066,,-2.618371,
2025,03,BSNZ,ZZ,REP,"","",99015213,"",,"",0,0,0,,0,,0,,0,,0,
2025,03,BSNZ,ZZ,REP,"","",99015228,"",,"",0,0,0,,0,,0,,-0.046301,,-1.137267,
2025,03,BSNZ,ZZ,REP,"","",99015232,"",,"",0,0,0,,0,,0,,-0.111469,,-2.737986,
2025,03,BSNZ,ZZ,REP,"","",99015258,"",,"",0,0,181.038392,,0,,181.038392,,155.35512699999998,,71.225836,
2025,03,BSNZ,ZZ,REP,"","",99015268,"",,"",0,0,0,,0,,0,,-0.259349,,-6.370305,
2025,03,BSNZ,ZZ,REP,"","",99015272,"",,"",0,0,0,,0,,0,,-0.829009,,-20.362688,
2025,03,BSNZ,ZZ,REP,"","",99015305,"",,"",0,0,0,,0,,0,,-0.087877,,-2.158496,
2025,03,BSNZ,ZZ,REP,"","",99015331,"",,"",0,0,997.349955,,0,,997.349955,,782.733624,,398.363622,
2025,03,BSNZ,ZZ,REP,"","",99015334,"",,"",0,0,0,,0,,0,,-0.177579,,-4.361823,
2025,03,BSNZ,ZZ,REP,"","",99015337,"",,"",0,0,347.17963,,0,,347.17963,,278.359596,,128.498976,
2025,03,BSNZ,ZZ,REP,"","",99015345,"",,"",0,0,90.996597,,0,,90.996597,,72.69879300000001,,34.046996,
2025,03,BSNZ,ZZ,REP,"","",99015347,"",,"",0,0,0,,0,,0,,-0.03042,,-0.747194,
2025,03,BSNZ,ZZ,REP,"","",99015357,"",,"",0,0,0,,0,,0,,-0.089146,,-2.189661,
2025,03,BSNZ,ZZ,REP,"","",99015371,"",,"",0,0,407.220522,,0,,407.220522,,259.694419,,162.652879,
2025,03,BSNZ,ZZ,REP,"","",99015372,"",,"",0,0,0,,0,,0,,-0.240408,,-5.9050650000000005,
2025,03,BSNZ,ZZ,REP,"","",99015384,"",,"",0,0,0,,0,,0,,-0.378558,,-9.29841,
2025,03,BSNZ,ZZ,REP,"","",99015410,"",,"",0,0,11.167282,,0,,11.167282,,4.358719999999999,,4.189746,
2025,03,BSNZ,ZZ,REP,"","",99015440,"",,"",0,0,171.976143,,0,,171.976143,,145.720813,,60.217897,
2025,03,BSNZ,ZZ,REP,"","",99015446,"",,"",0,0,0,,0,,0,,-1.840792,,-45.214797,
2025,03,BSNZ,ZZ,REP,"","",99015448,"",,"",0,0,109.405862,,0,,109.405862,,88.978503,,43.69912,
2025,03,BSNZ,ZZ,REP,"","",99015455,"",,"",0,0,136.24084,,0,,136.24084,,97.62707400000001,,54.417604,
2025,03,BSNZ,ZZ,REP,"","",99015458,"",,"",0,0,0,,0,,0,,-0.148434,,-3.645922,
2025,03,BSNZ,ZZ,REP,"","",99015468,"",,"",0,0,0,,0,,0,,-0.859868,,-21.120675,
2025,03,BSNZ,ZZ,REP,"","",99015515,"",,"",0,0,0,,0,,0,,-0.024045,,-0.590602,
2025,03,BSNZ,ZZ,REP,"","",99015516,"",,"",0,0,200.988741,,0,,200.988741,,170.182072,,80.279347,
2025,03,BSNZ,ZZ,REP,"","",99015518,"",,"",0,0,550.357159,,0,,550.357159,,430.670567,,219.824817,
2025,03,BSNZ,ZZ,REP,"","",99015519,"",,"",0,0,15.634195,,0,,15.634195,,8.437853999999998,,5.550456,
2025,03,BSNZ,ZZ,REP,"","",99015522,"",,"",0,0,0,,0,,0,,-0.311999,,-7.663525,
2025,03,BSNZ,ZZ,REP,"","",99015523,"",,"",0,0,505.498187,,0,,505.498187,,395.56711,,201.907152,
2025,03,BSNZ,ZZ,REP,"","",99015525,"",,"",0,0,0,,0,,0,,-0.853834,,-20.972449,
2025,03,BSNZ,ZZ,REP,"","",99015526,"",,"",0,0,14366.702709999994,,0,,14366.702709999994,,14581.003934000011,,5433.530715000002,
2025,03,BSNZ,ZZ,REP,"","",99015534,"",,"",0,0,0,,0,,0,,-0.032409,,-0.796049,
2025,03,BSNZ,ZZ,REP,"","",99015538,"",,"",0,0,0,,0,,0,,-0.467995,,-11.495224,
2025,03,BSNZ,ZZ,REP,"","",99015565,"",,"",0,0,0,,0,,0,,-0.116287,,-2.856323,
2025,03,BSNZ,ZZ,REP,"","",99015573,"",,"",0,0,0,,0,,0,,-0.21680700000000003,,-5.3253829999999995,
2025,03,BSNZ,ZZ,REP,"","",99015601,"",,"",0,0,256.847486,,0,,256.847486,,125.94636399999999,,100.476453,
2025,03,BSNZ,ZZ,REP,"","",99015602,"",,"",0,0,0,,0,,0,,-0.113797,,-2.795143,
2025,03,BSNZ,ZZ,REP,"","",99015617,"",,"",0,0,1714.177787,,0,,1714.177787,,1108.647191,,680.5805210000001,
2025,03,BSNZ,ZZ,REP,"","",99015619,"",,"",0,0,0,,0,,0,,-0.054189,,-1.331027,
2025,03,BSNZ,ZZ,REP,"","",99015625,"",,"",0,0,529.234245,,0,,529.234245,,291.145786,,206.885537,
2025,03,BSNZ,ZZ,REP,"","",99015629,"",,"",0,0,0,,0,,0,,-0.145922,,-3.584231,
2025,03,BSNZ,ZZ,REP,"","",99015630,"",,"",0,0,0,,0,,0,,-0.100089,,-2.458459,
2025,03,BSNZ,ZZ,REP,"","",99015653,"",,"",0,0,0,,0,,0,,-1.202495,,-29.536502,
2025,03,BSNZ,ZZ,REP,"","",99015658,"",,"",0,0,778.13621,,0,,778.13621,,608.914333,,310.804806,
2025,03,BSNZ,ZZ,REP,"","",99015671,"",,"",0,0,0,,0,,0,,-0.0286,,-0.70249,
2025,03,BSNZ,ZZ,REP,"","",99015677,"",,"",0,0,174.187265,,0,,174.187265,,154.90925499999997,,68.004371,
2025,03,BSNZ,ZZ,REP,"","",99015678,"",,"",0,0,0,,0,,0,,-0.184911,,-4.541916,
2025,03,BSNZ,ZZ,REP,"","",99015686,"",,"",0,0,395.321783,,0,,395.321783,,333.575264,,157.90026,
2025,03,BSNZ,ZZ,REP,"","",99015709,"",,"",0,0,0,,0,,0,,-0.119079,,-2.924912,
2025,03,BSNZ,ZZ,REP,"","",99015714,"",,"",0,0,1270.68035,,0,,1270.68035,,773.614195,,502.569305,
2025,03,BSNZ,ZZ,REP,"","",99015740,"",,"",0,0,0,,0,,0,,-0.03068,,-0.75358,
2025,03,BSNZ,ZZ,REP,"","",99015754,"",,"",0,0,0,,0,,0,,-0.008632,,-0.212024,
2025,03,BSNZ,ZZ,REP,"","",99015760,"",,"",0,0,573.897789,,0,,573.897789,,439.972449,,227.83545,
2025,03,BSNZ,ZZ,REP,"","",99015765,"",,"",0,0,0,,0,,0,,-0.346199,,-8.503575,
2025,03,BSNZ,ZZ,REP,"","",99015770,"",,"",0,0,0,,0,,0,,-0.147123,,-3.613735,
2025,03,BSNZ,ZZ,REP,"","",99015780,"",,"",0,0,262.531633,,0,,262.531633,,148.442588,,104.860938,
2025,03,BSNZ,ZZ,REP,"","",99015797,"",,"",0,0,0,,0,,0,,-0.089133,,-2.189341,
2025,03,BSNZ,ZZ,REP,"","",99015801,"",,"",0,0,0,,0,,0,,-0.173159,,-4.253256,
2025,03,BSNZ,ZZ,REP,"","",99015807,"",,"",0,0,117.250877,,0,,117.250877,,66.341642,,27.930126,
2025,03,BSNZ,ZZ,REP,"","",99015835,"",,"",0,0,0,,0,,0,,-0.288599,,-7.088761,
2025,03,BSNZ,ZZ,REP,"","",99015838,"",,"",0,0,187.051974,,0,,187.051974,,148.778898,,74.712694,
2025,03,BSNZ,ZZ,REP,"","",99015841,"",,"",0,0,0,,0,,0,,0,,0,
2025,03,BSNZ,ZZ,REP,"","",99015860,"",,"",0,0,141.154444,,0,,141.154444,,89.995186,,53.83847,
2025,03,BSNZ,ZZ,REP,"","",99015861,"",,"",0,0,0,,0,,0,,-0.0754,,-1.852019,
2025,03,BSNZ,ZZ,REP,"","",99015872,"",,"",0,0,0,,0,,0,,-0.0663,,-1.628499,
2025,03,BSNZ,ZZ,REP,"","",99015874,"",,"",0,0,78.170974,,0,,78.170974,,56.288506000000005,,30.508592,
2025,03,BSNZ,ZZ,REP,"","",99015886,"",,"",0,0,0,,0,,0,,-0.021785,,-0.535106,
2025,03,BSNZ,ZZ,REP,"","",99015889,"",,"",0,0,0,,0,,0,,-0.058695,,-1.441701,
2025,03,BSNZ,ZZ,REP,"","",99015909,"",,"",0,0,0,,0,,0,,-0.140399,,-3.448586,
2025,03,BSNZ,ZZ,REP,"","",99015913,"",,"",0,0,137.257063,,0,,137.257063,,107.132777,,54.823506,
2025,03,BSNZ,ZZ,REP,"","",99015916,"",,"",0,0,0,,0,,0,,-0.039759,,-0.976589,
2025,03,BSNZ,ZZ,REP,"","",99015923,"",,"",0,0,0,,0,,0,,-0.283672,,-6.967741,
2025,03,BSNZ,ZZ,REP,"","",99015937,"",,"",0,0,0,,0,,0,,-1.172595,,-28.802081,
2025,03,BSNZ,ZZ,REP,"","",99015938,"",,"",0,0,0,,0,,0,,-0.292582,,-7.186599,
2025,03,BSNZ,ZZ,REP,"","",99015941,"",,"",0,0,0,,0,,0,,-0.031561,,-0.775229,
2025,03,BSNZ,ZZ,REP,"","",99015942,"",,"",0,0,0,,0,,0,,-0.039,,-0.957941,
2025,03,BSNZ,ZZ,REP,"","",99015946,"",,"",0,0,0,,0,,0,,-0.077175,,-1.895637,
2025,03,BSNZ,ZZ,REP,"","",99015947,"",,"",0,0,42.413337,,0,,42.413337,,34.874665,,15.548682,
2025,03,BSNZ,ZZ,REP,"","",99015948,"",,"",0,0,0,,0,,0,,-0.7914160000000001,,-19.439297,
2025,03,BSNZ,ZZ,REP,"","",99015950,"",,"",0,0,1094.393636,,0,,1094.393636,,929.7924830000001,,425.374276,
2025,03,BSNZ,ZZ,REP,"","",99015956,"",,"",0,0,0,,0,,0,,-0.120899,,-2.969616,
2025,03,BSNZ,ZZ,REP,"","",99016178,"",,"",0,0,974.993057,,0,,974.993057,,738.839242,,389.433783,
2025,03,BSNZ,ZZ,REP,"","",99016179,"",,"",0,0,0,,0,,0,,-0.00338,,-0.083022,
2025,03,BSNZ,ZZ,REP,"","",99016186,"",,"",0,0,0,,0,,0,,-0.13,,-3.193135,
2025,03,BSNZ,ZZ,REP,"","",99016193,"",,"",0,0,639.885259,,0,,639.885259,,456.429174,,255.584319,
2025,03,BSNZ,ZZ,REP,"","",99016207,"",,"",0,0,256.523635,,0,,256.523635,,182.815829,,98.397627,
2025,03,BSNZ,ZZ,REP,"","",99016233,"",,"",0,0,0,,0,,0,,-0.045523,,-1.118172,
2025,03,BSNZ,ZZ,REP,"","",99016234,"",,"",0,0,0,,0,,0,,-0.04056,,-0.996258,
2025,03,BSNZ,ZZ,REP,"","",99016240,"",,"",0,0,0,,0,,0,,-0.0832,,-2.043607,
2025,03,BSNZ,ZZ,REP,"","",99016248,"",,"",0,0,4.377575,,0,,4.377575,,3.123634,,1.7485,
2025,03,BSNZ,ZZ,REP,"","",99016282,"",,"",0,0,0,,0,,0,,-0.419638,,-10.307441,
2025,03,BSNZ,ZZ,REP,"","",99016284,"",,"",0,0,4307.030824,,0,,4307.030824,,2388.586195,,1666.139083,
2025,03,BSNZ,ZZ,REP,"","",99016303,"",,"",0,0,0,,0,,0,,-0.120686,,-2.964379,
2025,03,BSNZ,ZZ,REP,"","",99016306,"",,"",0,0,0,,0,,0,,-0.192399,,-4.72584,
2025,03,BSNZ,ZZ,REP,"","",99016325,"",,"",0,0,0,,0,,0,,-0.178359,,-4.380981,
2025,03,BSNZ,ZZ,REP,"","",99016343,"",,"",0,0,2948.162448,,0,,2948.162448,,1753.879677,,1162.310846,
2025,03,BSNZ,ZZ,REP,"","",99016347,"",,"",0,0,0,,0,,0,,-0.016294,,-0.400228,
2025,03,BSNZ,ZZ,REP,"","",99016370,"",,"",0,0,0,,0,,0,,-0.048667,,-1.195382,
2025,03,BSNZ,ZZ,REP,"","",99016374,"",,"",0,0,0,,0,,0,,-0.150279,,-3.691265,
2025,03,BSNZ,ZZ,REP,"","",99016380,"",,"",0,0,71.068583,,0,,71.068583,,47.123053,,27.04531,
2025,03,BSNZ,ZZ,REP,"","",99016385,"",,"",0,0,0,,0,,0,,-0.025477,,-0.625791,
2025,03,BSNZ,ZZ,REP,"","",99016441,"",,"",0,0,0,,0,,0,,-0.143046,,-3.513598,
2025,03,BSNZ,ZZ,REP,"","",99016472,"",,"",0,0,0,,0,,0,,-0.0676,,-1.66043,
2025,03,BSNZ,ZZ,REP,"","",99016475,"",,"",0,0,51.369497,,0,,51.369497,,36.976803,,20.518113,
2025,03,BSNZ,ZZ,REP,"","",99016481,"",,"",0,0,0,,0,,0,,-0.109384,,-2.686768,
2025,03,BSNZ,ZZ,REP,"","",99016489,"",,"",0,0,166.392502,,0,,166.392502,,116.11904100000001,,66.460844,
2025,03,BSNZ,ZZ,REP,"","",99016493,"",,"",0,0,0,,0,,0,,-1.015976,,-24.955119999999997,
2025,03,BSNZ,ZZ,REP,"","",99016495,"",,"",0,0,233.396194,,0,,233.396194,,199.647974,,93.2236,
2025,03,BSNZ,ZZ,REP,"","",99016496,"",,"",0,0,0,,0,,0,,0,,0,
2025,03,BSNZ,ZZ,REP,"","",99016499,"",,"",0,0,0,,0,,0,,-0.091,,-2.235195,
2025,03,BSNZ,ZZ,REP,"","",99016505,"",,"",0,0,0,,0,,0,,-0.0546,,-1.341117,
2025,03,BSNZ,ZZ,REP,"","",99016513,"",,"",0,0,32.385118,,0,,32.385118,,18.610515999999997,,12.786084999999998,
2025,03,BSNZ,ZZ,REP,"","",99016536,"",,"",0,0,0,,0,,0,,-9.999999406318238e-7,,-1.4210854715202004e-14,
2025,03,BSNZ,ZZ,REP,"","",99016541,"",,"",0,0,0,,0,,0,,-0.27614,,-6.78273,
2025,03,BSNZ,ZZ,REP,"","",99016544,"",,"",0,0,0,,0,,0,,-0.215393,,-5.290642,
2025,03,BSNZ,ZZ,REP,"","",99016560,"",,"",0,0,629.834705,,0,,629.834705,,480.567604,,251.569906,
2025,03,BSNZ,ZZ,REP,"","",99016581,"",,"",0,0,625.267287,,0,,625.267287,,507.542143,,242.73351600000004,
2025,03,BSNZ,ZZ,REP,"","",99016601,"",,"",0,0,0,,0,,0,,-0.044169,,-1.0849,
2025,03,BSNZ,ZZ,REP,"","",99016639,"",,"",0,0,0,,0,,0,,-0.071294,,-1.751179,
2025,03,BSNZ,ZZ,REP,"","",99016641,"",,"",0,0,0,,0,,0,,-0.55567,,-13.648738,
2025,03,BSNZ,ZZ,REP,"","",99016650,"",,"",0,0,699.512961,,0,,699.512961,,533.0479760000001,,279.400942,
2025,03,BSNZ,ZZ,REP,"","",99016658,"",,"",0,0,3009.1581419999998,,0,,3009.1581419999998,,2101.7970269999996,,1135.3593600000002,
2025,03,BSNZ,ZZ,REP,"","",99016659,"",,"",0,0,151.830366,,0,,151.830366,,125.305904,,60.644405,
2025,03,BSNZ,ZZ,REP,"","",99016681,"",,"",0,0,0,,0,,0,,-0.067938,,-1.668733,
2025,03,BSNZ,ZZ,REP,"","",99016695,"",,"",0,0,0,,0,,0,,-0.11065,,-2.717869,
2025,03,BSNZ,ZZ,REP,"","",99016707,"",,"",0,0,327.419124,,0,,327.419124,,171.295074,,129.16220099999998,
2025,03,BSNZ,ZZ,REP,"","",99016713,"",,"",0,0,159.597211,,0,,159.597211,,123.76151200000001,,61.676991,
2025,03,BSNZ,ZZ,REP,"","",99016716,"",,"",0,0,300.265878,,0,,300.265878,,251.906736,,119.93283,
2025,03,BSNZ,ZZ,REP,"","",99016730,"",,"",0,0,0,,0,,0,,-0.060234,,-1.479507,
2025,03,BSNZ,ZZ,REP,"","",99016743,"",,"",0,0,625.362208,,0,,625.362208,,572.264099,,249.783492,
2025,03,BSNZ,ZZ,REP,"","",99016748,"",,"",0,0,0,,0,,0,,-0.185551,,-4.557626,
2025,03,BSNZ,ZZ,REP,"","",99016749,"",,"",0,0,0,,0,,0,,-0.088251,,-2.167692,
2025,03,BSNZ,ZZ,REP,"","",99016753,"",,"",0,0,296.044646,,0,,296.044646,,271.80796,,114.715935,
2025,03,BSNZ,ZZ,REP,"","",99016755,"",,"",0,0,354.8013,,0,,354.8013,,247.650143,,133.867906,
2025,03,BSNZ,ZZ,REP,"","",99016756,"",,"",0,0,0,,0,,0,,-0.0936,,-2.299057,
2025,03,BSNZ,ZZ,REP,"","",99016759,"",,"",0,0,628.717977,,0,,628.717977,,533.2232389999999,,251.12385999999998,
2025,03,BSNZ,ZZ,REP,"","",99016779,"",,"",0,0,0,,0,,0,,-0.146824,,-3.606391,
2025,03,BSNZ,ZZ,REP,"","",99016784,"",,"",0,0,7255.9414799999995,,0,,7255.9414799999995,,5656.21607,,2782.079256,
2025,03,BSNZ,ZZ,REP,"","",99016786,"",,"",0,0,431.665702,,0,,431.665702,,265.882326,,172.41682400000002,
2025,03,BSNZ,ZZ,REP,"","",99016788,"",,"",0,0,0,,0,,0,,-0.024045,,-0.590602,
2025,03,BSNZ,ZZ,REP,"","",99016790,"",,"",0,0,0,,0,,0,,-0.109194,,-2.682106,
2025,03,BSNZ,ZZ,REP,"","",99016793,"",,"",0,0,0,,0,,0,,-0.265144,,-6.512655,
2025,03,BSNZ,ZZ,REP,"","",99016794,"",,"",0,0,33.501846,,0,,33.501846,,0.44552299999998013,,13.381377999999984,
2025,03,BSNZ,ZZ,REP,"","",99016797,"",,"",0,0,0,,0,,0,,-0.359838,,-8.838599,
2025,03,BSNZ,ZZ,REP,"","",99016802,"",,"",0,0,404.456619,,0,,404.456619,,407.400805,,161.548916,
2025,03,BSNZ,ZZ,REP,"","",99016823,"",,"",0,0,2010.11076,,0,,2010.11076,,28.119244,,836.97208,
2025,03,BSNZ,ZZ,REP,"","",99016929,"",,"",0,0,0,,0,,0,,-0.480478,,-11.801828,
2025,03,BSNZ,ZZ,REP,"","",99016945,"",,"",0,0,0,,0,,0,,-0.04395,,-1.079535,
2025,03,BSNZ,ZZ,REP,"","",99016967,"",,"",0,0,182.585061,,0,,182.585061,,117.785478,,70.16964100000001,
2025,03,BSNZ,ZZ,REP,"","",99016986,"",,"",0,0,0,,0,,0,,-0.042466,,-1.04307,
2025,03,BSNZ,ZZ,REP,"","",99016990,"",,"",0,0,618.55575,,0,,618.55575,,469.43459,,247.064842,
2025,03,BSNZ,ZZ,REP,"","",99016995,"",,"",0,0,36.572849,,0,,36.572849,,32.253096,,13.133734,
2025,03,BSNZ,ZZ,REP,"","",99016996,"",,"",0,0,108.484561,,0,,108.484561,,77.237748,,39.832222,
2025,03,BSNZ,ZZ,REP,"","",99016997,"",,"",0,0,221.112184,,0,,221.112184,,158.165673,,88.317095,
2025,03,BSNZ,ZZ,REP,"","",99017024,"",,"",0,0,0,,0,,0,,-0.155999,,-3.831762,
2025,03,BSNZ,ZZ,REP,"","",99017025,"",,"",0,0,1301.569052,,0,,1301.569052,,942.503512,,505.800114,
2025,03,BSNZ,ZZ,REP,"","",99017027,"",,"",0,0,0,,0,,0,,-0.649997,,-15.965677,
2025,03,BSNZ,ZZ,REP,"","",99017051,"",,"",0,0,1166.595698,,0,,1166.595698,,686.6675819999999,,465.964113,
2025,03,BSNZ,ZZ,REP,"","",99017058,"",,"",0,0,222.781692,,0,,222.781692,,221.56220000000002,,88.983933,
2025,03,BSNZ,ZZ,REP,"","",99017061,"",,"",0,0,0,,0,,0,,0,,0,
2025,03,BSNZ,ZZ,REP,"","",99017082,"",,"",0,0,335.01846,,0,,335.01846,,254.006959,,130.161344,
2025,03,BSNZ,ZZ,REP,"","",99017087,"",,"",0,0,0,,0,,0,,-0.0416,,-1.021803,
2025,03,BSNZ,ZZ,REP,"","",99017090,"",,"",0,0,0,,0,,0,,-1.195995,,-29.376846,
2025,03,BSNZ,ZZ,REP,"","",99017091,"",,"",0,0,0,,0,,0,,-0.261559,,-6.424588,
2025,03,BSNZ,ZZ,REP,"","",99017095,"",,"",0,0,193.752343,,0,,193.752343,,184.603306,,77.388969,
2025,03,BSNZ,ZZ,REP,"","",99017100,"",,"",0,0,0,,0,,0,,-0.101088,,-2.482982,
2025,03,BSNZ,ZZ,REP,"","",99017123,"",,"",0,0,106.189685,,0,,106.189685,,95.16019700000001,,41.011188999999995,
2025,03,BSNZ,ZZ,REP,"","",99017124,"",,"",0,0,0,,0,,0,,-0.059072,,-1.450961,
2025,03,BSNZ,ZZ,REP,"","",99017140,"",,"",0,0,16.750923,,0,,16.750923,,11.383543999999999,,6.531032,
2025,03,BSNZ,ZZ,REP,"","",99017142,"",,"",0,0,0,,0,,0,,-0.012847,,-0.315546,
2025,03,BSNZ,ZZ,REP,"","",99017150,"",,"",0,0,1030.332523,,0,,1030.332523,,674.023228,,411.537589,
2025,03,BSNZ,ZZ,REP,"","",99017172,"",,"",0,0,279.18205,,0,,279.18205,,274.519282,,111.511483,
2025,03,BSNZ,ZZ,REP,"","",99017175,"",,"",0,0,0,,0,,0,,-0.0026,,-0.063863,
2025,03,BSNZ,ZZ,REP,"","",99017176,"",,"",0,0,11.273371,,0,,11.273371,,9.346176,,4.502834,
2025,03,BSNZ,ZZ,REP,"","",99017177,"",,"",0,0,86.78653299999999,,0,,86.78653299999999,,57.051970000000004,,30.138827999999997,
2025,03,BSNZ,ZZ,REP,"","",99017178,"",,"",0,0,19.542744,,0,,19.542744,,14.739207,,7.280214,
2025,03,BSNZ,ZZ,REP,"","",99017179,"",,"",0,0,0,,0,,0,,-0.0039,,-0.095794,
2025,03,BSNZ,ZZ,REP,"","",99017181,"",,"",0,0,46.455894,,0,,46.455894,,22.556870000000004,,18.030303,
2025,03,BSNZ,ZZ,REP,"","",99017182,"",,"",0,0,17.588469,,0,,17.588469,,9.284982,,7.025223,
2025,03,BSNZ,ZZ,REP,"","",99017183,"",,"",0,0,52.603482,,0,,52.603482,,37.476039,,20.527106999999997,
2025,03,BSNZ,ZZ,REP,"","",99017186,"",,"",0,0,0,,0,,0,,-0.027352,,-0.671834,
2025,03,BSNZ,ZZ,REP,"","",99017188,"",,"",0,0,13.473326,,0,,13.473326,,10.279683,,5.237087,
2025,03,BSNZ,ZZ,REP,"","",99017189,"",,"",0,0,0,,0,,0,,-0.019344,,-0.475138,
2025,03,BSNZ,ZZ,REP,"","",99017190,"",,"",0,0,25.684749,,0,,25.684749,,12.547407,,10.259056,
2025,03,BSNZ,ZZ,REP,"","",99017193,"",,"",0,0,14.718478,,0,,14.718478,,11.971632,,5.878885,
2025,03,BSNZ,ZZ,REP,"","",99017194,"",,"",0,0,9.01758,,0,,9.01758,,9.120704,,3.189268,
2025,03,BSNZ,ZZ,REP,"","",99017195,"",,"",0,0,0,,0,,0,,-0.0078,,-0.191588,
2025,03,BSNZ,ZZ,REP,"","",99017196,"",,"",0,0,0,,0,,0,,-0.006107,,-0.150014,
2025,03,BSNZ,ZZ,REP,"","",99017200,"",,"",0,0,0,,0,,0,,-0.00338,,-0.083022,
2025,03,BSNZ,ZZ,REP,"","",99017202,"",,"",0,0,12.339846000000001,,0,,12.339846000000001,,8.142098999999998,,4.766469,
2025,03,BSNZ,ZZ,REP,"","",99017203,"",,"",0,0,13.534746,,0,,13.534746,,13.361975,,4.5588109999999995,
2025,03,BSNZ,ZZ,REP,"","",99017204,"",,"",0,0,70.560471,,0,,70.560471,,58.95990499999999,,24.939633,
2025,03,BSNZ,ZZ,REP,"","",99017205,"",,"",0,0,41.369197,,0,,41.369197,,22.900928,,16.236387999999998,
2025,03,BSNZ,ZZ,REP,"","",99017206,"",,"",0,0,146.17972200000003,,0,,146.17972200000003,,93.739821,,56.486859,
2025,03,BSNZ,ZZ,REP,"","",99017208,"",,"",0,0,0,,0,,0,,-0.024372,,-0.59865,
2025,03,BSNZ,ZZ,REP,"","",99017210,"",,"",0,0,186.236763,,0,,186.236763,,98.01335500000002,,68.641417,
2025,03,BSNZ,ZZ,REP,"","",99017211,"",,"",0,0,16.505243,,0,,16.505243,,8.070557,,5.7810559999999995,
2025,03,BSNZ,ZZ,REP,"","",99017212,"",,"",0,0,9.816041,,0,,9.816041,,9.921099,,3.294889,
2025,03,BSNZ,ZZ,REP,"","",99017214,"",,"",0,0,0,,0,,0,,-0.014279,,-0.350734,
2025,03,BSNZ,ZZ,REP,"","",99017216,"",,"",0,0,0,,0,,0,,-0.037006,,-0.908958,
2025,03,BSNZ,ZZ,REP,"","",99017217,"",,"",0,0,0,,0,,0,,-0.007855,,-0.192929,
2025,03,BSNZ,ZZ,REP,"","",99017225,"",,"",0,0,60.649509,,0,,60.649509,,31.739916,,24.224755,
2025,03,BSNZ,ZZ,REP,"","",99017233,"",,"",0,0,281.10282100000006,,0,,281.10282100000006,,191.30045600000003,,102.456407,
2025,03,BSNZ,ZZ,REP,"","",99017237,"",,"",0,0,189.676285,,0,,189.676285,,145.943807,,75.760902,
2025,03,BSNZ,ZZ,REP,"","",99017238,"",,"",0,0,98.316751,,0,,98.316751,,50.246377,,38.542424,
2025,03,BSNZ,ZZ,REP,"","",99017239,"",,"",0,0,0,,0,,0,,-0.028808,,-0.707599,
2025,03,BSNZ,ZZ,REP,"","",99017242,"",,"",0,0,0,,0,,0,,-0.04888,,-1.200619,
2025,03,BSNZ,ZZ,REP,"","",99017243,"",,"",0,0,0,,0,,0,,-0.055676,,-1.367556,
2025,03,BSNZ,ZZ,REP,"","",99017246,"",,"",0,0,41.877308,,0,,41.877308,,29.824739,,15.589965999999999,
2025,03,BSNZ,ZZ,REP,"","",99017252,"",,"",0,0,185.37688200000002,,0,,185.37688200000002,,96.717323,,69.660665,
2025,03,BSNZ,ZZ,REP,"","",99017254,"",,"",0,0,69.471661,,0,,69.471661,,54.066565,,27.415345,
2025,03,BSNZ,ZZ,REP,"","",99017258,"",,"",0,0,761.0502690000001,,0,,761.0502690000001,,467.27693400000004,,300.990251,
2025,03,BSNZ,ZZ,REP,"","",99017259,"",,"",0,0,149.641579,,0,,149.641579,,82.47789900000001,,56.334341,
2025,03,BSNZ,ZZ,REP,"","",99017261,"",,"",0,0,381.53018999999995,,0,,381.53018999999995,,210.168683,,147.37108999999998,
2025,03,BSNZ,ZZ,REP,"","",99017263,"",,"",0,0,0,,0,,0,,-0.0312,,-0.766352,
2025,03,BSNZ,ZZ,REP,"","",99017264,"",,"",0,0,0,,0,,0,,-0.0377,,-0.926009,
2025,03,BSNZ,ZZ,REP,"","",99017266,"",,"",0,0,389.61530200000004,,0,,389.61530200000004,,236.95409999999998,,148.93658499999998,
2025,03,BSNZ,ZZ,REP,"","",99017269,"",,"",0,0,63.474831,,0,,63.474831,,45.271118,,22.14894,
2025,03,BSNZ,ZZ,REP,"","",99017270,"",,"",0,0,0,,0,,0,,-0.070278,,-1.726208,
2025,03,BSNZ,ZZ,REP,"","",99017271,"",,"",0,0,292.29243899999994,,0,,292.29243899999994,,226.639218,,115.88591600000001,
2025,03,BSNZ,ZZ,REP,"","",99017275,"",,"",0,0,111.114456,,0,,111.114456,,54.25981,,44.38157,
2025,03,BSNZ,ZZ,REP,"","",99017276,"",,"",0,0,75.490826,,0,,75.490826,,58.762156,,27.847261,
2025,03,BSNZ,ZZ,REP,"","",99017277,"",,"",0,0,117.256461,,0,,117.256461,,57.214324,,45.807464,
2025,03,BSNZ,ZZ,REP,"","",99017279,"",,"",0,0,200.039522,,0,,200.039522,,150.37590500000002,,68.665353,
2025,03,BSNZ,ZZ,REP,"","",99017281,"",,"",0,0,0,,0,,0,,-0.0221,,-0.542833,
2025,03,BSNZ,ZZ,REP,"","",99017284,"",,"",0,0,244.161454,,0,,244.161454,,180.918429,,97.523483,
2025,03,BSNZ,ZZ,REP,"","",99017286,"",,"",0,0,0,,0,,0,,-0.025683,,-0.630836,
2025,03,BSNZ,ZZ,REP,"","",99017290,"",,"",0,0,65.708287,,0,,65.708287,,45.967304,,26.245343,
2025,03,BSNZ,ZZ,REP,"","",99017294,"",,"",0,0,35.830224,,0,,35.830224,,25.93789,,14.311384,
2025,03,BSNZ,ZZ,REP,"","",99017299,"",,"",0,0,502.52769,,0,,502.52769,,243.03063799999998,,193.53611500000002,
2025,03,BSNZ,ZZ,REP,"","",99017302,"",,"",0,0,165.275774,,0,,165.275774,,112.81895100000001,,60.75257500000001,
2025,03,BSNZ,ZZ,REP,"","",99017304,"",,"",0,0,126.85473999999999,,0,,126.85473999999999,,79.34991500000001,,50.121922999999995,
2025,03,BSNZ,ZZ,REP,"","",99017306,"",,"",0,0,0,,0,,0,,-0.0247,,-0.606696,
2025,03,BSNZ,ZZ,REP,"","",99017307,"",,"",0,0,156.341948,,0,,156.341948,,75.033003,,59.381022,
2025,03,BSNZ,ZZ,REP,"","",99017311,"",,"",0,0,72.587333,,0,,72.587333,,52.374352,,27.90732,
2025,03,BSNZ,ZZ,REP,"","",99017313,"",,"",0,0,0,,0,,0,,-0.039832,,-0.978377,
2025,03,BSNZ,ZZ,REP,"","",99017314,"",,"",0,0,89.338256,,0,,89.338256,,47.305658,,34.917386,
2025,03,BSNZ,ZZ,REP,"","",99017315,"",,"",0,0,59.370855,,0,,59.370855,,48.60181,,17.257001,
2025,03,BSNZ,ZZ,REP,"","",99017316,"",,"",0,0,68.745788,,0,,68.745788,,55.771836,,23.98931,
2025,03,BSNZ,ZZ,REP,"","",99017317,"",,"",0,0,51.537006,,0,,51.537006,,53.953298,,20.58502,
2025,03,BSNZ,ZZ,REP,"","",99017320,"",,"",0,0,0,,0,,0,,-0.0403,,-0.989872,
2025,03,BSNZ,ZZ,REP,"","",99017322,"",,"",0,0,0,,0,,0,,-0.090792,,-2.230086,
2025,03,BSNZ,ZZ,REP,"","",99017325,"",,"",0,0,0,,0,,0,,-0.01768,,-0.434266,
2025,03,BSNZ,ZZ,REP,"","",99017327,"",,"",0,0,31.26839,,0,,31.26839,,19.765746999999998,,11.181889,
2025,03,BSNZ,ZZ,REP,"","",99017332,"",,"",0,0,69.237148,,0,,69.237148,,51.843554000000005,,27.654848,
2025,03,BSNZ,ZZ,REP,"","",99017337,"",,"",0,0,8.375462,,0,,8.375462,,5.136658,,3.345344,
2025,03,BSNZ,ZZ,REP,"","",99017338,"",,"",0,0,0,,0,,0,,-0.0039,,-0.095794,
2025,03,BSNZ,ZZ,REP,"","",99017339,"",,"",0,0,18.426015,,0,,18.426015,,11.747338,,7.359758,
2025,03,BSNZ,ZZ,REP,"","",99017340,"",,"",0,0,34.238887,,0,,34.238887,,16.702071999999998,,13.360989,
2025,03,BSNZ,ZZ,REP,"","",99017341,"",,"",0,0,27.784198,,0,,27.784198,,18.510737,,11.097623,
2025,03,BSNZ,ZZ,REP,"","",99017343,"",,"",0,0,13.624084,,0,,13.624084,,9.225916999999999,,5.285935,
2025,03,BSNZ,ZZ,REP,"","",99017344,"",,"",0,0,126.162369,,0,,126.162369,,69.62458100000002,,47.910781,
2025,03,BSNZ,ZZ,REP,"","",99017345,"",,"",0,0,8.369878,,0,,8.369878,,4.172129,,3.243169,
2025,03,BSNZ,ZZ,REP,"","",99017346,"",,"",0,0,0,,0,,0,,-0.003068,,-0.075358,
2025,03,BSNZ,ZZ,REP,"","",99017348,"",,"",0,0,33.730775,,0,,33.730775,,28.678435999999998,,13.310607999999998,
2025,03,BSNZ,ZZ,REP,"","",99017349,"",,"",0,0,11.167282,,0,,11.167282,,5.073889,,4.33829,
2025,03,BSNZ,ZZ,REP,"","",99017350,"",,"",0,0,8.660227,,0,,8.660227,,4.952805,,3.376064,
2025,03,BSNZ,ZZ,REP,"","",99017351,"",,"",0,0,0,,0,,0,,-0.003825,,-0.093942,
2025,03,BSNZ,ZZ,REP,"","",99017354,"",,"",0,0,0,,0,,0,,-0.005109,,-0.12549,
2025,03,BSNZ,ZZ,REP,"","",99017357,"",,"",0,0,0,,0,,0,,-0.010530000000000001,,-0.258644,
2025,03,BSNZ,ZZ,REP,"","",99017359,"",,"",0,0,17.085941,,0,,17.085941,,6.880629,,6.768304,
2025,03,BSNZ,ZZ,REP,"","",99017362,"",,"",0,0,6.449105,,0,,6.449105,,3.000424,,2.575915,
2025,03,BSNZ,ZZ,REP,"","",99017364,"",,"",0,0,98.528929,,0,,98.528929,,59.224199,,38.267050999999995,
2025,03,BSNZ,ZZ,REP,"","",99017366,"",,"",0,0,136.436267,,0,,136.436267,,66.748709,,51.942749,
2025,03,BSNZ,ZZ,REP,"","",99017367,"",,"",0,0,0,,0,,0,,-0.00884,,-0.217133,
2025,03,BSNZ,ZZ,REP,"","",99017369,"",,"",0,0,0,,0,,0,,-0.009532,,-0.234121,
2025,03,BSNZ,ZZ,REP,"","",99017370,"",,"",0,0,0,,0,,0,,-0.072739,,-1.7866239999999998,
2025,03,BSNZ,ZZ,REP,"","",99017371,"",,"",0,0,19.056967,,0,,19.056967,,9.304509999999999,,7.611774,
2025,03,BSNZ,ZZ,REP,"","",99017374,"",,"",0,0,0,,0,,0,,-0.0195,,-0.47897100000000004,
2025,03,BSNZ,ZZ,REP,"","",99017376,"",,"",0,0,0,,0,,0,,-0.028769000000000003,,-0.70664,
2025,03,BSNZ,ZZ,REP,"","",99017381,"",,"",0,0,0,,0,,0,,-0.01768,,-0.43426699999999996,
2025,03,BSNZ,ZZ,REP,"","",99017383,"",,"",0,0,12.535274,,0,,12.535274,,11.272330000000002,,4.041135,
2025,03,BSNZ,ZZ,REP,"","",99017384,"",,"",0,0,65.998637,,0,,65.998637,,40.760957999999995,,21.818951000000006,
2025,03,BSNZ,ZZ,REP,"","",99017385,"",,"",0,0,18.984379,,0,,18.984379,,9.270043000000001,,7.582781,
2025,03,BSNZ,ZZ,REP,"","",99017386,"",,"",0,0,0,,0,,0,,-0.012932,,-0.317653,
2025,03,BSNZ,ZZ,REP,"","",99017387,"",,"",0,0,27.845618,,0,,27.845618,,19.780726,,9.106329999999998,
2025,03,BSNZ,ZZ,REP,"","",99017389,"",,"",0,0,62.614951000000005,,0,,62.614951000000005,,32.408024,,24.594688,
2025,03,BSNZ,ZZ,REP,"","",99017390,"",,"",0,0,15.634195,,0,,15.634195,,9.119402,,6.244643,
2025,03,BSNZ,ZZ,REP,"","",99017391,"",,"",0,0,16.750923,,0,,16.750923,,7.199649999999999,,5.253778,
2025,03,BSNZ,ZZ,REP,"","",99017393,"",,"",0,0,0,,0,,0,,-0.011778,,-0.289298,
2025,03,BSNZ,ZZ,REP,"","",99017396,"",,"",0,0,14.176864,,0,,14.176864,,7.509857,,5.142774,
2025,03,BSNZ,ZZ,REP,"","",99017397,"",,"",0,0,0,,0,,0,,-0.012012,,-0.295046,
2025,03,BSNZ,ZZ,REP,"","",99017399,"",,"",0,0,0,,0,,0,,-0.003003,,-0.073761,
2025,03,BSNZ,ZZ,REP,"","",99017404,"",,"",0,0,0,,0,,0,,-0.001357,,-0.033336,
2025,03,BSNZ,ZZ,REP,"","",99017406,"",,"",0,0,5.103448,,0,,5.103448,,3.1693689999999997,,1.964669,
2025,03,BSNZ,ZZ,REP,"","",99017408,"",,"",0,0,0,,0,,0,,-0.068616,,-1.685401,
2025,03,BSNZ,ZZ,REP,"","",99017410,"",,"",0,0,0,,0,,0,,-0.058001,,-1.42465,
2025,03,BSNZ,ZZ,REP,"","",99017430,"",,"",0,0,752.914903,,0,,752.914903,,400.621562,,283.718407,
2025,03,BSNZ,ZZ,REP,"","",99017438,"",,"",0,0,0,,0,,0,,-0.038022,,-0.933928,
2025,03,BSNZ,ZZ,REP,"","",99017439,"",,"",0,0,89.511349,,0,,89.511349,,49.991386,,35.752812,
2025,03,BSNZ,ZZ,REP,"","",99017453,"",,"",0,0,0,,0,,0,,-0.032385,,-0.795474,
2025,03,BSNZ,ZZ,REP,"","",99017482,"",,"",0,0,55.328299,,0,,55.328299,,40.256793,,22.099346,
2025,03,BSNZ,ZZ,REP,"","",99017508,"",,"",0,0,0,,0,,0,,-0.514556,,-12.638877,
2025,03,BSNZ,ZZ,REP,"","",99017513,"",,"",0,0,0,,0,,0,,-0.043568,,-1.070147,
2025,03,BSNZ,ZZ,REP,"","",99017533,"",,"",0,0,2032.713339,,0,,2032.713339,,1551.589309,,811.910648,
2025,03,BSNZ,ZZ,REP,"","",99017613,"",,"",0,0,0,,0,,0,,-0.065,,-1.596568,
2025,03,BSNZ,ZZ,REP,"","",99017633,"",,"",0,0,1086.330858,,0,,1086.330858,,735.6296060000001,,433.904562,
2025,03,BSNZ,ZZ,REP,"","",99017638,"",,"",0,0,456.228139,,0,,456.228139,,348.232655,,182.227605,
2025,03,BSNZ,ZZ,REP,"","",99017643,"",,"",0,0,257.333263,,0,,257.333263,,202.04341599999998,,102.784594,
2025,03,BSNZ,ZZ,REP,"","",99017649,"",,"",0,0,99.38881,,0,,99.38881,,48.531404,,39.698088,
2025,03,BSNZ,ZZ,REP,"","",99017650,"",,"",0,0,0,,0,,0,,0,,0,
2025,03,BSNZ,ZZ,REP,"","",99017655,"",,"",0,0,0,,0,,0,,-1.20054,,-29.488478,
2025,03,BSNZ,ZZ,REP,"","",99017658,"",,"",0,0,0,,0,,0,,-0.058557,,-1.438316,
2025,03,BSNZ,ZZ,REP,"","",99017666,"",,"",0,0,64.211872,,0,,64.211872,,91.282383,,24.996241,
2025,03,BSNZ,ZZ,REP,"","",99017693,"",,"",0,0,0,,0,,0,,-0.105513,,-2.591676,
2025,03,BSNZ,ZZ,REP,"","",99017701,"",,"",0,0,0,,0,,0,,-0.098277,,-2.413946,
2025,03,BSNZ,ZZ,REP,"","",99017709,"",,"",0,0,0,,0,,0,,-0.0468,,-1.149529,
2025,03,BSNZ,ZZ,REP,"","",99017730,"",,"",0,0,0,,0,,0,,-0.126619,,-3.110114,
2025,03,BSNZ,ZZ,REP,"","",99017741,"",,"",0,0,103.275024,,0,,103.275024,,61.542689,,40.701109,
2025,03,BSNZ,ZZ,REP,"","",99017756,"",,"",0,0,0,,0,,0,,-0.110237,,-2.707715,
2025,03,BSNZ,ZZ,REP,"","",99017759,"",,"",0,0,0,,0,,0,,-0.039871,,-0.979335,
2025,03,BSNZ,ZZ,REP,"","",99017766,"",,"",0,0,0,,0,,0,,-0.073806,,-1.812871,
2025,03,BSNZ,ZZ,REP,"","",99017776,"",,"",0,0,294.146208,,0,,294.146208,,3.833694,,115.572618,
2025,03,BSNZ,ZZ,REP,"","",99017778,"",,"",0,0,0,,0,,0,,-0.0858,,-2.107469,
2025,03,BSNZ,ZZ,REP,"","",99017782,"",,"",0,0,0,,0,,0,,-0.5218149999999999,,-12.817181999999999,
2025,03,BSNZ,ZZ,REP,"","",99017822,"",,"",0,0,0,,0,,0,,-0.0975,,-2.394852,
2025,03,BSNZ,ZZ,REP,"","",99017831,"",,"",0,0,668.585173,,0,,668.585173,,519.769195,,252.715887,
2025,03,BSNZ,ZZ,REP,"","",99017854,"",,"",0,0,0,,0,,0,,-0.145599,,-3.576312,
2025,03,BSNZ,ZZ,REP,"","",99017855,"",,"",0,0,0,,0,,0,,-0.077997,,-1.915817,
2025,03,BSNZ,ZZ,REP,"","",99017870,"",,"",0,0,0,,0,,0,,-0.208194,,-5.113806,
2025,03,BSNZ,ZZ,REP,"","",99017871,"",,"",0,0,0,,0,,0,,-0.069053,,-1.69613,
2025,03,BSNZ,ZZ,REP,"","",99017879,"",,"",0,0,580.69308,,0,,580.69308,,573.065978,,231.941655,
2025,03,BSNZ,ZZ,REP,"","",99017885,"",,"",0,0,0,,0,,0,,-0.112218,,-2.756378,
2025,03,BSNZ,ZZ,REP,"","",99017899,"",,"",0,0,0,,0,,0,,-0.0234,,-0.574764,
2025,03,BSNZ,ZZ,REP,"","",99017900,"",,"",0,0,0,,0,,0,,-0.120639,,-2.96323,
2025,03,BSNZ,ZZ,REP,"","",99017916,"",,"",0,0,71.543192,,0,,71.543192,,31.773113000000002,,28.575933,
2025,03,BSNZ,ZZ,REP,"","",99017926,"",,"",0,0,0,,0,,0,,-0.020956,,-0.514733,
2025,03,BSNZ,ZZ,REP,"","",99017975,"",,"",0,0,0,,0,,0,,-0.685773,,-16.844428,
2025,03,BSNZ,ZZ,REP,"","",99017976,"",,"",0,0,288.188463,,0,,288.188463,,255.09631,,115.108844,
2025,03,BSNZ,ZZ,REP,"","",99017977,"",,"",0,0,0,,0,,0,,0,,0,
2025,03,BSNZ,ZZ,REP,"","",99017980,"",,"",0,0,71.610196,,0,,71.610196,,53.996896,,28.602695,
2025,03,BSNZ,ZZ,REP,"","",99018022,"",,"",0,0,76.395376,,0,,76.395376,,36.192879,,30.514002,
2025,03,BSNZ,ZZ,REP,"","",99018029,"",,"",0,0,67.003692,,0,,67.003692,,52.204707,,26.762756,
2025,03,BSNZ,ZZ,REP,"","",99018033,"",,"",0,0,0,,0,,0,,-0.171599,,-4.214939,
2025,03,BSNZ,ZZ,REP,"","",99018036,"",,"",0,0,805.161032,,0,,805.161032,,652.630603,,316.79664099999997,
2025,03,BSNZ,ZZ,REP,"","",99018047,"",,"",0,0,195.427435,,0,,195.427435,,137.568289,,77.000982,
2025,03,BSNZ,ZZ,REP,"","",99018048,"",,"",0,0,80.767367,,0,,80.767367,,41.34697699999999,,23.024445999999998,
2025,03,BSNZ,ZZ,REP,"","",99018050,"",,"",0,0,132.885072,,0,,132.885072,,112.32326,,53.077236,
2025,03,BSNZ,ZZ,REP,"","",99018052,"",,"",0,0,0,,0,,0,,-0.054969,,-1.350185,
2025,03,BSNZ,ZZ,REP,"","",99018081,"",,"",0,0,1340.805297,,0,,1340.805297,,1131.457946,,514.240317,
2025,03,BSNZ,ZZ,REP,"","",99018086,"",,"",0,0,581.491541,,0,,581.491541,,414.780375,,232.260577,
2025,03,BSNZ,ZZ,REP,"","",99018088,"",,"",0,0,27.918205,,0,,27.918205,,35.032067000000005,,9.308133999999999,
2025,03,BSNZ,ZZ,REP,"","",99018120,"",,"",0,0,131.773928,,0,,131.773928,,100.582837,,52.63342,
2025,03,BSNZ,ZZ,REP,"","",99018129,"",,"",0,0,169.307162,,0,,169.307162,,125.44597599999999,,59.87087699999999,
2025,03,BSNZ,ZZ,REP,"","",99018131,"",,"",0,0,0,,0,,0,,-0.123603,,-3.036033,
2025,03,BSNZ,ZZ,REP,"","",99018132,"",,"",0,0,536.548815,,0,,536.548815,,429.08381699999995,,210.01788500000004,
2025,03,BSNZ,ZZ,REP,"","",99018167,"",,"",0,0,0,,0,,0,,-0.042442,,-1.042495,
2025,03,BSNZ,ZZ,REP,"","",99018177,"",,"",0,0,290.259994,,0,,290.259994,,249.540217,,115.936259,
2025,03,BSNZ,ZZ,REP,"","",99018180,"",,"",0,0,0,,0,,0,,-0.044018,,-1.081196,
2025,03,BSNZ,ZZ,REP,"","",99018222,"",,"",0,0,124.470525,,0,,124.470525,,90.10014,,49.71628,
2025,03,BSNZ,ZZ,REP,"","",99018223,"",,"",0,0,0,,0,,0,,-0.441998,,-10.85666,
2025,03,BSNZ,ZZ,REP,"","",99018226,"",,"",0,0,0,,0,,0,,-0.402478,,-9.885947,
2025,03,BSNZ,ZZ,REP,"","",99018227,"",,"",0,0,0,,0,,0,,-0.03289,,-0.807863,
2025,03,BSNZ,ZZ,REP,"","",99018246,"",,"",0,0,0,,0,,0,,-0.01534,,-0.37679,
2025,03,BSNZ,ZZ,REP,"","",99018252,"",,"",0,0,0,,0,,0,,-0.077682,,-1.90809,
2025,03,BSNZ,ZZ,REP,"","",99018254,"",,"",0,0,47.460949,,0,,47.460949,,33.619544,,18.414119,
2025,03,BSNZ,ZZ,REP,"","",99018260,"",,"",0,0,0,,0,,0,,-0.093174,,-2.288584,
2025,03,BSNZ,ZZ,REP,"","",99018261,"",,"",0,0,971.408359,,0,,971.408359,,851.581119,,388.001975,
2025,03,BSNZ,ZZ,REP,"","",99018285,"",,"",0,0,163.036734,,0,,163.036734,,127.111698,,61.927341,
2025,03,BSNZ,ZZ,REP,"","",99018291,"",,"",0,0,206.589133,,0,,206.589133,,155.394926,,68.57689,
2025,03,BSNZ,ZZ,REP,"","",99018292,"",,"",0,0,0,,0,,0,,-0.05408,,-1.328344,
2025,03,BSNZ,ZZ,REP,"","",99018298,"",,"",0,0,448.785145,,0,,448.785145,,364.99627,,179.254709,
2025,03,BSNZ,ZZ,REP,"","",99018305,"",,"",0,0,172.763436,,0,,172.763436,,134.62978099999998,,69.00553599999999,
2025,03,BSNZ,ZZ,REP,"","",99018318,"",,"",0,0,0,,0,,0,,-0.045237,,-1.111147,
2025,03,BSNZ,ZZ,REP,"","",99018323,"",,"",0,0,1364.742365,,0,,1364.742365,,1021.261078,,541.263803,
2025,03,BSNZ,ZZ,REP,"","",99018325,"",,"",0,0,111.67282,,0,,111.67282,,89.61872500000001,,42.446033,
2025,03,BSNZ,ZZ,REP,"","",99018327,"",,"",0,0,119.612758,,0,,119.612758,,91.326937,,43.837375,
2025,03,BSNZ,ZZ,REP,"","",99018359,"",,"",0,0,1036.133926,,0,,1036.133926,,932.846301,,413.854797,
2025,03,BSNZ,ZZ,REP,"","",99018376,"",,"",0,0,290.634098,,0,,290.634098,,210.181762,,114.744631,
2025,03,BSNZ,ZZ,REP,"","",99018384,"",,"",0,0,239.085924,,0,,239.085924,,199.51564,,90.38718700000001,
2025,03,BSNZ,ZZ,REP,"","",99018391,"",,"",0,0,0,,0,,0,,-0.196853,,-4.835237,
2025,03,BSNZ,ZZ,REP,"","",99018392,"",,"",0,0,0,,0,,0,,-0.086073,,-2.114175,
2025,03,BSNZ,ZZ,REP,"","",99018412,"",,"",0,0,0,,0,,0,,-0.580318,,-14.254156000000002,
2025,03,BSNZ,ZZ,REP,"","",99018416,"",,"",0,0,105.363306,,0,,105.363306,,63.048733,,36.700807,
2025,03,BSNZ,ZZ,REP,"","",99018425,"",,"",0,0,24.009656,,0,,24.009656,,9.704600000000001,,9.29622,
2025,03,BSNZ,ZZ,REP,"","",99018426,"",,"",0,0,279.18205,,0,,279.18205,,176.805564,,111.511483,
2025,03,BSNZ,ZZ,REP,"","",99018434,"",,"",0,0,0,,0,,0,,-0.0195,,-0.47897,
2025,03,BSNZ,ZZ,REP,"","",99018469,"",,"",0,0,46.785328,,0,,46.785328,,41.382752,,18.687094,
2025,03,BSNZ,ZZ,REP,"","",99018476,"",,"",0,0,66.205231,,0,,66.205231,,51.133197,,26.443833,
2025,03,BSNZ,ZZ,REP,"","",99018496,"",,"",0,0,0,,0,,0,,-0.102351,,-2.514019,
2025,03,BSNZ,ZZ,REP,"","",99018500,"",,"",0,0,127.307015,,0,,127.307015,,123.416362,,50.849236,
2025,03,BSNZ,ZZ,REP,"","",99018502,"",,"",0,0,69.79551500000001,,0,,69.79551500000001,,30.057199999999998,,26.760272,
2025,03,BSNZ,ZZ,REP,"","",99018503,"",,"",0,0,316.737619,,0,,316.737619,,254.113562,,126.512008,
2025,03,BSNZ,ZZ,REP,"","",99018515,"",,"",0,0,0,,0,,0,,-0.623997,,-15.32705,
2025,03,BSNZ,ZZ,REP,"","",99018516,"",,"",0,0,0,,0,,0,,-0.079484,,-1.952347,
2025,03,BSNZ,ZZ,REP,"","",99018521,"",,"",0,0,86.764197,,0,,86.764197,,59.380039,,34.655539,
2025,03,BSNZ,ZZ,REP,"","",99018534,"",,"",0,0,110.556092,,0,,110.556092,,150.553441,,44.158547,
2025,03,BSNZ,ZZ,REP,"","",99018584,"",,"",0,0,0,,0,,0,,-0.051948,,-1.275977,
2025,03,BSNZ,ZZ,REP,"","",99018599,"",,"",0,0,537.341692,,0,,537.341692,,375.666126,,214.626151,
2025,03,BSNZ,ZZ,REP,"","",99018600,"",,"",0,0,1171.453465,,0,,1171.453465,,780.5373519999999,,467.904413,
2025,03,BSNZ,ZZ,REP,"","",99018601,"",,"",0,0,346.185742,,0,,346.185742,,279.54785200000003,,121.954635,
2025,03,BSNZ,ZZ,REP,"","",99018628,"",,"",0,0,0,,0,,0,,-0.19005999999999998,,-4.6683650000000005,
2025,03,BSNZ,ZZ,REP,"","",99018629,"",,"",0,0,223.34564,,0,,223.34564,,114.642975,,89.209186,
2025,03,BSNZ,ZZ,REP,"","",99018636,"",,"",0,0,167.50923,,0,,167.50923,,2.1756159999999998,,65.629636,
2025,03,BSNZ,ZZ,REP,"","",99018638,"",,"",0,0,80.806453,,0,,80.806453,,10.382532,,32.275884,
2025,03,BSNZ,ZZ,REP,"","",99018654,"",,"",0,0,0,,0,,0,,-0.395198,,-9.707132,
2025,03,BSNZ,ZZ,REP,"","",99018655,"",,"",0,0,61.213456,,0,,61.213456,,45.985701,,24.450008,
2025,03,BSNZ,ZZ,REP,"","",99018669,"",,"",0,0,584.517874,,0,,584.517874,,549.54117,,205.17882300000002,
2025,03,BSNZ,ZZ,REP,"","",99018686,"",,"",0,0,0,,0,,0,,-0.06474,,-1.590181,
2025,03,BSNZ,ZZ,REP,"","",99018723,"",,"",0,0,1206.0664559999998,,0,,1206.0664559999998,,16.03883400000001,,481.729607,
2025,03,BSNZ,ZZ,REP,"","",99018743,"",,"",0,0,0,,0,,0,,-0.145599,,-3.576312,
2025,03,BSNZ,ZZ,REP,"","",99018777,"",,"",0,0,873.281452,,0,,873.281452,,623.021994,,348.807919,
2025,03,BSNZ,ZZ,REP,"","",99018784,"",,"",0,0,0,,0,,0,,-0.05616,,-1.379434,
2025,03,BSNZ,ZZ,REP,"","",99018789,"",,"",0,0,0,,0,,0,,-0.082885,,-2.035879,
2025,03,BSNZ,ZZ,REP,"","",99018791,"",,"",0,0,176.108037,,0,,176.108037,,136.483358,,70.341444,
2025,03,BSNZ,ZZ,REP,"","",99018792,"",,"",0,0,804.044304,,0,,804.044304,,749.966624,,321.153071,
2025,03,BSNZ,ZZ,REP,"","",99018798,"",,"",0,0,0,,0,,0,,-0.038514,,-0.945998,
2025,03,BSNZ,ZZ,REP,"","",99018806,"",,"",0,0,976.160038,,0,,976.160038,,735.608399,,378.735103,
2025,03,BSNZ,ZZ,REP,"","",99018813,"",,"",0,0,0,,0,,0,,-0.857544,,-21.063581,
2025,03,BSNZ,ZZ,REP,"","",99018828,"",,"",0,0,72.531497,,0,,72.531497,,63.613009999999996,,28.970683,
2025,03,BSNZ,ZZ,REP,"","",99018831,"",,"",0,0,0,,0,,0,,-0.311219,,-7.644366,
2025,03,BSNZ,ZZ,REP,"","",99018833,"",,"",0,0,0,,0,,0,,-0.091,,-2.235195,
2025,03,BSNZ,ZZ,REP,"","",99018837,"",,"",0,0,0,,0,,0,,-0.504398,,-12.389365,
2025,03,BSNZ,ZZ,REP,"","",99018840,"",,"",0,0,420.180153,,0,,420.180153,,353.909193,,165.428068,
2025,03,BSNZ,ZZ,REP,"","",99018841,"",,"",0,0,0,,0,,0,,-0.719937,,-17.683584,
2025,03,BSNZ,ZZ,REP,"","",99018847,"",,"",0,0,0,,0,,0,,-0.0832,,-2.043607,
2025,03,BSNZ,ZZ,REP,"","",99018850,"",,"",0,0,0,,0,,0,,-0.0065,,-0.159657,
2025,03,BSNZ,ZZ,REP,"","",99018851,"",,"",0,0,0,,0,,0,,-0.100235,,-2.462035,
2025,03,BSNZ,ZZ,REP,"","",99018857,"",,"",0,0,0,,0,,0,,-0.53981,,-13.259175,
2025,03,BSNZ,ZZ,REP,"","",99018869,"",,"",0,0,0,,0,,0,,-0.38498,,-9.456151,
2025,03,BSNZ,ZZ,REP,"","",99018877,"",,"",0,0,1190.432261,,0,,1190.432261,,910.106867,,475.484964,
2025,03,BSNZ,ZZ,REP,"","",99018879,"",,"",0,0,412.69249,,0,,412.69249,,303.643439,,164.838504,
2025,03,BSNZ,ZZ,REP,"","",99018882,"",,"",0,0,0,,0,,0,,-0.042281,,-1.038535,
2025,03,BSNZ,ZZ,REP,"","",99018883,"",,"",0,0,223.691826,,0,,223.691826,,155.966521,,89.347461,
2025,03,BSNZ,ZZ,REP,"","",99018893,"",,"",0,0,0,,0,,0,,-0.019152,,-0.470413,
2025,03,BSNZ,ZZ,REP,"","",99018898,"",,"",0,0,0,,0,,0,,-0.026301,,-0.646035,
2025,03,BSNZ,ZZ,REP,"","",99018907,"",,"",0,0,341.048792,,0,,341.048792,,165.45596,,136.222428,
2025,03,BSNZ,ZZ,REP,"","",99018910,"",,"",0,0,0,,0,,0,,-0.410694,,-10.087753,
2025,03,BSNZ,ZZ,REP,"","",99018919,"",,"",0,0,61.420051,,0,,61.420051,,44.927556,,24.532526,
2025,03,BSNZ,ZZ,REP,"","",99018935,"",,"",0,0,0,,0,,0,,-0.053664,,-1.318126,
2025,03,BSNZ,ZZ,REP,"","",99018938,"",,"",0,0,83.754615,,0,,83.754615,,75.376233,,33.453445,
2025,03,BSNZ,ZZ,REP,"","",99018982,"",,"",0,0,0,,0,,0,,-0.138579,,-3.403882,
2025,03,BSNZ,ZZ,REP,"","",99018989,"",,"",0,0,0,,0,,0,,-0.0312,,-0.766352,
2025,03,BSNZ,ZZ,REP,"","",99019001,"",,"",0,0,0,,0,,0,,-0.00754,,-0.185202,
2025,03,BSNZ,ZZ,REP,"","",99019002,"",,"",0,0,28.945595,,0,,28.945595,,20.625097999999998,,11.274128999999999,
2025,03,BSNZ,ZZ,REP,"","",99019004,"",,"",0,0,0,,0,,0,,-0.0481,,-1.18146,
2025,03,BSNZ,ZZ,REP,"","",99019010,"",,"",0,0,124.16900900000002,,0,,124.16900900000002,,123.93299499999999,,49.595847000000006,
2025,03,BSNZ,ZZ,REP,"","",99019022,"",,"",0,0,0,,0,,0,,-0.380293,,-9.341007,
2025,03,BSNZ,ZZ,REP,"","",99019039,"",,"",0,0,245.680204,,0,,245.680204,,210.952227,,-12.237426,
2025,03,BSNZ,ZZ,REP,"","",99019050,"",,"",0,0,167.50923,,0,,167.50923,,130.537674,,64.11449300000001,
2025,03,BSNZ,ZZ,REP,"","",99019055,"",,"",0,0,0,,0,,0,,-0.069953,,-1.718226,
2025,03,BSNZ,ZZ,REP,"","",99019056,"",,"",0,0,0,,0,,0,,-0.14638,,-3.59547,
2025,03,BSNZ,ZZ,REP,"","",99019069,"",,"",0,0,0,,0,,0,,-0.061742000000000005,,-1.5165469999999999,
2025,03,BSNZ,ZZ,REP,"","",99019070,"",,"",0,0,0,,0,,0,,-0.0182,,-0.447039,
2025,03,BSNZ,ZZ,REP,"","",99019072,"",,"",0,0,52.207043,,0,,52.207043,,30.399244,,20.852647,
2025,03,BSNZ,ZZ,REP,"","",99019075,"",,"",0,0,0,,0,,0,,-0.0065,,-0.159657,
2025,03,BSNZ,ZZ,REP,"","",99019083,"",,"",0,0,0,,0,,0,,-0.01924,,-0.472584,
2025,03,BSNZ,ZZ,REP,"","",99019084,"",,"",0,0,0,,0,,0,,-0.042897000000000005,,-1.0536699999999999,
2025,03,BSNZ,ZZ,REP,"","",99019090,"",,"",0,0,91.571712,,0,,91.571712,,53.457524,,36.0079,
2025,03,BSNZ,ZZ,REP,"","",99019096,"",,"",0,0,121.71779,,0,,121.71779,,104.357654,,48.616776,
2025,03,BSNZ,ZZ,REP,"","",99019100,"",,"",0,0,64.262124,,0,,64.262124,,55.395593,,25.667713,
2025,03,BSNZ,ZZ,REP,"","",99019110,"",,"",0,0,0,,0,,0,,-0.0143,,-0.351245,
2025,03,BSNZ,ZZ,REP,"","",99019116,"",,"",0,0,0,,0,,0,,-0.00312,,-0.076635,
2025,03,BSNZ,ZZ,REP,"","",99019118,"",,"",0,0,0,,0,,0,,-0.01352,,-0.332086,
2025,03,BSNZ,ZZ,REP,"","",99019126,"",,"",0,0,132.890656,,0,,132.890656,,110.268554,,53.079466,
2025,03,BSNZ,ZZ,REP,"","",99019128,"",,"",0,0,4763.203126,,0,,4763.203126,,3679.441875,,1850.9275680000003,
2025,03,BSNZ,ZZ,REP,"","",99019135,"",,"",0,0,38.113933,,0,,38.113933,,18.593681,,14.846758,
2025,03,BSNZ,ZZ,REP,"","",99019136,"",,"",0,0,180.351604,,0,,180.351604,,97.73981900000001,,70.134714,
2025,03,BSNZ,ZZ,REP,"","",99019155,"",,"",0,0,0,,0,,0,,-0.04862,,-1.194233,
2025,03,BSNZ,ZZ,REP,"","",99019159,"",,"",0,0,0,,0,,0,,-0.0507,,-1.245323,
2025,03,BSNZ,ZZ,REP,"","",99019160,"",,"",0,0,10.340903,,0,,10.340903,,7.775895,,2.4834940000000003,
2025,03,BSNZ,ZZ,REP,"","",99019161,"",,"",0,0,0,,0,,0,,-0.00832,,-0.20436100000000001,
2025,03,BSNZ,ZZ,REP,"","",99019164,"",,"",0,0,0,,0,,0,,-0.001908,,-0.046875,
2025,03,BSNZ,ZZ,REP,"","",99019184,"",,"",0,0,6.449105,,0,,6.449105,,3.1198639999999997,,2.35527,
2025,03,BSNZ,ZZ,REP,"","",99019196,"",,"",0,0,0,,0,,0,,-0.004732,,-0.11623,
2025,03,BSNZ,ZZ,REP,"","",99019199,"",,"",0,0,6.700369,,0,,6.700369,,4.556018,,2.676276,
2025,03,BSNZ,ZZ,REP,"","",99019207,"",,"",0,0,0,,0,,0,,-0.224275,,-5.508797,
2025,03,BSNZ,ZZ,REP,"","",99019214,"",,"",0,0,0,,0,,0,,-0.316517,,-7.774518,
2025,03,BSNZ,ZZ,REP,"","",99019220,"",,"",0,0,670.03692,,0,,670.03692,,363.181085,,211.939279,
2025,03,BSNZ,ZZ,REP,"","",99019264,"",,"",0,0,109.807884,,0,,109.807884,,100.737413,,43.859697,
2025,03,BSNZ,ZZ,REP,"","",99019274,"",,"",0,0,0,,0,,0,,-0.105919,,-2.6016399999999997,
2025,03,BSNZ,ZZ,REP,"","",99019297,"",,"",0,0,189.843794,,0,,189.843794,,160.262489,,75.827808,
2025,03,BSNZ,ZZ,REP,"","",99019298,"",,"",0,0,14.204783,,0,,14.204783,,9.865352,,5.673704,
2025,03,BSNZ,ZZ,REP,"","",99019309,"",,"",0,0,0,,0,,0,,0,,0,
2025,03,BSNZ,ZZ,REP,"","",99019312,"",,"",0,0,10.553081,,0,,10.553081,,10.224396,,4.215134,
2025,03,BSNZ,ZZ,REP,"","",99019313,"",,"",0,0,100.282194,,0,,100.282194,,69.36147300000002,,32.021443000000005,
2025,03,BSNZ,ZZ,REP,"","",99019315,"",,"",0,0,0,,0,,0,,-0.0416,,-1.021803,
2025,03,BSNZ,ZZ,REP,"","",99019316,"",,"",0,0,474.776994,,0,,474.776994,,386.140985,,189.636428,
2025,03,BSNZ,ZZ,REP,"","",99019327,"",,"",0,0,0,,0,,0,,-0.027435,,-0.673879,
2025,03,BSNZ,ZZ,REP,"","",99019328,"",,"",0,0,0,,0,,0,,-0.301832,,-7.413821,
2025,03,BSNZ,ZZ,REP,"","",99019331,"",,"",0,0,0,,0,,0,,-0.088784,,-2.180784,
2025,03,BSNZ,ZZ,REP,"","",99019347,"",,"",0,0,422.12326,,0,,422.12326,,311.501858,,166.265496,
2025,03,BSNZ,ZZ,REP,"","",99019348,"",,"",0,0,0,,0,,0,,-0.055245,,-1.356955,
2025,03,BSNZ,ZZ,REP,"","",99019371,"",,"",0,0,0,,0,,0,,-0.06396,,-1.571023,
2025,03,BSNZ,ZZ,REP,"","",99019378,"",,"",0,0,0,,0,,0,,-0.071084,,-1.746006,
2025,03,BSNZ,ZZ,REP,"","",99019392,"",,"",0,0,0,,0,,0,,-0.113357,,-2.78435,
2025,03,BSNZ,ZZ,REP,"","",99019426,"",,"",0,0,0,,0,,0,,-0.067823,,-1.665923,
2025,03,BSNZ,ZZ,REP,"","",99019428,"",,"",0,0,66.205231,,0,,66.205231,,55.56683,,25.62639,
2025,03,BSNZ,ZZ,REP,"","",99019431,"",,"",0,0,66.400659,,0,,66.400659,,54.6638,,25.952236,
2025,03,BSNZ,ZZ,REP,"","",99019433,"",,"",0,0,61.7104,,0,,61.7104,,47.053202,,24.648498,
2025,03,BSNZ,ZZ,REP,"","",99019434,"",,"",0,0,18.738699,,0,,18.738699,,16.930704,,7.0139830000000005,
2025,03,BSNZ,ZZ,REP,"","",99019442,"",,"",0,0,0,,0,,0,,-0.034739,,-0.85327,
2025,03,BSNZ,ZZ,REP,"","",99019443,"",,"",0,0,60.169317,,0,,60.169317,,37.311016,,20.453066000000003,
2025,03,BSNZ,ZZ,REP,"","",99019468,"",,"",0,0,144.370622,,0,,144.370622,,112.101675,,56.013584,
2025,03,BSNZ,ZZ,REP,"","",99019472,"",,"",0,0,0,,0,,0,,-0.223375,,-5.486701,
2025,03,BSNZ,ZZ,REP,"","",99019478,"",,"",0,0,795.1104789999999,,0,,795.1104789999999,,721.211546,,299.947038,
2025,03,BSNZ,ZZ,REP,"","",99019479,"",,"",0,0,0,,0,,0,,-0.015600000000000003,,-0.3831760000000006,
2025,03,BSNZ,ZZ,REP,"","",99019488,"",,"",0,0,0,,0,,0,,-0.020056,,-0.492637,
2025,03,BSNZ,ZZ,REP,"","",99019495,"",,"",0,0,212.172774,,0,,212.172774,,166.980618,,84.746497,
2025,03,BSNZ,ZZ,REP,"","",99019502,"",,"",0,0,0,,0,,0,,-0.0364,,-0.894078,
2025,03,BSNZ,ZZ,REP,"","",99019503,"",,"",0,0,558.3641,,0,,558.3641,,442.949384,,223.022966,
2025,03,BSNZ,ZZ,REP,"","",99019504,"",,"",0,0,0,,0,,0,,-0.0065,,-0.159657,
2025,03,BSNZ,ZZ,REP,"","",99019521,"",,"",0,0,2044.774003,,0,,2044.774003,,1700.855246,,816.727944,
2025,03,BSNZ,ZZ,REP,"","",99019523,"",,"",0,0,121.71779,,0,,121.71779,,108.824567,,48.616776,
2025,03,BSNZ,ZZ,REP,"","",99019526,"",,"",0,0,0,,0,,0,,-0.11139399999999999,,-2.7361329999999997,
2025,03,BSNZ,ZZ,REP,"","",99019530,"",,"",0,0,0,,0,,0,,-0.190013,,-4.667215000000001,
2025,03,BSNZ,ZZ,REP,"","",99019544,"",,"",0,0,384.511854,,0,,384.511854,,334.771583,,153.582535,
2025,03,BSNZ,ZZ,REP,"","",99019545,"",,"",0,0,0,,0,,0,,-0.0442,,-1.085666,
2025,03,BSNZ,ZZ,REP,"","",99019556,"",,"",0,0,40.202216,,0,,40.202216,,30.127926000000002,,16.057654,
2025,03,BSNZ,ZZ,REP,"","",99019558,"",,"",0,0,0,,0,,0,,-0.200199,,-4.917428,
2025,03,BSNZ,ZZ,REP,"","",99019566,"",,"",0,0,4133.089239000001,,0,,4133.089239000001,,3255.368424,,1578.8744570000001,
2025,03,BSNZ,ZZ,REP,"","",99019571,"",,"",0,0,0,,0,,0,,-0.260685,,-6.403131,
2025,03,BSNZ,ZZ,REP,"","",99019572,"",,"",0,0,402.022152,,0,,402.022152,,290.111969,,160.576536,
2025,03,BSNZ,ZZ,REP,"","",99019578,"",,"",0,0,0,,0,,0,,-0.0442,,-1.085666,
2025,03,BSNZ,ZZ,REP,"","",99019586,"",,"",0,0,0,,0,,0,,-0.0676,,-1.66043,
2025,03,BSNZ,ZZ,REP,"","",99019593,"",,"",0,0,0,,0,,0,,-0.09932,,-2.439555,
2025,03,BSNZ,ZZ,REP,"","",99019605,"",,"",0,0,469.941561,,0,,469.941561,,221.889717,,187.705049,
2025,03,BSNZ,ZZ,REP,"","",99019627,"",,"",0,0,0,,0,,0,,-0.0065,,-0.159657,
2025,03,BSNZ,ZZ,REP,"","",99019628,"",,"",0,0,0,,0,,0,,-0.036488,,-0.896249,
2025,03,BSNZ,ZZ,REP,"","",99019636,"",,"",0,0,0,,0,,0,,-0.067678,,-1.662346,
2025,03,BSNZ,ZZ,REP,"","",99019676,"",,"",0,0,454.508377,,0,,454.508377,,355.62486,,181.540694,
2025,03,BSNZ,ZZ,REP,"","",99019689,"",,"",0,0,32.84856,,0,,32.84856,,23.131332999999998,,12.086632,
2025,03,BSNZ,ZZ,REP,"","",99019690,"",,"",0,0,37.974342,,0,,37.974342,,19.251034999999998,,14.3879,
2025,03,BSNZ,ZZ,REP,"","",99019691,"",,"",0,0,13.210895,,0,,13.210895,,8.830329,,5.276723,
2025,03,BSNZ,ZZ,REP,"","",99019692,"",,"",0,0,0,,0,,0,,-0.016812,,-0.412936,
2025,03,BSNZ,ZZ,REP,"","",99019693,"",,"",0,0,0,,0,,0,,0,,0,
2025,03,BSNZ,ZZ,REP,"","",99019707,"",,"",0,0,0,,0,,0,,0,,0,
2025,03,BSNZ,ZZ,REP,"","",99019709,"",,"",0,0,0,,0,,0,,0,,0,
2025,03,BSNZ,ZZ,REP,"","",99019715,"",,"",0,0,351.479034,,0,,351.479034,,286.59682699999996,,139.131487,
2025,03,BSNZ,ZZ,REP,"","",99019722,"",,"",0,0,95.335086,,0,,95.335086,,67.627385,,35.972622,
2025,03,BSNZ,ZZ,REP,"","",99019729,"",,"",0,0,0,,0,,0,,-0.252041,,-6.190787,
2025,03,BSNZ,ZZ,REP,"","",99019733,"",,"",0,0,0,,0,,0,,-0.09828,,-2.41401,
2025,03,BSNZ,ZZ,REP,"","",99019738,"",,"",0,0,252.654172,,0,,252.654172,,210.62936,,90.05900199999999,
2025,03,BSNZ,ZZ,REP,"","",99019739,"",,"",0,0,8.738398,,0,,8.738398,,6.178524,,2.904432,
2025,03,BSNZ,ZZ,REP,"","",99019742,"",,"",0,0,0,,0,,0,,0,,-5.551115123125783e-17,
2025,03,BSNZ,ZZ,REP,"","",99019743,"",,"",0,0,815.211586,,0,,815.211586,,583.025827,,325.23035400000003,
2025,03,BSNZ,ZZ,REP,"","",99019744,"",,"",0,0,0,,0,,0,,-0.089856,,-2.207095,
2025,03,BSNZ,ZZ,REP,"","",99019746,"",,"",0,0,0,,0,,0,,-0.036171,,-0.888458,
2025,03,BSNZ,ZZ,REP,"","",99019751,"",,"",0,0,0,,0,,0,,-0.151556,,-3.722621,
2025,03,BSNZ,ZZ,REP,"","",99019763,"",,"",0,0,384.171250999997,,0,,384.171250999997,,-2002.1559219999954,,122.1346059999998,
2025,03,BSNZ,ZZ,REP,"","",99019764,"",,"",0,0,0,,0,,0,,-0.0039000000000157797,,-0.09579399999999794,
2025,03,BSNZ,ZZ,REP,"","",99019765,"",,"",0,0,0,,0,,0,,-1.238728,,-30.426493,
2025,03,BSNZ,ZZ,REP,"","",99019766,"",,"",0,0,0,,0,,0,,-0.987996,,-24.267829,
2025,03,BSNZ,ZZ,REP,"","",99019768,"",,"",0,0,0,,0,,0,,-5.861675,,-143.978474,
2025,03,BSNZ,ZZ,REP,"","",99019780,"",,"",0,0,0,,0,,0,,-0.046925,,-1.152594,
2025,03,BSNZ,ZZ,REP,"","",99019782,"",,"",0,0,170.982254,,0,,170.982254,,124.335557,,65.633699,
2025,03,BSNZ,ZZ,REP,"","",99019800,"",,"",0,0,593.970979,,0,,593.970979,,347.94264000000004,,237.245141,
2025,03,BSNZ,ZZ,REP,"","",99019807,"",,"",0,0,0,,0,,0,,-0.01612,,-0.395949,
2025,03,BSNZ,ZZ,REP,"","",99019810,"",,"",0,0,114.922499,,0,,114.922499,,92.429968,,45.902587,
2025,03,BSNZ,ZZ,REP,"","",99019814,"",,"",0,0,225.579096,,0,,225.579096,,171.625814,,90.101278,
2025,03,BSNZ,ZZ,REP,"","",99019826,"",,"",0,0,0,,0,,0,,-0.051313,,-1.260394,
2025,03,BSNZ,ZZ,REP,"","",99019829,"",,"",0,0,0,,0,,0,,-0.02652,,-0.6514,
2025,03,BSNZ,ZZ,REP,"","",99019832,"",,"",0,0,0,,0,,0,,-0.155999,,-3.8317619999999994,
2025,03,BSNZ,ZZ,REP,"","",99019847,"",,"",0,0,231.285578,,0,,231.285578,,215.700792,,92.380573,
2025,03,BSNZ,ZZ,REP,"","",99019862,"",,"",0,0,28.571491,,0,,28.571491,,20.608780000000003,,11.257537,
2025,03,BSNZ,ZZ,REP,"","",99019863,"",,"",0,0,0,,0,,0,,-0.138319,,-3.397496,
2025,03,BSNZ,ZZ,REP,"","",99019889,"",,"",0,0,494.330905,,0,,494.330905,,377.327605,,197.446692,
2025,03,BSNZ,ZZ,REP,"","",99019891,"",,"",0,0,637.651802,,0,,637.651802,,591.2135470000001,,249.819886,
2025,03,BSNZ,ZZ,REP,"","",99019894,"",,"",0,0,0,,0,,0,,-0.574577,,-14.113147,
2025,03,BSNZ,ZZ,REP,"","",99019895,"",,"",0,0,0,,0,,0,,-0.530398,,-13.027992,
2025,03,BSNZ,ZZ,REP,"","",99019898,"",,"",0,0,357.872305,,0,,357.872305,,193.582525,,140.507409,
2025,03,BSNZ,ZZ,REP,"","",99019908,"",,"",0,0,546.884134,,0,,546.884134,,386.401944,,218.437614,
2025,03,BSNZ,ZZ,REP,"","",99019914,"",,"",0,0,0,,0,,0,,-0.065949,,-1.619878,
2025,03,BSNZ,ZZ,REP,"","",99019915,"",,"",0,0,0,,0,,0,,-0.009303,,-0.228501,
2025,03,BSNZ,ZZ,REP,"","",99019916,"",,"",0,0,0,,0,,0,,-0.16596,,-4.07642,
2025,03,BSNZ,ZZ,REP,"","",99019919,"",,"",0,0,97.121852,,0,,97.121852,,75.870406,,35.592518000000005,
2025,03,BSNZ,ZZ,REP,"","",99019956,"",,"",0,0,16.594580999999998,,0,,16.594580999999998,,9.3534,,5.341857,
2025,03,BSNZ,ZZ,REP,"","",99019958,"",,"",0,0,0,,0,,0,,-0.13345200000000002,,-3.277945,
2025,03,BSNZ,ZZ,REP,"","",99019966,"",,"",0,0,0,,0,,0,,-0.028566,,-0.70166,
2025,03,BSNZ,ZZ,REP,"","",99019988,"",,"",0,0,304.308435,,0,,304.308435,,247.09412700000004,,111.735779,
2025,03,BSNZ,ZZ,REP,"","",99020019,"",,"",0,0,1135.71258,,0,,1135.71258,,793.5391189999999,,441.788567,
2025,03,BSNZ,ZZ,REP,"","",99020031,"",,"",0,0,647.702356,,0,,647.702356,,493.941587,,247.687131,
2025,03,BSNZ,ZZ,REP,"","",99020036,"",,"",0,0,0,,0,,0,,-0.067904,,-1.667902,
2025,03,BSNZ,ZZ,REP,"","",99020063,"",,"",0,0,1602.638974,,0,,1602.638974,,1334.585003,,640.1294379999999,
2025,03,BSNZ,ZZ,REP,"","",99020066,"",,"",0,0,0,,0,,0,,-0.052322,,-1.285173,
2025,03,BSNZ,ZZ,REP,"","",99020070,"",,"",0,0,0,,0,,0,,-0.0676,,-1.66043,
2025,03,BSNZ,ZZ,REP,"","",99020072,"",,"",0,0,0,,0,,0,,-0.021632,,-0.531338,
2025,03,BSNZ,ZZ,REP,"","",99020075,"",,"",0,0,0,,0,,0,,-0.249857,,-6.137143,
2025,03,BSNZ,ZZ,REP,"","",99020082,"",,"",0,0,0,,0,,0,,-0.06422,,-1.5774099999999998,
2025,03,BSNZ,ZZ,REP,"","",99020083,"",,"",0,0,135.944908,,0,,135.944908,,115.768503,,53.989028000000005,
2025,03,BSNZ,ZZ,REP,"","",99020086,"",,"",0,0,0,,0,,0,,-0.157039,,-3.857308,
2025,03,BSNZ,ZZ,REP,"","",99020098,"",,"",0,0,93.391979,,0,,93.391979,,52.097772,,37.302821,
2025,03,BSNZ,ZZ,REP,"","",99020099,"",,"",0,0,420.185736,,0,,420.185736,,387.50887,,167.831473,
2025,03,BSNZ,ZZ,REP,"","",99020102,"",,"",0,0,1820.266966,,0,,1820.266966,,1481.53706,,727.05487,
2025,03,BSNZ,ZZ,REP,"","",99020106,"",,"",0,0,0,,0,,0,,-0.060733,,-1.491768,
2025,03,BSNZ,ZZ,REP,"","",99020109,"",,"",0,0,174.963391,,0,,174.963391,,109.895589,,69.884246,
2025,03,BSNZ,ZZ,REP,"","",99020111,"",,"",0,0,0,,0,,0,,-0.068432,,-1.680866,
2025,03,BSNZ,ZZ,REP,"","",99020124,"",,"",0,0,0,,0,,0,,-0.25827,,-6.343802,
2025,03,BSNZ,ZZ,REP,"","",99020126,"",,"",0,0,4970.557218,,0,,4970.557218,,3757.344771,,1928.007865,
2025,03,BSNZ,ZZ,REP,"","",99020127,"",,"",0,0,123.108117,,0,,123.108117,,95.987624,,40.622419999999984,
2025,03,BSNZ,ZZ,REP,"","",99020147,"",,"",0,0,0,,0,,0,,-0.179399,,-4.406527,
2025,03,BSNZ,ZZ,REP,"","",99020148,"",,"",0,0,134.565748,,0,,134.565748,,80.518856,,53.748535,
2025,03,BSNZ,ZZ,REP,"","",99020151,"",,"",0,0,0,,0,,0,,-0.181999,,-4.47039,
2025,03,BSNZ,ZZ,REP,"","",99020159,"",,"",0,0,368.453302,,0,,368.453302,,281.12049199999996,,144.099728,
2025,03,BSNZ,ZZ,REP,"","",99020160,"",,"",0,0,0,,0,,0,,-0.416295,,-10.225314000000001,
2025,03,BSNZ,ZZ,REP,"","",99020162,"",,"",0,0,0,,0,,0,,-0.114267,,-2.806702,
2025,03,BSNZ,ZZ,REP,"","",99020163,"",,"",0,0,0,,0,,0,,-1.921139,,-47.188346,
2025,03,BSNZ,ZZ,REP,"","",99020185,"",,"",0,0,279.209968,,0,,279.209968,,170.430505,,104.41758800000001,
2025,03,BSNZ,ZZ,REP,"","",99020189,"",,"",0,0,0,,0,,0,,-0.139131,,-3.417421,
2025,03,BSNZ,ZZ,REP,"","",99020195,"",,"",0,0,0,,0,,0,,-0.258959,,-6.360726,
2025,03,BSNZ,ZZ,REP,"","",99020201,"",,"",0,0,160.808861,,0,,160.808861,,130.00389,,64.230614,
2025,03,BSNZ,ZZ,REP,"","",99020212,"",,"",0,0,0,,0,,0,,-0.197599,,-4.853566,
2025,03,BSNZ,ZZ,REP,"","",99020215,"",,"",0,0,725.87333,,0,,725.87333,,567.054473,,252.57017199999996,
2025,03,BSNZ,ZZ,REP,"","",99020217,"",,"",0,0,0,,0,,0,,-1.174805,,-28.856365,
2025,03,BSNZ,ZZ,REP,"","",99020223,"",,"",0,0,212.178358,,0,,212.178358,,169.269985,,84.748727,
2025,03,BSNZ,ZZ,REP,"","",99020233,"",,"",0,0,0,,0,,0,,-0.003136,,-0.077018,
2025,03,BSNZ,ZZ,REP,"","",99020242,"",,"",0,0,0,,0,,0,,-0.016544,,-0.406358,
2025,03,BSNZ,ZZ,REP,"","",99020250,"",,"",0,0,176.666401,,0,,176.666401,,135.43371199999999,,67.36673400000001,
2025,03,BSNZ,ZZ,REP,"","",99020259,"",,"",0,0,0,,0,,0,,-0.034419,,-0.845415,
2025,03,BSNZ,ZZ,REP,"","",99020262,"",,"",0,0,0,,0,,0,,-0.001425,,-0.034997,
2025,03,BSNZ,ZZ,REP,"","",99020264,"",,"",0,0,0,,0,,0,,-0.081712,,-2.007077,
2025,03,BSNZ,ZZ,REP,"","",99020275,"",,"",0,0,0,,0,,0,,-0.08255,,-2.027641,
2025,03,BSNZ,ZZ,REP,"","",99020297,"",,"",0,0,661.013756,,0,,661.013756,,578.321851,,264.023508,
2025,03,BSNZ,ZZ,REP,"","",99020309,"",,"",0,0,307.100255,,0,,307.100255,,249.180059,,119.150182,
2025,03,BSNZ,ZZ,REP,"","",99020312,"",,"",0,0,0,,0,,0,,-0.02132,,-0.523674,
2025,03,BSNZ,ZZ,REP,"","",99020314,"",,"",0,0,0,,0,,0,,-0.068489,,-1.682271,
2025,03,BSNZ,ZZ,REP,"","",99020329,"",,"",0,0,0,,0,,0,,-0.184984,,-4.543704,
2025,03,BSNZ,ZZ,REP,"","",99020332,"",,"",0,0,490.690371,,0,,490.690371,,383.628043,,187.35834499999999,
2025,03,BSNZ,ZZ,REP,"","",99020333,"",,"",0,0,599.666292,,0,,599.666292,,481.939625,,237.404203,
2025,03,BSNZ,ZZ,REP,"","",99020334,"",,"",0,0,2233.4564,,0,,2233.4564,,1820.040195,,892.091864,
2025,03,BSNZ,ZZ,REP,"","",99020339,"",,"",0,0,0,,0,,0,,-0.474498,,-11.654944,
2025,03,BSNZ,ZZ,REP,"","",99020340,"",,"",0,0,0,,0,,0,,-0.255407,,-6.273489,
2025,03,BSNZ,ZZ,REP,"","",99020348,"",,"",0,0,33.362255000000005,,0,,33.362255000000005,,18.127345000000002,,13.195534,
2025,03,BSNZ,ZZ,REP,"","",99020386,"",,"",0,0,301.734376,,0,,301.734376,,203.81389500000003,,119.605121,
2025,03,BSNZ,ZZ,REP,"","",99020388,"",,"",0,0,0,,0,,0,,-0.275076,,-6.75661,
2025,03,BSNZ,ZZ,REP,"","",99020389,"",,"",0,0,0,,0,,0,,-0.07228,,-1.775383,
2025,03,BSNZ,ZZ,REP,"","",99020404,"",,"",0,0,1190.867785,,0,,1190.867785,,959.472044,,475.658922,
2025,03,BSNZ,ZZ,REP,"","",99020410,"",,"",0,0,602.75963,,0,,602.75963,,479.275079,,240.755522,
2025,03,BSNZ,ZZ,REP,"","",99020413,"",,"",0,0,225.456256,,0,,225.456256,,176.649457,,90.052213,
2025,03,BSNZ,ZZ,REP,"","",99020423,"",,"",0,0,92.130077,,0,,92.130077,,71.244047,,36.798789,
2025,03,BSNZ,ZZ,REP,"","",99020431,"",,"",0,0,0,,0,,0,,-0.446756,,-10.973529,
2025,03,BSNZ,ZZ,REP,"","",99020436,"",,"",0,0,267.333564,,0,,267.333564,,213.6117,,106.778936,
2025,03,BSNZ,ZZ,REP,"","",99020439,"",,"",0,0,0,,0,,0,,0.105489,,2.591102,
2025,03,BSNZ,ZZ,REP,"","",99020442,"",,"",0,0,0,,0,,0,,-0.068744,,-1.68853,
2025,03,BSNZ,ZZ,REP,"","",99020443,"",,"",0,0,0,,0,,0,,-0.037206,,-0.913875,
2025,03,BSNZ,ZZ,REP,"","",99020446,"",,"",0,0,82.637887,,0,,82.637887,,61.206852,,33.007399,
2025,03,BSNZ,ZZ,REP,"","",99020454,"",,"",0,0,0,,0,,0,,-0.225679,,-5.543283,
2025,03,BSNZ,ZZ,REP,"","",99020473,"",,"",0,0,0,,0,,0,,-0.244919,,-6.015867,
2025,03,BSNZ,ZZ,REP,"","",99020482,"",,"",0,0,457.852978,,0,,457.852978,,393.593427,,182.876602,
2025,03,BSNZ,ZZ,REP,"","",99020484,"",,"",0,0,0,,0,,0,,-2.1680420000000002,,-53.25294099999999,
2025,03,BSNZ,ZZ,REP,"","",99020485,"",,"",0,0,103.101931,,0,,103.101931,,83.921001,,39.020077,
2025,03,BSNZ,ZZ,REP,"","",99020496,"",,"",0,0,1884.478838,,0,,1884.478838,,1522.008197,,738.333401,
2025,03,BSNZ,ZZ,REP,"","",99020512,"",,"",0,0,814.653222,,0,,814.653222,,574.047429,,300.505254,
2025,03,BSNZ,ZZ,REP,"","",99020519,"",,"",0,0,0,,0,,0,,-0.154959,,-3.806217,
2025,03,BSNZ,ZZ,REP,"","",99020522,"",,"",0,0,0,,0,,0,,-0.0195,,-0.47897,
2025,03,BSNZ,ZZ,REP,"","",99020542,"",,"",0,0,0,,0,,0,,-0.731112,,-17.958066,
2025,03,BSNZ,ZZ,REP,"","",99020548,"",,"",0,0,0,,0,,0,,-0.116999,,-2.873822,
2025,03,BSNZ,ZZ,REP,"","",99020567,"",,"",0,0,0,,0,,0,,-0.11232,,-2.758869,
2025,03,BSNZ,ZZ,REP,"","",99020569,"",,"",0,0,7362.929625,,0,,7362.929625,,5733.219427,,2903.135123,
2025,03,BSNZ,ZZ,REP,"","",99020572,"",,"",0,0,0,,0,,0,,-0.03926,,-0.964327,
2025,03,BSNZ,ZZ,REP,"","",99020587,"",,"",0,0,2479.1366040000003,,0,,2479.1366040000003,,1206.859498,,981.6515939999999,
2025,03,BSNZ,ZZ,REP,"","",99020591,"",,"",0,0,0,,0,,0,,-0.155999,,-3.831762,
2025,03,BSNZ,ZZ,REP,"","",99020596,"",,"",0,0,195.527941,,0,,195.527941,,161.089101,,75.972895,
2025,03,BSNZ,ZZ,REP,"","",99020599,"",,"",0,0,0,,0,,0,,-0.123759,,-3.039865,
2025,03,BSNZ,ZZ,REP,"","",99020601,"",,"",0,0,2791.8205,,0,,2791.8205,,2562.42449,,1083.183477,
2025,03,BSNZ,ZZ,REP,"","",99020606,"",,"",0,0,0,,0,,0,,-0.033948,,-0.833855,
2025,03,BSNZ,ZZ,REP,"","",99020608,"",,"",0,0,223.34564,,0,,223.34564,,183.124432,,87.105293,
2025,03,BSNZ,ZZ,REP,"","",99020637,"",,"",0,0,128.418159,,0,,128.418159,,113.380585,,51.293052,
2025,03,BSNZ,ZZ,REP,"","",99020652,"",,"",0,0,0,,0,,0,,-0.043261,,-1.062612,
2025,03,BSNZ,ZZ,REP,"","",99020658,"",,"",0,0,284.754525,,0,,284.754525,,212.09918100000002,,110.53134400000002,
2025,03,BSNZ,ZZ,REP,"","",99020665,"",,"",0,0,204.093246,,0,,204.093246,,141.74678799999998,,81.519355,
2025,03,BSNZ,ZZ,REP,"","",99020666,"",,"",0,0,2172.030765,,0,,2172.030765,,1824.7474750000001,,850.186451,
2025,03,BSNZ,ZZ,REP,"","",99020669,"",,"",0,0,0,,0,,0,,-0.479547,,-11.778966,
2025,03,BSNZ,ZZ,REP,"","",99020670,"",,"",0,0,0,,0,,0,,-0.298167,,-7.323775,
2025,03,BSNZ,ZZ,REP,"","",99020672,"",,"",0,0,0,,0,,0,,-0.155999,,-3.831762,
2025,03,BSNZ,ZZ,REP,"","",99020682,"",,"",0,0,0,,0,,0,,-0.207974,,-5.108378,
2025,03,BSNZ,ZZ,REP,"","",99020687,"",,"",0,0,0,,0,,0,,-0.055809,,-1.370813,
2025,03,BSNZ,ZZ,REP,"","",99020704,"",,"",0,0,0,,0,,0,,-0.007799,,-0.1915880000000003,
2025,03,BSNZ,ZZ,REP,"","",99020707,"",,"",0,0,145.174666,,0,,145.174666,,73.959569,,57.985971,
2025,03,BSNZ,ZZ,REP,"","",99020709,"",,"",0,0,4163.0957260000005,,0,,4163.0957260000005,,3399.795156,,1631.261561,
2025,03,BSNZ,ZZ,REP,"","",99020713,"",,"",0,0,0,,0,,0,,-0.232262,,-5.704983,
2025,03,BSNZ,ZZ,REP,"","",99020715,"",,"",0,0,0,,0,,0,,-0.33296,,-8.178386,
2025,03,BSNZ,ZZ,REP,"","",99020733,"",,"",0,0,0,,0,,0,,-0.0169,,-0.415108,
2025,03,BSNZ,ZZ,REP,"","",99020750,"",,"",0,0,1753.922143,,0,,1753.922143,,1254.517316,,700.555281,
2025,03,BSNZ,ZZ,REP,"","",99020754,"",,"",0,0,78.16539,,0,,78.16539,,81.845472,,27.369488999999998,
2025,03,BSNZ,ZZ,REP,"","",99020757,"",,"",0,0,0,,0,,0,,-0.04381,,-1.076087,
2025,03,BSNZ,ZZ,REP,"","",99020765,"",,"",0,0,0,,0,,0,,-0.298999,,-7.344211,
2025,03,BSNZ,ZZ,REP,"","",99020768,"",,"",0,0,0,,0,,0,,-0.053856,,-1.322852,
2025,03,BSNZ,ZZ,REP,"","",99020770,"",,"",0,0,1219.467194,,0,,1219.467194,,991.50045,,487.082158,
2025,03,BSNZ,ZZ,REP,"","",99020771,"",,"",0,0,571.653166,,0,,571.653166,,467.694128,,228.330913,
2025,03,BSNZ,ZZ,REP,"","",99020772,"",,"",0,0,12.28401,,0,,12.28401,,9.097184,,4.906505,
2025,03,BSNZ,ZZ,REP,"","",99020778,"",,"",0,0,301.516614,,0,,301.516614,,247.791475,,120.432402,
2025,03,BSNZ,ZZ,REP,"","",99020793,"",,"",0,0,47.460949,,0,,47.460949,,38.655753,,18.956952,
2025,03,BSNZ,ZZ,REP,"","",99020804,"",,"",0,0,0,,0,,0,,-0.261413,,-6.421012,
2025,03,BSNZ,ZZ,REP,"","",99020809,"",,"",0,0,0,,0,,0,,-0.078975,,-1.93983,
2025,03,BSNZ,ZZ,REP,"","",99020810,"",,"",0,0,320.623834,,0,,320.623834,,233.55602299999998,,128.064248,
2025,03,BSNZ,ZZ,REP,"","",99020835,"",,"",0,0,0,,0,,0,,0,,0,
2025,03,BSNZ,ZZ,REP,"","",99020837,"",,"",0,0,0,,0,,0,,-0.13884,,-3.4102679999999994,
2025,03,BSNZ,ZZ,REP,"","",99020848,"",,"",0,0,0,,0,,0,,-0.074474,,-1.829283,
2025,03,BSNZ,ZZ,REP,"","",99020857,"",,"",0,0,0,,0,,0,,-0.285156,,-7.004206,
2025,03,BSNZ,ZZ,REP,"","",99020859,"",,"",0,0,0,,0,,0,,-0.163799,,-4.023351,
2025,03,BSNZ,ZZ,REP,"","",99020863,"",,"",0,0,0,,0,,0,,-0.057717,,-1.417688,
2025,03,BSNZ,ZZ,REP,"","",99020875,"",,"",0,0,0,,0,,0,,-0.186575,,-4.582788,
2025,03,BSNZ,ZZ,REP,"","",99020913,"",,"",0,0,0,,0,,0,,-0.522639,,-12.837426,
2025,03,BSNZ,ZZ,REP,"","",99020915,"",,"",0,0,339.870644,,0,,339.870644,,298.52688800000004,,102.16287499999999,
2025,03,BSNZ,ZZ,REP,"","",99020922,"",,"",0,0,0,,0,,0,,-0.07618,,-1.871177,
2025,03,BSNZ,ZZ,REP,"","",99020931,"",,"",0,0,156.336364,,0,,156.336364,,147.2537,,62.4442,
2025,03,BSNZ,ZZ,REP,"","",99020934,"",,"",0,0,0,,0,,0,,-0.072958,,-1.792051,
2025,03,BSNZ,ZZ,REP,"","",99020937,"",,"",0,0,536.007201,,0,,536.007201,,409.150226,,214.093127,
2025,03,BSNZ,ZZ,REP,"","",99020949,"",,"",0,0,74.558358,,0,,74.558358,,66.855035,,29.20447,
2025,03,BSNZ,ZZ,REP,"","",99020955,"",,"",0,0,928.04022,,0,,928.04022,,618.591825,,367.410521,
2025,03,BSNZ,ZZ,REP,"","",99020963,"",,"",0,0,0,,0,,0,,-0.331369,,-8.139301999999999,
2025,03,BSNZ,ZZ,REP,"","",99020967,"",,"",0,0,132.326708,,0,,132.326708,,70.729624,,49.032413,
2025,03,BSNZ,ZZ,REP,"","",99020971,"",,"",0,0,80.79528600000002,,0,,80.79528600000002,,41.765373,,31.108994000000003,
2025,03,BSNZ,ZZ,REP,"","",99020972,"",,"",0,0,0,,0,,0,,-0.0962,,-2.36292,
2025,03,BSNZ,ZZ,REP,"","",99020985,"",,"",0,0,324.91207,,0,,324.91207,,345.034606,,129.777064,
2025,03,BSNZ,ZZ,REP,"","",99020989,"",,"",0,0,0,,0,,0,,-0.062954,,-1.546308,
2025,03,BSNZ,ZZ,REP,"","",99021023,"",,"",0,0,0,,0,,0,,-0.107757,,-2.64679,
2025,03,BSNZ,ZZ,REP,"","",99021030,"",,"",0,0,132.05311,,0,,132.05311,,67.72682300000001,,52.744930999999994,
2025,03,BSNZ,ZZ,REP,"","",99021031,"",,"",0,0,0,,0,,0,,-0.909996,,-22.351948,
2025,03,BSNZ,ZZ,REP,"","",99021033,"",,"",0,0,0,,0,,0,,-0.122709,,-3.014064,
2025,03,BSNZ,ZZ,REP,"","",99021046,"",,"",0,0,1196.462594,,0,,1196.462594,,961.706793,,462.38289299999997,
2025,03,BSNZ,ZZ,REP,"","",99021053,"",,"",0,0,139.585441,,0,,139.585441,,99.56999,,55.753511,
2025,03,BSNZ,ZZ,REP,"","",99021065,"",,"",0,0,0,,0,,0,,-2.170991,,-53.325361,
2025,03,BSNZ,ZZ,REP,"","",99021070,"",,"",0,0,0,,0,,0,,-0.868604,,-21.335253,
2025,03,BSNZ,ZZ,REP,"","",99021076,"",,"",0,0,735.544196,,0,,735.544196,,561.445341,,293.792614,
2025,03,BSNZ,ZZ,REP,"","",99021091,"",,"",0,0,0,,0,,0,,-0.879836,,-21.61114,
2025,03,BSNZ,ZZ,REP,"","",99021092,"",,"",0,0,0,,0,,0,,-0.08112,,-1.992516,
2025,03,BSNZ,ZZ,REP,"","",99021131,"",,"",0,0,475.994228,,0,,475.994228,,446.879268,,190.122618,
2025,03,BSNZ,ZZ,REP,"","",99021132,"",,"",0,0,1094.393636,,0,,1094.393636,,852.099907,,437.125014,
2025,03,BSNZ,ZZ,REP,"","",99021138,"",,"",0,0,0,,0,,0,,-0.1053,,-2.58644,
2025,03,BSNZ,ZZ,REP,"","",99021140,"",,"",0,0,0,,0,,0,,-0.14764,,-3.626444,
2025,03,BSNZ,ZZ,REP,"","",99021157,"",,"",0,0,0,,0,,0,,-0.274533,,-6.743263,
2025,03,BSNZ,ZZ,REP,"","",99021177,"",,"",0,0,0,,0,,0,,-0.131289,,-3.224811,
2025,03,BSNZ,ZZ,REP,"","",99021187,"",,"",0,0,505.297176,,0,,505.297176,,404.03284799999994,,195.880989,
2025,03,BSNZ,ZZ,REP,"","",99021221,"",,"",0,0,138.658557,,0,,138.658557,,125.242412,,55.383293,
2025,03,BSNZ,ZZ,REP,"","",99021224,"",,"",0,0,195.427435,,0,,195.427435,,173.4583,,78.058038,
2025,03,BSNZ,ZZ,REP,"","",99021230,"",,"",0,0,56.49528,,0,,56.49528,,41.037271,,22.565464,
2025,03,BSNZ,ZZ,REP,"","",99021235,"",,"",0,0,547.191234,,0,,547.191234,,427.815337,,207.06499000000002,
2025,03,BSNZ,ZZ,REP,"","",99021237,"",,"",0,0,668.361828,,0,,668.361828,,620.296877,,266.95849,
2025,03,BSNZ,ZZ,REP,"","",99021240,"",,"",0,0,0,,0,,0,,-0.07228,,-1.775383,
2025,03,BSNZ,ZZ,REP,"","",99021243,"",,"",0,0,0,,0,,0,,-0.122138,,-3.000014,
2025,03,BSNZ,ZZ,REP,"","",99021244,"",,"",0,0,0,,0,,0,,-0.021525,,-0.528719,
2025,03,BSNZ,ZZ,REP,"","",99021253,"",,"",0,0,0,,0,,0,,-0.02886,,-0.708876,
2025,03,BSNZ,ZZ,REP,"","",99021261,"",,"",0,0,0,,0,,0,,-0.727997,,-17.881558,
2025,03,BSNZ,ZZ,REP,"","",99021273,"",,"",0,0,92.130077,,0,,92.130077,,58.31617099999999,,35.521534,
2025,03,BSNZ,ZZ,REP,"","",99021276,"",,"",0,0,0,,0,,0,,-0.065,,-1.596568,
2025,03,BSNZ,ZZ,REP,"","",99021279,"",,"",0,0,0,,0,,0,,-0.0676,,-1.66043,
2025,03,BSNZ,ZZ,REP,"","",99021282,"",,"",0,0,474.609485,,0,,474.609485,,435.09715,,161.2049,
2025,03,BSNZ,ZZ,REP,"","",99021323,"",,"",0,0,0,,0,,0,,-0.0325,,-0.798284,
2025,03,BSNZ,ZZ,REP,"","",99021327,"",,"",0,0,75.379154,,0,,75.379154,,47.858309999999996,,28.275239999999997,
2025,03,BSNZ,ZZ,REP,"","",99021328,"",,"",0,0,152.80192,,0,,152.80192,,113.816524,,61.032465,
2025,03,BSNZ,ZZ,REP,"","",99021340,"",,"",0,0,143.795507,,0,,143.795507,,101.222899,,57.435104,
2025,03,BSNZ,ZZ,REP,"","",99021355,"",,"",0,0,0,,0,,0,,-0.544856,,-13.383132999999999,
2025,03,BSNZ,ZZ,REP,"","",99021374,"",,"",0,0,0,,0,,0,,-0.162239,,-3.985033,
2025,03,BSNZ,ZZ,REP,"","",99021404,"",,"",0,0,8174.450424,,0,,8174.450424,,6918.968683,,3221.310269,
2025,03,BSNZ,ZZ,REP,"","",99021406,"",,"",0,0,132.890656,,0,,132.890656,,103.947872,,53.079466,
2025,03,BSNZ,ZZ,REP,"","",99021408,"",,"",0,0,0,,0,,0,,-0.04186,,-1.02819,
2025,03,BSNZ,ZZ,REP,"","",99021414,"",,"",0,0,325.269423,,0,,325.269423,,315.892753,,129.919799,
2025,03,BSNZ,ZZ,REP,"","",99021416,"",,"",0,0,663.057369,,0,,663.057369,,527.979618,,257.860281,
2025,03,BSNZ,ZZ,REP,"","",99021417,"",,"",0,0,336.330616,,0,,336.330616,,300.948909,,128.48078,
2025,03,BSNZ,ZZ,REP,"","",99021420,"",,"",0,0,451.470877,,0,,451.470877,,321.850348,,175.719435,
2025,03,BSNZ,ZZ,REP,"","",99021424,"",,"",0,0,446.523771,,0,,446.523771,,244.585553,,170.187769,
2025,03,BSNZ,ZZ,REP,"","",99021427,"",,"",0,0,0,,0,,0,,-0.328899,,-8.078633,
2025,03,BSNZ,ZZ,REP,"","",99021429,"",,"",0,0,185.159119,,0,,185.159119,,148.753726,,73.956646,
2025,03,BSNZ,ZZ,REP,"","",99021440,"",,"",0,0,0,,0,,0,,-0.320761,,-7.878742,
2025,03,BSNZ,ZZ,REP,"","",99021449,"",,"",0,0,159.133769,,0,,159.133769,,152.651196,,63.561545,
2025,03,BSNZ,ZZ,REP,"","",99021452,"",,"",0,0,0,,0,,0,,-0.027695,,-0.680266,
2025,03,BSNZ,ZZ,REP,"","",99021459,"",,"",0,0,527.14038,,0,,527.14038,,402.61657299999996,,208.62810499999998,
2025,03,BSNZ,ZZ,REP,"","",99021474,"",,"",0,0,141.143277,,0,,141.143277,,123.600363,,56.375745,
2025,03,BSNZ,ZZ,REP,"","",99021496,"",,"",0,0,382.775341,,0,,382.775341,,292.173227,,152.888934,
2025,03,BSNZ,ZZ,REP,"","",99021509,"",,"",0,0,206.550048,,0,,206.550048,,143.435707,,82.037779,
2025,03,BSNZ,ZZ,REP,"","",99021511,"",,"",0,0,0,,0,,0,,-0.115699,,-2.84189,
2025,03,BSNZ,ZZ,REP,"","",99021514,"",,"",0,0,85.094689,,0,,85.094689,,64.461221,,28.775460000000002,
2025,03,BSNZ,ZZ,REP,"","",99021518,"",,"",0,0,6724.490529,,0,,6724.490529,,4822.784266,,2647.378365,
2025,03,BSNZ,ZZ,REP,"","",99021525,"",,"",0,0,0,,0,,0,,-0.490878,,-12.057279,
2025,03,BSNZ,ZZ,REP,"","",99021528,"",,"",0,0,0,,0,,0,,0,,0,
2025,03,BSNZ,ZZ,REP,"","",99021533,"",,"",0,0,0,,0,,0,,-0.345019,,-8.474581,
2025,03,BSNZ,ZZ,REP,"","",99021557,"",,"",0,0,0,,0,,0,,-0.02184,,-0.536447,
2025,03,BSNZ,ZZ,REP,"","",99021559,"",,"",0,0,0,,0,,0,,-0.042133,,-1.034895,
2025,03,BSNZ,ZZ,REP,"","",99021561,"",,"",0,0,206.097773,,0,,206.097773,,148.40577100000002,,80.648656,
2025,03,BSNZ,ZZ,REP,"","",99021573,"",,"",0,0,0,,0,,0,,-0.06422,,-1.577409,
2025,03,BSNZ,ZZ,REP,"","",99021577,"",,"",0,0,0,,0,,0,,-0.104,,-2.554508,
2025,03,BSNZ,ZZ,REP,"","",99021579,"",,"",0,0,0,,0,,0,,-0.063913,,-1.569873,
2025,03,BSNZ,ZZ,REP,"","",99021596,"",,"",0,0,0,,0,,0,,-0.586017,,-14.394143,
2025,03,BSNZ,ZZ,REP,"","",99021597,"",,"",0,0,622.397295,,0,,622.397295,,475.069318,,248.59924,
2025,03,BSNZ,ZZ,REP,"","",99021601,"",,"",0,0,0,,0,,0,,-0.377643,,-9.275931,
2025,03,BSNZ,ZZ,REP,"","",99021602,"",,"",0,0,0,,0,,0,,-0.167201,,-4.106883,
2025,03,BSNZ,ZZ,REP,"","",99021603,"",,"",0,0,0,,0,,0,,-0.566798,,-13.92207,
2025,03,BSNZ,ZZ,REP,"","",99021608,"",,"",0,0,0,,0,,0,,-0.07624500000000001,,-1.8727740000000002,
2025,03,BSNZ,ZZ,REP,"","",99021609,"",,"",0,0,0,,0,,0,,-2.027211,,-49.793753,
2025,03,BSNZ,ZZ,REP,"","",99021622,"",,"",0,0,583.496068,,0,,583.496068,,613.305469,,233.06123,
2025,03,BSNZ,ZZ,REP,"","",99021623,"",,"",0,0,0,,0,,0,,-0.018197,,-0.446975,
2025,03,BSNZ,ZZ,REP,"","",99021627,"",,"",0,0,0,,0,,0,,-0.077477,,-1.903045,
2025,03,BSNZ,ZZ,REP,"","",99021631,"",,"",0,0,0,,0,,0,,-0.025506,,-0.626493,
2025,03,BSNZ,ZZ,REP,"","",99021646,"",,"",0,0,0,,0,,0,,-0.078,,-1.915881,
2025,03,BSNZ,ZZ,REP,"","",99021650,"",,"",0,0,106.089179,,0,,106.089179,,98.439481,,39.262398000000005,
2025,03,BSNZ,ZZ,REP,"","",99021656,"",,"",0,0,0,,0,,0,,-0.071682,,-1.760695,
2025,03,BSNZ,ZZ,REP,"","",99021658,"",,"",0,0,0,,0,,0,,-0.02444,,-0.600309,
2025,03,BSNZ,ZZ,REP,"","",99021659,"",,"",0,0,0,,0,,0,,0,,0,
2025,03,BSNZ,ZZ,REP,"","",99021661,"",,"",0,0,324.532382,,0,,324.532382,,304.715669,,129.625408,
2025,03,BSNZ,ZZ,REP,"","",99021662,"",,"",0,0,1116.7282,,0,,1116.7282,,850.721831,,446.045932,
2025,03,BSNZ,ZZ,REP,"","",99021677,"",,"",0,0,0,,0,,0,,-0.473198,,-11.623013,
2025,03,BSNZ,ZZ,REP,"","",99021679,"",,"",0,0,0,,0,,0,,0,,0,
2025,03,BSNZ,ZZ,REP,"","",99021683,"",,"",0,0,0,,0,,0,,-0.00637,,-0.156464,
2025,03,BSNZ,ZZ,REP,"","",99021707,"",,"",0,0,1077.598044,,0,,1077.598044,,941.810483,,427.218495,
2025,03,BSNZ,ZZ,REP,"","",99021718,"",,"",0,0,0,,0,,0,,-0.075223,,-1.847676,
2025,03,BSNZ,ZZ,REP,"","",99021745,"",,"",0,0,0,,0,,0,,-0.0091,,-0.223519,
2025,03,BSNZ,ZZ,REP,"","",99021746,"",,"",0,0,0,,0,,0,,-0.066016,,-1.621538,
2025,03,BSNZ,ZZ,REP,"","",99021750,"",,"",0,0,7851.492629,,0,,7851.492629,,6405.328334,,3136.0597399999997,
2025,03,BSNZ,ZZ,REP,"","",99021771,"",,"",0,0,353.729241,,0,,353.729241,,214.648958,,141.287279,
2025,03,BSNZ,ZZ,REP,"","",99021784,"",,"",0,0,212.876313,,0,,212.876313,,173.02538,,82.409135,
2025,03,BSNZ,ZZ,REP,"","",99021788,"",,"",0,0,0,,0,,0,,-0.089393,,-2.195728,
2025,03,BSNZ,ZZ,REP,"","",99021791,"",,"",0,0,0,,0,,0,,-0.207253,,-5.090688,
2025,03,BSNZ,ZZ,REP,"","",99021804,"",,"",0,0,0,,0,,0,,-0.058487,,-1.436592,
2025,03,BSNZ,ZZ,REP,"","",99021812,"",,"",0,0,0,,0,,0,,-0.441998,,-10.85666,
2025,03,BSNZ,ZZ,REP,"","",99021817,"",,"",0,0,990.046553,,0,,990.046553,,877.160903,,392.266119,
2025,03,BSNZ,ZZ,REP,"","",99021819,"",,"",0,0,926.884406,,0,,926.884406,,972.35504,,370.218124,
2025,03,BSNZ,ZZ,REP,"","",99021825,"",,"",0,0,1736.490016,,0,,1736.490016,,1559.4299099999998,,686.6966080000001,
2025,03,BSNZ,ZZ,REP,"","",99021831,"",,"",0,0,1173.698089,,0,,1173.698089,,1028.062089,,468.800965,
2025,03,BSNZ,ZZ,REP,"","",99021832,"",,"",0,0,0,,0,,0,,-0.150799,,-3.704037,
2025,03,BSNZ,ZZ,REP,"","",99021841,"",,"",0,0,162.824555,,0,,162.824555,,105.167775,,57.79216399999999,
2025,03,BSNZ,ZZ,REP,"","",99021844,"",,"",0,0,315.933575,,0,,315.933575,,206.8876,,126.190855,
2025,03,BSNZ,ZZ,REP,"","",99021850,"",,"",0,0,138.474297,,0,,138.474297,,129.642395,,53.7259,
2025,03,BSNZ,ZZ,REP,"","",99021852,"",,"",0,0,0,,0,,0,,-0.0338,,-0.830215,
2025,03,BSNZ,ZZ,REP,"","",99021857,"",,"",0,0,0,,0,,0,,-0.05148,,-1.264482,
2025,03,BSNZ,ZZ,REP,"","",99021859,"",,"",0,0,0,,0,,0,,-0.108852,,-2.673676,
2025,03,BSNZ,ZZ,REP,"","",99021869,"",,"",0,0,235.462141,,0,,235.462141,,180.579396,,94.048785,
2025,03,BSNZ,ZZ,REP,"","",99021871,"",,"",0,0,132.723147,,0,,132.723147,,72.91941999999999,,50.73183,
2025,03,BSNZ,ZZ,REP,"","",99021874,"",,"",0,0,0,,0,,0,,-0.0286,,-0.70249,
2025,03,BSNZ,ZZ,REP,"","",99021875,"",,"",0,0,0,,0,,0,,-0.08008,,-1.966971,
2025,03,BSNZ,ZZ,REP,"","",99021877,"",,"",0,0,0,,0,,0,,-0.05538,,-1.360276,
2025,03,BSNZ,ZZ,REP,"","",99021878,"",,"",0,0,0,,0,,0,,-0.0806,,-1.979744,
2025,03,BSNZ,ZZ,REP,"","",99021879,"",,"",0,0,0,,0,,0,,-0.107044,,-2.629292,
2025,03,BSNZ,ZZ,REP,"","",99021882,"",,"",0,0,0,,0,,0,,-0.03094,,-0.759966,
2025,03,BSNZ,ZZ,REP,"","",99021886,"",,"",0,0,61.420051,,0,,61.420051,,46.007104,,23.619289000000002,
2025,03,BSNZ,ZZ,REP,"","",99021900,"",,"",0,0,791.146093,,0,,791.146093,,596.803335,,316.001241,
2025,03,BSNZ,ZZ,REP,"","",99021903,"",,"",0,0,563.3167900000001,,0,,563.3167900000001,,381.392464,,220.021549,
2025,03,BSNZ,ZZ,REP,"","",99021912,"",,"",0,0,0,,0,,0,,-0.022365,,-0.549347,
2025,03,BSNZ,ZZ,REP,"","",99021917,"",,"",0,0,0,,0,,0,,-0.056828,,-1.395847,
2025,03,BSNZ,ZZ,REP,"","",99021922,"",,"",0,0,0,,0,,0,,-0.052865999999999996,,-1.2985200000000001,
2025,03,BSNZ,ZZ,REP,"","",99021923,"",,"",0,0,561.624946,,0,,561.624946,,475.48954,,224.32542,
2025,03,BSNZ,ZZ,REP,"","",99021933,"",,"",0,0,18.236172,,0,,18.236172,,9.734703,,7.28393,
2025,03,BSNZ,ZZ,REP,"","",99021936,"",,"",0,0,234.200238,,0,,234.200238,,129.137281,,93.544753,
2025,03,BSNZ,ZZ,REP,"","",99021937,"",,"",0,0,109.997728,,0,,109.997728,,51.157206,,43.935524,
2025,03,BSNZ,ZZ,REP,"","",99021939,"",,"",0,0,0,,0,,0,,-0.03146,,-0.772739,
2025,03,BSNZ,ZZ,REP,"","",99021956,"",,"",0,0,161.367225,,0,,161.367225,,130.011316,,64.453637,
2025,03,BSNZ,ZZ,REP,"","",99021960,"",,"",0,0,104.006481,,0,,104.006481,,79.290392,,39.179567999999996,
2025,03,BSNZ,ZZ,REP,"","",99021994,"",,"",0,0,61.347464,,0,,61.347464,,52.129488,,24.503533,
2025,03,BSNZ,ZZ,REP,"","",99022003,"",,"",0,0,339.396035,,0,,339.396035,,276.034742,,135.56228,
2025,03,BSNZ,ZZ,REP,"","",99022009,"",,"",0,0,103.275024,,0,,103.275024,,76.08251600000001,,41.250328,
2025,03,BSNZ,ZZ,REP,"","",99022013,"",,"",0,0,801.8108480000001,,0,,801.8108480000001,,610.8862770000001,,292.3893780000001,
2025,03,BSNZ,ZZ,REP,"","",99022015,"",,"",0,0,0,,0,,0,,-0.25138499999999997,,-6.174694,
2025,03,BSNZ,ZZ,REP,"","",99022018,"",,"",0,0,471.705992,,0,,471.705992,,535.152461,,180.10765,
2025,03,BSNZ,ZZ,REP,"","",99022029,"",,"",0,0,0,,0,,0,,-0.124971,,-3.069625,
2025,03,BSNZ,ZZ,REP,"","",99022036,"",,"",0,0,991.168865,,0,,991.168865,,916.949158,,395.894758,
2025,03,BSNZ,ZZ,REP,"","",99022048,"",,"",0,0,0,,0,,0,,-0.152749,,-3.751934,
2025,03,BSNZ,ZZ,REP,"","",99022064,"",,"",0,0,446.412098,,0,,446.412098,,294.052472,,178.306861,
2025,03,BSNZ,ZZ,REP,"","",99022067,"",,"",0,0,0,,0,,0,,-0.205818,,-5.055436,
2025,03,BSNZ,ZZ,REP,"","",99022079,"",,"",0,0,0,,0,,0,,-0.166087,,-4.07955,
2025,03,BSNZ,ZZ,REP,"","",99022080,"",,"",0,0,0,,0,,0,,-0.142477,,-3.499613,
2025,03,BSNZ,ZZ,REP,"","",99022085,"",,"",0,0,0,,0,,0,,-1.0531519999999999,,-25.868228000000002,
2025,03,BSNZ,ZZ,REP,"","",99022096,"",,"",0,0,0,,0,,0,,-0.0208,,-0.510902,
2025,03,BSNZ,ZZ,REP,"","",99022097,"",,"",0,0,0,,0,,0,,-0.045297,,-1.112616,
2025,03,BSNZ,ZZ,REP,"","",99022103,"",,"",0,0,0,,0,,0,,-0.142999,,-3.512449,
2025,03,BSNZ,ZZ,REP,"","",99022123,"",,"",0,0,0,,0,,0,,-0.14451799999999998,,-3.5497449999999997,
2025,03,BSNZ,ZZ,REP,"","",99022153,"",,"",0,0,0,,0,,0,,-1.143995,,-28.099591,
2025,03,BSNZ,ZZ,REP,"","",99022158,"",,"",0,0,0,,0,,0,,-0.0455,,-1.117597,
2025,03,BSNZ,ZZ,REP,"","",99022162,"",,"",0,0,117.256461,,0,,117.256461,,63.591104,,45.402446,
2025,03,BSNZ,ZZ,REP,"","",99022166,"",,"",0,0,212.736723,,0,,212.736723,,190.26843100000002,,80.772074,
2025,03,BSNZ,ZZ,REP,"","",99022167,"",,"",0,0,0,,0,,0,,-0.357374,,-8.778057,
2025,03,BSNZ,ZZ,REP,"","",99022170,"",,"",0,0,46.785328,,0,,46.785328,,38.535095,,18.687094,
2025,03,BSNZ,ZZ,REP,"","",99022176,"",,"",0,0,0,,0,,0,,-0.053461,,-1.313145,
2025,03,BSNZ,ZZ,REP,"","",99022187,"",,"",0,0,1218.350466,,0,,1218.350466,,812.333172,,456.842624,
2025,03,BSNZ,ZZ,REP,"","",99022200,"",,"",0,0,0,,0,,0,,-0.81479,,-20.013422999999996,
2025,03,BSNZ,ZZ,REP,"","",99022204,"",,"",0,0,1119.363679,,0,,1119.363679,,973.038616,,447.098601,
2025,03,BSNZ,ZZ,REP,"","",99022206,"",,"",0,0,44.669128,,0,,44.669128,,39.274781,,15.306488000000002,
2025,03,BSNZ,ZZ,REP,"","",99022208,"",,"",0,0,0,,0,,0,,-0.190231,,-4.672579,
2025,03,BSNZ,ZZ,REP,"","",99022223,"",,"",0,0,0,,0,,0,,-0.068057,,-1.67167,
2025,03,BSNZ,ZZ,REP,"","",99022225,"",,"",0,0,311.081391,,0,,311.081391,,169.64669100000003,,119.02881500000001,
2025,03,BSNZ,ZZ,REP,"","",99022228,"",,"",0,0,61.001278,,0,,61.001278,,46.535425000000004,,22.850883,
2025,03,BSNZ,ZZ,REP,"","",99022231,"",,"",0,0,0,,0,,0,,-0.0754,,-1.852019,
2025,03,BSNZ,ZZ,REP,"","",99022232,"",,"",0,0,894.063764,,0,,894.063764,,728.3857370000001,,346.216666,
2025,03,BSNZ,ZZ,REP,"","",99022242,"",,"",0,0,0,,0,,0,,-0.235445,,-5.783151,
2025,03,BSNZ,ZZ,REP,"","",99022245,"",,"",0,0,0,,0,,0,,-0.083137,,-2.042074,
2025,03,BSNZ,ZZ,REP,"","",99022265,"",,"",0,0,371.529888,,0,,371.529888,,272.788037,,148.39725099999998,
2025,03,BSNZ,ZZ,REP,"","",99022271,"",,"",0,0,94.921897,,0,,94.921897,,71.895375,,37.913904,
2025,03,BSNZ,ZZ,REP,"","",99022279,"",,"",0,0,82.928236,,0,,82.928236,,76.310373,,28.908431999999998,
2025,03,BSNZ,ZZ,REP,"","",99022289,"",,"",0,0,0,,0,,0,,-0.07176,,-1.762611,
2025,03,BSNZ,ZZ,REP,"","",99022292,"",,"",0,0,565.064469,,0,,565.064469,,527.909832,,225.699242,
2025,03,BSNZ,ZZ,REP,"","",99022295,"",,"",0,0,0,,0,,0,,-0.24787,,-6.088351,
2025,03,BSNZ,ZZ,REP,"","",99022305,"",,"",0,0,0,,0,,0,,-0.062397,,-1.532641,
2025,03,BSNZ,ZZ,REP,"","",99022309,"",,"",0,0,0,,0,,0,,-0.090594,,-2.225232,
2025,03,BSNZ,ZZ,REP,"","",99022315,"",,"",0,0,80.767367,,0,,80.767367,,47.278054999999995,,31.558421,
2025,03,BSNZ,ZZ,REP,"","",99022316,"",,"",0,0,80.772951,,0,,80.772951,,55.179637,,32.262502,
2025,03,BSNZ,ZZ,REP,"","",99022317,"",,"",0,0,3533.858471,,0,,3533.858471,,2394.554948,,1349.5575670000003,
2025,03,BSNZ,ZZ,REP,"","",99022319,"",,"",0,0,0,,0,,0,,-0.0078,,-0.191588,
2025,03,BSNZ,ZZ,REP,"","",99022322,"",,"",0,0,928.012301,,0,,928.012301,,704.559724,,364.170025,
2025,03,BSNZ,ZZ,REP,"","",99022323,"",,"",0,0,2068.694321,,0,,2068.694321,,1615.187618,,818.659339,
2025,03,BSNZ,ZZ,REP,"","",99022330,"",,"",0,0,1495.019878,,0,,1495.019878,,1215.897374,,597.143992,
2025,03,BSNZ,ZZ,REP,"","",99022337,"",,"",0,0,0,,0,,0,,-0.059891,,-1.4710779999999999,
2025,03,BSNZ,ZZ,REP,"","",99022339,"",,"",0,0,0,,0,,0,,-0.22645700000000002,,-5.562378000000001,
2025,03,BSNZ,ZZ,REP,"","",99022342,"",,"",0,0,53.04459,,0,,53.04459,,38.674171,,21.187182,
2025,03,BSNZ,ZZ,REP,"","",99022352,"",,"",0,0,89.28242,,0,,89.28242,,85.650158,,28.370421999999998,
2025,03,BSNZ,ZZ,REP,"","",99022356,"",,"",0,0,0,,0,,0,,-0.129477,,-3.180299,
2025,03,BSNZ,ZZ,REP,"","",99022369,"",,"",0,0,49.694405,,0,,49.694405,,39.076309,,19.849044,
2025,03,BSNZ,ZZ,REP,"","",99022371,"",,"",0,0,497.882101,,0,,497.882101,,397.475938,,198.865118,
2025,03,BSNZ,ZZ,REP,"","",99022373,"",,"",0,0,0,,0,,0,,-0.662477,,-16.272218,
2025,03,BSNZ,ZZ,REP,"","",99022379,"",,"",0,0,0,,0,,0,,-0.18878,,-4.6369430000000005,
2025,03,BSNZ,ZZ,REP,"","",99022382,"",,"",0,0,0,,0,,0,,-0.972988,,-23.899213,
2025,03,BSNZ,ZZ,REP,"","",99022387,"",,"",0,0,0,,0,,0,,-0.038529,,-0.946381,
2025,03,BSNZ,ZZ,REP,"","",99022388,"",,"",0,0,0,,0,,0,,-1.161847,,-28.538072999999997,
2025,03,BSNZ,ZZ,REP,"","",99022389,"",,"",0,0,0,,0,,0,,-0.08164,,-2.005289,
2025,03,BSNZ,ZZ,REP,"","",99022394,"",,"",0,0,502.52769,,0,,502.52769,,360.685687,,200.72067,
2025,03,BSNZ,ZZ,REP,"","",99022395,"",,"",0,0,0,,0,,0,,-0.091135,,-2.238516,
2025,03,BSNZ,ZZ,REP,"","",99022432,"",,"",0,0,18.426015,,0,,18.426015,,8.489998,,6.622974,
2025,03,BSNZ,ZZ,REP,"","",99022434,"",,"",0,0,0,,0,,0,,0,,0,
2025,03,BSNZ,ZZ,REP,"","",99022437,"",,"",0,0,0,,0,,0,,-0.132599,,-3.256998,
2025,03,BSNZ,ZZ,REP,"","",99022439,"",,"",0,0,0,,0,,0,,0,,0,
2025,03,BSNZ,ZZ,REP,"","",99022440,"",,"",0,0,401.625713,,0,,401.625713,,305.58977699999997,,152.59194300000001,
2025,03,BSNZ,ZZ,REP,"","",99022442,"",,"",0,0,24.85837,,0,,24.85837,,20.755537,,9.928982,
2025,03,BSNZ,ZZ,REP,"","",99022466,"",,"",0,0,0,,0,,0,,-0.630705,,-15.491816,
2025,03,BSNZ,ZZ,REP,"","",99022490,"",,"",0,0,502.522106,,0,,502.522106,,446.897029,,200.718439,
2025,03,BSNZ,ZZ,REP,"","",99022495,"",,"",0,0,0,,0,,0,,-0.116999,,-2.873822,
2025,03,BSNZ,ZZ,REP,"","",99022509,"",,"",0,0,53.04459,,0,,53.04459,,52.410423,,15.713382000000001,
2025,03,BSNZ,ZZ,REP,"","",99022515,"",,"",0,0,0,,0,,0,,-0.1092,,-2.682234,
2025,03,BSNZ,ZZ,REP,"","",99022516,"",,"",0,0,56.49528,,0,,56.49528,,53.026188,,17.374447,
2025,03,BSNZ,ZZ,REP,"","",99022517,"",,"",0,0,0,,0,,0,,-1.18352,,-29.070432,
2025,03,BSNZ,ZZ,REP,"","",99022521,"",,"",0,0,0,,0,,0,,-0.119599,,-2.937685,
2025,03,BSNZ,ZZ,REP,"","",99022523,"",,"",0,0,129.317126,,0,,129.317126,,105.901991,,45.95812,
2025,03,BSNZ,ZZ,REP,"","",99022524,"",,"",0,0,0,,0,,0,,-0.716609,,-17.601839,
2025,03,BSNZ,ZZ,REP,"","",99022530,"",,"",0,0,332.77942,,0,,332.77942,,233.283211,,131.16259499999998,
2025,03,BSNZ,ZZ,REP,"","",99022533,"",,"",0,0,0,,0,,0,,-0.043261,,-1.062612,
2025,03,BSNZ,ZZ,REP,"","",99022538,"",,"",0,0,155.850588,,0,,155.850588,,140.546871,,62.25017,
2025,03,BSNZ,ZZ,REP,"","",99022542,"",,"",0,0,689.579664,,0,,689.579664,,539.275648,,267.067348,
2025,03,BSNZ,ZZ,REP,"","",99022553,"",,"",0,0,145.174666,,0,,145.174666,,91.173934,,57.985971,
2025,03,BSNZ,ZZ,REP,"","",99022559,"",,"",0,0,0,,0,,0,,-0.133639,,-3.2825429999999995,
2025,03,BSNZ,ZZ,REP,"","",99022573,"",,"",0,0,72.587333,,0,,72.587333,,62.943715,,28.992986,
2025,03,BSNZ,ZZ,REP,"","",99022575,"",,"",0,0,0,,0,,0,,-0.080646,,-1.980893,
2025,03,BSNZ,ZZ,REP,"","",99022583,"",,"",0,0,0,,0,,0,,-0.007800000000000001,,-0.1915880000000003,
2025,03,BSNZ,ZZ,REP,"","",99022584,"",,"",0,0,0,,0,,0,,-0.311996,,-7.663461,
2025,03,BSNZ,ZZ,REP,"","",99022593,"",,"",0,0,167.196546,,0,,167.196546,,125.841815,,63.268399,
2025,03,BSNZ,ZZ,REP,"","",99022616,"",,"",0,0,0,,0,,0,,-0.011141,,-0.273652,
2025,03,BSNZ,ZZ,REP,"","",99022627,"",,"",0,0,317.145225,,0,,317.145225,,264.415216,,126.674815,
2025,03,BSNZ,ZZ,REP,"","",99022629,"",,"",0,0,0,,0,,0,,-0.107775,,-2.647237,
2025,03,BSNZ,ZZ,REP,"","",99022630,"",,"",0,0,0,,0,,0,,-0.686397,,-16.859755,
2025,03,BSNZ,ZZ,REP,"","",99022636,"",,"",0,0,0,,0,,0,,-0.420548,,-10.329793,
2025,03,BSNZ,ZZ,REP,"","",99022648,"",,"",0,0,1049.724508,,0,,1049.724508,,755.243652,,413.79098300000004,
2025,03,BSNZ,ZZ,REP,"","",99022660,"",,"",0,0,0,,0,,0,,-0.051199,,-1.257584,
2025,03,BSNZ,ZZ,REP,"","",99022666,"",,"",0,0,0,,0,,0,,-0.08268,,-2.030834,
2025,03,BSNZ,ZZ,REP,"","",99022667,"",,"",0,0,0,,0,,0,,-0.321803,,-7.904351,
2025,03,BSNZ,ZZ,REP,"","",99022671,"",,"",0,0,0,,0,,0,,-0.014695,,-0.360952,
2025,03,BSNZ,ZZ,REP,"","",99022678,"",,"",0,0,0,,0,,0,,-0.274039,,-6.731129,
2025,03,BSNZ,ZZ,REP,"","",99022681,"",,"",0,0,1247.519407,,0,,1247.519407,,914.299317,,494.841886,
2025,03,BSNZ,ZZ,REP,"","",99022698,"",,"",0,0,0,,0,,0,,-0.0806,,-1.979744,
2025,03,BSNZ,ZZ,REP,"","",99022700,"",,"",0,0,282.917506,,0,,282.917506,,182.438881,,113.003506,
2025,03,BSNZ,ZZ,REP,"","",99022707,"",,"",0,0,0,,0,,0,,-0.173872,,-4.270754,
2025,03,BSNZ,ZZ,REP,"","",99022715,"",,"",0,0,571.295813,,0,,571.295813,,489.42229199999997,,224.382024,
2025,03,BSNZ,ZZ,REP,"","",99022716,"",,"",0,0,0,,0,,0,,-0.07306,,-1.794542,
2025,03,BSNZ,ZZ,REP,"","",99022718,"",,"",0,0,0,,0,,0,,-0.245886,,-6.039624,
2025,03,BSNZ,ZZ,REP,"","",99022721,"",,"",0,0,0,,0,,0,,-0.155999,,-3.831762,
2025,03,BSNZ,ZZ,REP,"","",99022734,"",,"",0,0,368.520306,,0,,368.520306,,291.899902,,147.195158,
2025,03,BSNZ,ZZ,REP,"","",99022742,"",,"",0,0,0,,0,,0,,0,,0,
2025,03,BSNZ,ZZ,REP,"","",99022743,"",,"",0,0,0,,0,,0,,-0.109132,,-2.680573,
2025,03,BSNZ,ZZ,REP,"","",99022745,"",,"",0,0,0,,0,,0,,-0.007800000000000001,,-0.1915880000000003,
2025,03,BSNZ,ZZ,REP,"","",99022746,"",,"",0,0,804.044304,,0,,804.044304,,653.395043,,308.06223800000004,
2025,03,BSNZ,ZZ,REP,"","",99022763,"",,"",0,0,0,,0,,0,,-0.290679,,-7.139851,
2025,03,BSNZ,ZZ,REP,"","",99022767,"",,"",0,0,0,,0,,0,,0,,0,
2025,03,BSNZ,ZZ,REP,"","",99022786,"",,"",0,0,0,,0,,0,,-0.200199,,-4.917428,
2025,03,BSNZ,ZZ,REP,"","",99022805,"",,"",0,0,118.32852,,0,,118.32852,,97.388868,,47.263027,
2025,03,BSNZ,ZZ,REP,"","",99022806,"",,"",0,0,68.957966,,0,,68.957966,,52.174859,,27.543336,
2025,03,BSNZ,ZZ,REP,"","",99022807,"",,"",0,0,0,,0,,0,,-0.363978,,-8.940268,
2025,03,BSNZ,ZZ,REP,"","",99022809,"",,"",0,0,301.935387,,0,,301.935387,,291.57279,,120.599669,
2025,03,BSNZ,ZZ,REP,"","",99022816,"",,"",0,0,114.760573,,0,,114.760573,,93.315614,,45.83791,
2025,03,BSNZ,ZZ,REP,"","",99022824,"",,"",0,0,134.007384,,0,,134.007384,,155.332221,,53.525512,
2025,03,BSNZ,ZZ,REP,"","",99022843,"",,"",0,0,130.126754,,0,,130.126754,,125.254563,,48.203387,
2025,03,BSNZ,ZZ,REP,"","",99022861,"",,"",0,0,697.955125,,0,,697.955125,,570.383735,,278.140081,
2025,03,BSNZ,ZZ,REP,"","",99022866,"",,"",0,0,0,,0,,0,,-0.416206,,-10.223142,
2025,03,BSNZ,ZZ,REP,"","",99022889,"",,"",0,0,0,,0,,0,,-0.050351,,-1.236765,
2025,03,BSNZ,ZZ,REP,"","",99022894,"",,"",0,0,452.861203,,0,,452.861203,,271.24530799999997,,180.882777,
2025,03,BSNZ,ZZ,REP,"","",99022895,"",,"",0,0,0,,0,,0,,-0.062103,,-1.525425,
2025,03,BSNZ,ZZ,REP,"","",99022901,"",,"",0,0,245.680204,,0,,245.680204,,241.130277,,98.130105,
2025,03,BSNZ,ZZ,REP,"","",99022902,"",,"",0,0,61.420051,,0,,61.420051,,42.92941,,23.180616,
2025,03,BSNZ,ZZ,REP,"","",99022904,"",,"",0,0,0,,0,,0,,-0.392224,,-9.634073,
2025,03,BSNZ,ZZ,REP,"","",99022913,"",,"",0,0,0,,0,,0,,-0.076949,,-1.890081,
2025,03,BSNZ,ZZ,REP,"","",99022914,"",,"",0,0,61.420051,,0,,61.420051,,46.490975,,24.532526,
2025,03,BSNZ,ZZ,REP,"","",99022917,"",,"",0,0,194.556387,,0,,194.556387,,148.83004,,76.514995,
2025,03,BSNZ,ZZ,REP,"","",99022918,"",,"",0,0,95.335086,,0,,95.335086,,62.549563,,34.681955,
2025,03,BSNZ,ZZ,REP,"","",99022921,"",,"",0,0,0,,0,,0,,-0.193439,,-4.751385,
2025,03,BSNZ,ZZ,REP,"","",99022928,"",,"",0,0,0,,0,,0,,-0.410731,,-10.088647,
2025,03,BSNZ,ZZ,REP,"","",99022932,"",,"",0,0,692.371484,,0,,692.371484,,677.010943,,276.548478,
2025,03,BSNZ,ZZ,REP,"","",99022950,"",,"",0,0,0,,0,,0,,-0.155477,,-3.818926,
2025,03,BSNZ,ZZ,REP,"","",99022951,"",,"",0,0,0,,0,,0,,-0.062296,,-1.53015,
2025,03,BSNZ,ZZ,REP,"","",99022962,"",,"",0,0,0,,0,,0,,-0.486853,,-11.95842,
2025,03,BSNZ,ZZ,REP,"","",99022974,"",,"",0,0,0,,0,,0,,-0.028566,,-0.70166,
2025,03,BSNZ,ZZ,REP,"","",99022976,"",,"",0,0,777.84586,,0,,777.84586,,615.810764,,301.88453,
2025,03,BSNZ,ZZ,REP,"","",99022993,"",,"",0,0,923.160117,,0,,923.160117,,630.81277,,338.07646,
2025,03,BSNZ,ZZ,REP,"","",99022994,"",,"",0,0,0,,0,,0,,-0.07522,,-1.847612,
2025,03,BSNZ,ZZ,REP,"","",99023013,"",,"",0,0,0,,0,,0,,-0.096088,,-2.360174,
2025,03,BSNZ,ZZ,REP,"","",99023023,"",,"",0,0,0,,0,,0,,-0.257149,,-6.316277,
2025,03,BSNZ,ZZ,REP,"","",99023027,"",,"",0,0,0,,0,,0,,-0.173045,,-4.250446,
2025,03,BSNZ,ZZ,REP,"","",99023034,"",,"",0,0,0,,0,,0,,0,,0,
2025,03,BSNZ,ZZ,REP,"","",99023035,"",,"",0,0,0,,0,,0,,-0.067454,,-1.656854,
2025,03,BSNZ,ZZ,REP,"","",99023044,"",,"",0,0,0,,0,,0,,-0.1027,,-2.522577,
2025,03,BSNZ,ZZ,REP,"","",99023049,"",,"",0,0,2029.865682,,0,,2029.865682,,1790.307929,,810.773231,
2025,03,BSNZ,ZZ,REP,"","",99023050,"",,"",0,0,2499.773741,,0,,2499.773741,,2209.746419,,998.464898,
2025,03,BSNZ,ZZ,REP,"","",99023055,"",,"",0,0,0,,0,,0,,-0.0351,,-0.862147,
2025,03,BSNZ,ZZ,REP,"","",99023057,"",,"",0,0,0,,0,,0,,0,,0,
2025,03,BSNZ,ZZ,REP,"","",99023058,"",,"",0,0,0,,0,,0,,-0.103997,,-2.554444,
2025,03,BSNZ,ZZ,REP,"","",99023062,"",,"",0,0,0,,0,,0,,-0.207999,,-5.109017,
2025,03,BSNZ,ZZ,REP,"","",99023074,"",,"",0,0,339.485373,,0,,339.485373,,241.99315199999998,,131.63738899999998,
2025,03,BSNZ,ZZ,REP,"","",99023081,"",,"",0,0,0,,0,,0,,-0.122407,,-3.006656,
2025,03,BSNZ,ZZ,REP,"","",99023088,"",,"",0,0,0,,0,,0,,-0.0676,,-1.66043,
2025,03,BSNZ,ZZ,REP,"","",99023091,"",,"",0,0,541.551757,,0,,541.551757,,440.442682,,212.893389,
2025,03,BSNZ,ZZ,REP,"","",99023095,"",,"",0,0,0,,0,,0,,0,,0,
2025,03,BSNZ,ZZ,REP,"","",99023097,"",,"",0,0,0,,0,,0,,-0.391766,,-9.622833,
2025,03,BSNZ,ZZ,REP,"","",99023103,"",,"",0,0,203.791729,,0,,203.791729,,104.350047,,74.975356,
2025,03,BSNZ,ZZ,REP,"","",99023127,"",,"",0,0,118.20568,,0,,118.20568,,50.372976,,47.213962,
2025,03,BSNZ,ZZ,REP,"","",99023130,"",,"",0,0,16.248395,,0,,16.248395,,16.464474,,6.489968,
2025,03,BSNZ,ZZ,REP,"","",99023131,"",,"",0,0,305.983527,,0,,305.983527,,233.09915900000001,,110.976748,
2025,03,BSNZ,ZZ,REP,"","",99023142,"",,"",0,0,1094.393636,,0,,1094.393636,,999.22138,,430.08415,
2025,03,BSNZ,ZZ,REP,"","",99023148,"",,"",0,0,0,,0,,0,,-0.073541,,-1.806357,
2025,03,BSNZ,ZZ,REP,"","",99023153,"",,"",0,0,400.82166900000004,,0,,400.82166900000004,,285.908275,,160.097037,
2025,03,BSNZ,ZZ,REP,"","",99023174,"",,"",0,0,746.197783,,0,,746.197783,,583.726062,,293.245416,
2025,03,BSNZ,ZZ,REP,"","",99023179,"",,"",0,0,955.919339,,0,,955.919339,,729.651765,,381.815318,
2025,03,BSNZ,ZZ,REP,"","",99023191,"",,"",0,0,496.804458,,0,,496.804458,,399.489007,,193.373373,
2025,03,BSNZ,ZZ,REP,"","",99023208,"",,"",0,0,0,,0,,0,,-0.035524,,-0.8725560000000001,
2025,03,BSNZ,ZZ,REP,"","",99023211,"",,"",0,0,0,,0,,0,,-1.151275,,-28.278407,
2025,03,BSNZ,ZZ,REP,"","",99023219,"",,"",0,0,0,,0,,0,,-0.230879,,-5.671008,
2025,03,BSNZ,ZZ,REP,"","",99023226,"",,"",0,0,111.845913,,0,,111.845913,,75.19144,,44.67373,
2025,03,BSNZ,ZZ,REP,"","",99023236,"",,"",0,0,442.224367,,0,,442.224367,,374.401212,,176.634189,
2025,03,BSNZ,ZZ,REP,"","",99023237,"",,"",0,0,0,,0,,0,,-0.07605,,-1.867984,
2025,03,BSNZ,ZZ,REP,"","",99023253,"",,"",0,0,0,,0,,0,,-0.574234,,-14.104718,
2025,03,BSNZ,ZZ,REP,"","",99023263,"",,"",0,0,0,,0,,0,,-0.456693,,-11.217612,
2025,03,BSNZ,ZZ,REP,"","",99023288,"",,"",0,0,0,,0,,0,,-0.056316,,-1.383267,
2025,03,BSNZ,ZZ,REP,"","",99023303,"",,"",0,0,0,,0,,0,,-0.163425,,-4.014154,
2025,03,BSNZ,ZZ,REP,"","",99023305,"",,"",0,0,0,,0,,0,,0,,0,
2025,03,BSNZ,ZZ,REP,"","",99023307,"",,"",0,0,233.396194,,0,,233.396194,,181.780323,,93.2236,
2025,03,BSNZ,ZZ,REP,"","",99023316,"",,"",0,0,209.135274,,0,,209.135274,,190.94988,,83.533252,
2025,03,BSNZ,ZZ,REP,"","",99023323,"",,"",0,0,616.969996,,0,,616.969996,,543.725321,,233.92982199999997,
2025,03,BSNZ,ZZ,REP,"","",99023336,"",,"",0,0,0,,0,,0,,-0.424838,,-10.435166,
2025,03,BSNZ,ZZ,REP,"","",99023337,"",,"",0,0,194.310707,,0,,194.310707,,129.891049,,77.611992,
2025,03,BSNZ,ZZ,REP,"","",99023344,"",,"",0,0,180.463277,,0,,180.463277,,137.747343,,72.081023,
2025,03,BSNZ,ZZ,REP,"","",99023346,"",,"",0,0,551.384549,,0,,551.384549,,469.658043,,220.23517900000002,
2025,03,BSNZ,ZZ,REP,"","",99023347,"",,"",0,0,0,,0,,0,,-0.979676,,-24.063468,
2025,03,BSNZ,ZZ,REP,"","",99023349,"",,"",0,0,777.181407,,0,,777.181407,,567.419832,,306.42314,
2025,03,BSNZ,ZZ,REP,"","",99023359,"",,"",0,0,0,,0,,0,,-0.201827,,-4.957407,
2025,03,BSNZ,ZZ,REP,"","",99023376,"",,"",0,0,1158.493835,,0,,1158.493835,,906.274496,,455.830878,
2025,03,BSNZ,ZZ,REP,"","",99023378,"",,"",0,0,0,,0,,0,,-0.158963,,-3.904566,
2025,03,BSNZ,ZZ,REP,"","",99023382,"",,"",0,0,0,,0,,0,,-0.085087,,-2.089971,
2025,03,BSNZ,ZZ,REP,"","",99023394,"",,"",0,0,0,,0,,0,,-0.028309,,-0.695337,
2025,03,BSNZ,ZZ,REP,"","",99023398,"",,"",0,0,463.54270800000006,,0,,463.54270800000006,,411.015575,,172.347926,
2025,03,BSNZ,ZZ,REP,"","",99023400,"",,"",0,0,0,,0,,0,,-0.199274,,-4.894693,
2025,03,BSNZ,ZZ,REP,"","",99023403,"",,"",0,0,177.5542,,0,,177.5542,,166.520244,,70.919073,
2025,03,BSNZ,ZZ,REP,"","",99023405,"",,"",0,0,704.990513,,0,,704.990513,,656.8796669999999,,276.725844,
2025,03,BSNZ,ZZ,REP,"","",99023413,"",,"",0,0,0,,0,,0,,-0.10868,,-2.669461,
2025,03,BSNZ,ZZ,REP,"","",99023415,"",,"",0,0,725.87333,,0,,725.87333,,9.861001,,295.03887299999997,
2025,03,BSNZ,ZZ,REP,"","",99023420,"",,"",0,0,0,,0,,0,,-0.141608,,-3.478282,
2025,03,BSNZ,ZZ,REP,"","",99023425,"",,"",0,0,0,,0,,0,,-0.498454,,-12.243375,
2025,03,BSNZ,ZZ,REP,"","",99023426,"",,"",0,0,0,,0,,0,,-0.157882,,-3.877999,
2025,03,BSNZ,ZZ,REP,"","",99023442,"",,"",0,0,63.776348,,0,,63.776348,,53.138926,,25.473683,
2025,03,BSNZ,ZZ,REP,"","",99023443,"",,"",0,0,0,,0,,0,,-0.20041699999999998,,-4.922793,
2025,03,BSNZ,ZZ,REP,"","",99023446,"",,"",0,0,198.77762,,0,,198.77762,,186.903591,,79.396176,
2025,03,BSNZ,ZZ,REP,"","",99023449,"",,"",0,0,206.594717,,0,,206.594717,,142.785109,,82.518497,
2025,03,BSNZ,ZZ,REP,"","",99023474,"",,"",0,0,0,,0,,0,,-0.250067,,-6.142315,
2025,03,BSNZ,ZZ,REP,"","",99023477,"",,"",0,0,0,,0,,0,,-0.732885,,-18.00162,
2025,03,BSNZ,ZZ,REP,"","",99023487,"",,"",0,0,687.513716,,0,,687.513716,,567.1533790000001,,265.92285100000004,
2025,03,BSNZ,ZZ,REP,"","",99023488,"",,"",0,0,64.429633,,0,,64.429633,,56.749061,,25.73462,
2025,03,BSNZ,ZZ,REP,"","",99023493,"",,"",0,0,0,,0,,0,,-0.02288,,-0.561992,
2025,03,BSNZ,ZZ,REP,"","",99023494,"",,"",0,0,0,,0,,0,,-0.01482,,-0.364017,
2025,03,BSNZ,ZZ,REP,"","",99023499,"",,"",0,0,0,,0,,0,,-0.026307,,-0.646163,
2025,03,BSNZ,ZZ,REP,"","",99023501,"",,"",0,0,158.011457,,0,,158.011457,,114.332494,,63.113269,
2025,03,BSNZ,ZZ,REP,"","",99023508,"",,"",0,0,0,,0,,0,,-0.295135,,-7.249311,
2025,03,BSNZ,ZZ,REP,"","",99023510,"",,"",0,0,253.653643,,0,,253.653643,,180.932988,,101.314873,
2025,03,BSNZ,ZZ,REP,"","",99023525,"",,"",0,0,0,,0,,0,,0,,0,
2025,03,BSNZ,ZZ,REP,"","",99023535,"",,"",0,0,117.256461,,0,,117.256461,,71.913208,,46.834823,
2025,03,BSNZ,ZZ,REP,"","",99023548,"",,"",0,0,332.77942,,0,,332.77942,,315.510069,,121.06660299999999,
2025,03,BSNZ,ZZ,REP,"","",99023566,"",,"",0,0,0,,0,,0,,-0.065192,,-1.601294,
2025,03,BSNZ,ZZ,REP,"","",99023568,"",,"",0,0,114.75499,,0,,114.75499,,73.443361,,45.83568,
2025,03,BSNZ,ZZ,REP,"","",99023576,"",,"",0,0,497.502413,,0,,497.502413,,374.512234,,183.38411399999998,
2025,03,BSNZ,ZZ,REP,"","",99023578,"",,"",0,0,0,,0,,0,,-0.0546,,-1.341117,
2025,03,BSNZ,ZZ,REP,"","",99023581,"",,"",0,0,1232.527331,,0,,1232.527331,,964.309016,,487.78037800000004,
2025,03,BSNZ,ZZ,REP,"","",99023587,"",,"",0,0,355.119568,,0,,355.119568,,337.50755,,141.842606,
2025,03,BSNZ,ZZ,REP,"","",99023588,"",,"",0,0,0,,0,,0,,-0.0247,,-0.606696,
2025,03,BSNZ,ZZ,REP,"","",99023600,"",,"",0,0,1449.518787,,0,,1449.518787,,1344.960277,,554.672389,
2025,03,BSNZ,ZZ,REP,"","",99023605,"",,"",0,0,0,,0,,0,,-0.831996,,-20.436066,
2025,03,BSNZ,ZZ,REP,"","",99023607,"",,"",0,0,0,,0,,0,,-0.530918,,-13.040765,
2025,03,BSNZ,ZZ,REP,"","",99023608,"",,"",0,0,0,,0,,0,,-0.554682,,-13.62447,
2025,03,BSNZ,ZZ,REP,"","",99023615,"",,"",0,0,0,,0,,0,,-0.01768,,-0.434266,
2025,03,BSNZ,ZZ,REP,"","",99023616,"",,"",0,0,665.385747,,0,,665.385747,,622.7487510000001,,258.39191099999994,
2025,03,BSNZ,ZZ,REP,"","",99023617,"",,"",0,0,357.353024,,0,,357.353024,,266.066646,,142.734698,
2025,03,BSNZ,ZZ,REP,"","",99023621,"",,"",0,0,0,,0,,0,,-0.091655,,-2.251288,
2025,03,BSNZ,ZZ,REP,"","",99023655,"",,"",0,0,0,,0,,0,,-0.196559,,-4.828021,
2025,03,BSNZ,ZZ,REP,"","",99023665,"",,"",0,0,663.336551,,0,,663.336551,,631.602097,,256.26595599999996,
2025,03,BSNZ,ZZ,REP,"","",99023666,"",,"",0,0,1579.059258,,0,,1579.059258,,1204.799142,,618.671014,
2025,03,BSNZ,ZZ,REP,"","",99023675,"",,"",0,0,325.967378,,0,,325.967378,,257.699113,,126.930403,
2025,03,BSNZ,ZZ,REP,"","",99023683,"",,"",0,0,0,,0,,0,,-0.119735,,-2.941005,
2025,03,BSNZ,ZZ,REP,"","",99023699,"",,"",0,0,154.666856,,0,,154.666856,,112.43452500000001,,57.395423,
2025,03,BSNZ,ZZ,REP,"","",99023701,"",,"",0,0,409.470729,,0,,409.470729,,301.378306,,163.551662,
2025,03,BSNZ,ZZ,REP,"","",99023703,"",,"",0,0,72.531497,,0,,72.531497,,52.131338,,26.734403,
2025,03,BSNZ,ZZ,REP,"","",99023717,"",,"",0,0,5.818154,,0,,5.818154,,4.151223999999999,,2.26968,
2025,03,BSNZ,ZZ,REP,"","",99023725,"",,"",0,0,76.574053,,0,,76.574053,,54.811336000000004,,29.767927,
2025,03,BSNZ,ZZ,REP,"","",99023743,"",,"",0,0,285.882419,,0,,285.882419,,262.659395,,114.187759,
2025,03,BSNZ,ZZ,REP,"","",99023751,"",,"",0,0,0,,0,,0,,-0.104405,,-2.564471,
2025,03,BSNZ,ZZ,REP,"","",99023753,"",,"",0,0,0,,0,,0,,-0.095932,,-2.356342,
2025,03,BSNZ,ZZ,REP,"","",99023773,"",,"",0,0,0,,0,,0,,-0.031569,,-0.775421,
2025,03,BSNZ,ZZ,REP,"","",99023783,"",,"",0,0,988.304457,,0,,988.304457,,803.7865,,394.75065,
2025,03,BSNZ,ZZ,REP,"","",99023785,"",,"",0,0,33.501846000000114,,0,,33.501846000000114,,0.1669090000000324,,6.537848999999994,
2025,03,BSNZ,ZZ,REP,"","",99023786,"",,"",0,0,166.504175,,0,,166.504175,,147.08400600000002,,64.502011,
2025,03,BSNZ,ZZ,REP,"","",99023790,"",,"",0,0,0,,0,,0,,0,,0,
2025,03,BSNZ,ZZ,REP,"","",99023791,"",,"",0,0,0,,0,,0,,-0.308632,,-7.5808230000000005,
2025,03,BSNZ,ZZ,REP,"","",99023797,"",,"",0,0,110.874359,,0,,110.874359,,79.087069,,44.28567,
2025,03,BSNZ,ZZ,REP,"","",99023798,"",,"",0,0,0,,0,,0,,-0.073782,,-1.812296,
2025,03,BSNZ,ZZ,REP,"","",99023805,"",,"",0,0,159.960147,,0,,159.960147,,110.002958,,52.914514,
2025,03,BSNZ,ZZ,REP,"","",99023820,"",,"",0,0,89.338256,,0,,89.338256,,69.266882,,34.661871,
2025,03,BSNZ,ZZ,REP,"","",99023827,"",,"",0,0,719.273466,,0,,719.273466,,457.704141,,273.477602,
2025,03,BSNZ,ZZ,REP,"","",99023834,"",,"",0,0,0,,0,,0,,-0.00429,,-0.105373,
2025,03,BSNZ,ZZ,REP,"","",99023842,"",,"",0,0,83.749031,,0,,83.749031,,67.41769199999999,,32.721775,
2025,03,BSNZ,ZZ,REP,"","",99023858,"",,"",0,0,0,,0,,0,,-0.016814,,-0.413,
2025,03,BSNZ,ZZ,REP,"","",99023871,"",,"",0,0,368.520306,,0,,368.520306,,299.717,,147.195158,
2025,03,BSNZ,ZZ,REP,"","",99023874,"",,"",0,0,0,,0,,0,,-0.046652,,-1.145889,
2025,03,BSNZ,ZZ,REP,"","",99023875,"",,"",0,0,535.057982,,0,,535.057982,,466.816615,,213.713988,
2025,03,BSNZ,ZZ,REP,"","",99023878,"",,"",0,0,129.322709,,0,,129.322709,,100.55023999999999,,51.654349,
2025,03,BSNZ,ZZ,REP,"","",99023880,"",,"",0,0,108.445476,,0,,108.445476,,66.770759,,43.31552,
2025,03,BSNZ,ZZ,REP,"","",99023884,"",,"",0,0,53.04459,,0,,53.04459,,26.390161,,21.187182,
2025,03,BSNZ,ZZ,REP,"","",99023886,"",,"",0,0,100.192854,,0,,100.192854,,71.909633,,40.019241,
2025,03,BSNZ,ZZ,REP,"","",99023887,"",,"",0,0,0,,0,,0,,-0.899594,,-22.096433,
2025,03,BSNZ,ZZ,REP,"","",99023888,"",,"",0,0,0,,0,,0,,-0.205919,,-5.057926,
2025,03,BSNZ,ZZ,REP,"","",99023889,"",,"",0,0,0,,0,,0,,-0.270479,,-6.643701,
2025,03,BSNZ,ZZ,REP,"","",99023915,"",,"",0,0,49.694405,,0,,49.694405,,29.695791999999997,,19.849044,
2025,03,BSNZ,ZZ,REP,"","",99023917,"",,"",0,0,0,,0,,0,,-0.158599,,-3.895625,
2025,03,BSNZ,ZZ,REP,"","",99023919,"",,"",0,0,0,,0,,0,,-0.179399,,-4.406527,
2025,03,BSNZ,ZZ,REP,"","",99023921,"",,"",0,0,0,,0,,0,,-0.132498,,-3.254507,
2025,03,BSNZ,ZZ,REP,"","",99023922,"",,"",0,0,0,,0,,0,,-0.125445,,-3.081248,
2025,03,BSNZ,ZZ,REP,"","",99023928,"",,"",0,0,77.85829,,0,,77.85829,,66.92236000000001,,31.098322,
2025,03,BSNZ,ZZ,REP,"","",99023929,"",,"",0,0,0,,0,,0,,-0.02912,,-0.715262,
2025,03,BSNZ,ZZ,REP,"","",99023930,"",,"",0,0,0,,0,,0,,-0.013112,,-0.32206,
2025,03,BSNZ,ZZ,REP,"","",99023932,"",,"",0,0,0,,0,,0,,-0.05195,,-1.276041,
2025,03,BSNZ,ZZ,REP,"","",99023966,"",,"",0,0,232.726157,,0,,232.726157,,177.2785,,92.317346,
2025,03,BSNZ,ZZ,REP,"","",99024006,"",,"",0,0,0,,0,,0,,-0.153376,,-3.767325,
2025,03,BSNZ,ZZ,REP,"","",99024024,"",,"",0,0,0,,0,,0,,-0.266634,,-6.549248,
2025,03,BSNZ,ZZ,REP,"","",99024036,"",,"",0,0,0,,0,,0,,-0.044559,,-1.094479,
2025,03,BSNZ,ZZ,REP,"","",99024056,"",,"",0,0,345.024345,,0,,345.024345,,311.18519200000003,,125.446531,
2025,03,BSNZ,ZZ,REP,"","",99024061,"",,"",0,0,0,,0,,0,,-0.118986,,-2.922613,
2025,03,BSNZ,ZZ,REP,"","",99024064,"",,"",0,0,0,,0,,0,,-0.371481,,-9.124576000000001,
2025,03,BSNZ,ZZ,REP,"","",99024067,"",,"",0,0,0,,0,,0,,-0.520819,,-12.792722,
2025,03,BSNZ,ZZ,REP,"","",99024074,"",,"",0,0,689.870013,,0,,689.870013,,477.306674,,275.549335,
2025,03,BSNZ,ZZ,REP,"","",99024104,"",,"",0,0,85.625135,,0,,85.625135,,54.049728,,32.291843,
2025,03,BSNZ,ZZ,REP,"","",99024114,"",,"",0,0,0,,0,,0,,-0.007800000000000001,,-0.19158799999999943,
2025,03,BSNZ,ZZ,REP,"","",99024117,"",,"",0,0,0,,0,,0,,-0.078907,,-1.938169,
2025,03,BSNZ,ZZ,REP,"","",99024123,"",,"",0,0,0,,0,,0,,-0.103477,,-2.541672,
2025,03,BSNZ,ZZ,REP,"","",99024127,"",,"",0,0,248.52227800000003,,0,,248.52227800000003,,184.886955,,89.71360200000001,
2025,03,BSNZ,ZZ,REP,"","",99024128,"",,"",0,0,707.726497,,0,,707.726497,,575.369529,,282.68161,
2025,03,BSNZ,ZZ,REP,"","",99024129,"",,"",0,0,260.566191,,0,,260.566191,,198.892566,,104.075897,
2025,03,BSNZ,ZZ,REP,"","",99024133,"",,"",0,0,384.148917,,0,,384.148917,,253.02225099999998,,153.43757,
2025,03,BSNZ,ZZ,REP,"","",99024142,"",,"",0,0,139.591025,,0,,139.591025,,107.339785,,43.620103,
2025,03,BSNZ,ZZ,REP,"","",99024155,"",,"",0,0,219.03506900000002,,0,,219.03506900000002,,127.35113400000002,,82.855806,
2025,03,BSNZ,ZZ,REP,"","",99024161,"",,"",0,0,0,,0,,0,,-0.457747,,-11.243476,
2025,03,BSNZ,ZZ,REP,"","",99024162,"",,"",0,0,0,,0,,0,,-0.360085,,-8.844666,
2025,03,BSNZ,ZZ,REP,"","",99024168,"",,"",0,0,0,,0,,0,,-0.055728,,-1.368833,
2025,03,BSNZ,ZZ,REP,"","",99024178,"",,"",0,0,689.870013,,0,,689.870013,,471.723033,,275.549335,
2025,03,BSNZ,ZZ,REP,"","",99024183,"",,"",0,0,0,,0,,0,,-0.747497,,-18.360528,
2025,03,BSNZ,ZZ,REP,"","",99024203,"",,"",0,0,896.732745,,0,,896.732745,,580.339824,,358.174884,
2025,03,BSNZ,ZZ,REP,"","",99024244,"",,"",0,0,0,,0,,0,,-0.633201,,-15.553124,
2025,03,BSNZ,ZZ,REP,"","",99024256,"",,"",0,0,461.599601,,0,,461.599601,,372.42541700000004,,184.373086,
2025,03,BSNZ,ZZ,REP,"","",99024258,"",,"",0,0,194.087361,,0,,194.087361,,149.919247,,75.80487600000001,
2025,03,BSNZ,ZZ,REP,"","",99024264,"",,"",0,0,402.70894,,0,,402.70894,,350.62922,,157.652227,
2025,03,BSNZ,ZZ,REP,"","",99024283,"",,"",0,0,589.63249,,0,,589.63249,,460.001732,,232.70235699999998,
2025,03,BSNZ,ZZ,REP,"","",99024284,"",,"",0,0,0,,0,,0,,-0.196715,,-4.831852,
2025,03,BSNZ,ZZ,REP,"","",99024313,"",,"",0,0,0,,0,,0,,-0.093308,,-2.291905,
2025,03,BSNZ,ZZ,REP,"","",99024320,"",,"",0,0,152.818671,,0,,152.818671,,156.029073,,61.039156,
2025,03,BSNZ,ZZ,REP,"","",99024326,"",,"",0,0,0,,0,,0,,-2.602589,,-63.92657,
2025,03,BSNZ,ZZ,REP,"","",99024332,"",,"",0,0,0,,0,,0,,-0.055463,,-1.362319,
2025,03,BSNZ,ZZ,REP,"","",99024335,"",,"",0,0,211.056046,,0,,211.056046,,122.296639,,84.300451,
2025,03,BSNZ,ZZ,REP,"","",99024346,"",,"",0,0,556.588502,,0,,556.588502,,515.513105,,222.313753,
2025,03,BSNZ,ZZ,REP,"","",99024356,"",,"",0,0,239.225515,,0,,239.225515,,181.748644,,92.869726,
2025,03,BSNZ,ZZ,REP,"","",99024358,"",,"",0,0,0,,0,,0,,-0.136343,,-3.34896,
2025,03,BSNZ,ZZ,REP,"","",99024364,"",,"",0,0,0,,0,,0,,-0.2067,,-5.077085,
2025,03,BSNZ,ZZ,REP,"","",99024368,"",,"",0,0,0,,0,,0,,-0.411792,,-10.114704,
2025,03,BSNZ,ZZ,REP,"","",99024380,"",,"",0,0,0,,0,,0,,-0.052,,-1.277254,
2025,03,BSNZ,ZZ,REP,"","",99024383,"",,"",0,0,0,,0,,0,,-0.272999,,-6.705584,
2025,03,BSNZ,ZZ,REP,"","",99024422,"",,"",0,0,161.925589,,0,,161.925589,,138.952567,,64.67666,
2025,03,BSNZ,ZZ,REP,"","",99024471,"",,"",0,0,796.444969,,0,,796.444969,,459.516233,,318.117729,
2025,03,BSNZ,ZZ,REP,"","",99024651,"",,"",0,0,0,,0,,0,,-0.37523,,-9.216666,
2025,03,BSNZ,ZZ,REP,"","",99024761,"",,"",0,0,0,,0,,0,,-0.5274030000000001,,-12.954423,
2025,03,BSNZ,ZZ,REP,"","",99024763,"",,"",0,0,3440.795926,,0,,3440.795926,,2898.262484,,1356.267163,
2025,03,BSNZ,ZZ,REP,"","",99024892,"",,"",0,0,0,,0,,0,,-0.729221,,-17.911637,
2025,03,BSNZ,ZZ,REP,"","",99024971,"",,"",0,0,390.056409,,0,,390.056409,,220.157331,,155.797153,
2025,03,BSNZ,ZZ,REP,"","",99025133,"",,"",0,0,0,,0,,0,,-0.19294,,-4.739124,
2025,03,BSNZ,ZZ,REP,"","",99025139,"",,"",0,0,0,,0,,0,,-0.045268,,-1.111914,
2025,03,BSNZ,ZZ,REP,"","",99025165,"",,"",0,0,0,,0,,0,,-0.033072,,-0.812334,
2025,03,BSNZ,ZZ,REP,"","",99025172,"",,"",0,0,0,,0,,0,,-0.0962,,-2.36292,
2025,03,BSNZ,ZZ,REP,"","",99025177,"",,"",0,0,0,,0,,0,,-0.073408,,-1.8031,
2025,03,BSNZ,ZZ,REP,"","",99025203,"",,"",0,0,212.178358,,0,,212.178358,,179.264703,,84.748727,
2025,03,BSNZ,ZZ,REP,"","",99025214,"",,"",0,0,127.865379,,0,,127.865379,,120.63196599999999,,51.072259,
2025,03,BSNZ,ZZ,REP,"","",99025223,"",,"",0,0,0,,0,,0,,-0.197308,,-4.846413,
2025,03,BSNZ,ZZ,REP,"","",99025224,"",,"",0,0,625.367792,,0,,625.367792,,509.169031,,249.785722,
2025,03,BSNZ,ZZ,REP,"","",99025253,"",,"",0,0,312.683896,,0,,312.683896,,238.671138,,124.892862,
2025,03,BSNZ,ZZ,REP,"","",99025256,"",,"",0,0,0,,0,,0,,-0.331293,,-8.13745,
2025,03,BSNZ,ZZ,REP,"","",99025259,"",,"",0,0,0,,0,,0,,-0.412275,,-10.126582,
2025,03,BSNZ,ZZ,REP,"","",99025263,"",,"",0,0,345.236523,,0,,345.236523,,260.321874,,137.8951,
2025,03,BSNZ,ZZ,REP,"","",99025265,"",,"",0,0,447.031882,,0,,447.031882,,364.2188,,173.74530000000001,
2025,03,BSNZ,ZZ,REP,"","",99025267,"",,"",0,0,335.01846,,0,,335.01846,,269.989805,,127.75320899999998,
2025,03,BSNZ,ZZ,REP,"","",99025280,"",,"",0,0,0,,0,,0,,-0.022435,,-0.551071,
2025,03,BSNZ,ZZ,REP,"","",99025293,"",,"",0,0,0,,0,,0,,-0.060897,,-1.495792,
2025,03,BSNZ,ZZ,REP,"","",99025302,"",,"",0,0,0,,0,,0,,-0.160679,,-3.946715,
2025,03,BSNZ,ZZ,REP,"","",99025322,"",,"",0,0,0,,0,,0,,-0.0195,,-0.47897,
2025,03,BSNZ,ZZ,REP,"","",99025378,"",,"",0,0,0,,0,,0,,-0.0338,,-0.830215,
2025,03,BSNZ,ZZ,REP,"","",99025395,"",,"",0,0,0,,0,,0,,-0.0884,,-2.171332,
2025,03,BSNZ,ZZ,REP,"","",99025403,"",,"",0,0,476.463254,,0,,476.463254,,362.572527,,190.309957,
2025,03,BSNZ,ZZ,REP,"","",99025423,"",,"",0,0,186.493609,,0,,186.493609,,145.97965299999998,,74.489671,
2025,03,BSNZ,ZZ,REP,"","",99025426,"",,"",0,0,0,,0,,0,,-0.633097,,-15.550569,
2025,03,BSNZ,ZZ,REP,"","",99025437,"",,"",0,0,135.302789,,0,,135.302789,,105.770696,,51.397732,
2025,03,BSNZ,ZZ,REP,"","",99025438,"",,"",0,0,4020.22152,,0,,4020.22152,,2028.0333039999998,,1555.696993,
2025,03,BSNZ,ZZ,REP,"","",99025445,"",,"",0,0,0,,0,,0,,-0.034138,,-0.838517,
2025,03,BSNZ,ZZ,REP,"","",99025446,"",,"",0,0,0,,0,,0,,-0.033748,,-0.828938,
2025,03,BSNZ,ZZ,REP,"","",99025454,"",,"",0,0,0,,0,,0,,-0.03882,,-0.953534,
2025,03,BSNZ,ZZ,REP,"","",99025458,"",,"",0,0,0,,0,,0,,-0.036917,,-0.906787,
2025,03,BSNZ,ZZ,REP,"","",99025488,"",,"",0,0,0,,0,,0,,-0.015600000000000003,,-0.3831760000000006,
2025,03,BSNZ,ZZ,REP,"","",99025491,"",,"",0,0,0,,0,,0,,0,,0,
2025,03,BSNZ,ZZ,REP,"","",99025495,"",,"",0,0,276.4684,,0,,276.4684,,250.270516,,105.440808,
2025,03,BSNZ,ZZ,REP,"","",99025496,"",,"",0,0,0,,0,,0,,-0.06422,,-1.577409,
2025,03,BSNZ,ZZ,REP,"","",99025504,"",,"",0,0,210.313422,,0,,210.313422,,151.265861,,84.00383099999999,
2025,03,BSNZ,ZZ,REP,"","",99025530,"",,"",0,0,0,,0,,0,,-0.15498,,-3.806728,
2025,03,BSNZ,ZZ,REP,"","",99025534,"",,"",0,0,0,,0,,0,,-0.05954,,-1.462456,
2025,03,BSNZ,ZZ,REP,"","",99025546,"",,"",0,0,0,,0,,0,,-0.02938,,-0.721649,
2025,03,BSNZ,ZZ,REP,"","",99025837,"",,"",0,0,0,,0,,0,,-0.204913,,-5.033212,
2025,03,BSNZ,ZZ,REP,"","",99025959,"",,"",0,0,83.196251,,0,,83.196251,,55.826065,,33.230422,
2025,03,BSNZ,ZZ,REP,"","",99026045,"",,"",0,0,268.014768,,0,,268.014768,,263.548783,,104.560378,
2025,03,BSNZ,ZZ,REP,"","",99026047,"",,"",0,0,0,,0,,0,,-0.031959,,-0.785,
2025,03,BSNZ,ZZ,REP,"","",99026049,"",,"",0,0,0,,0,,0,,-0.07384,,-1.813701,
2025,03,BSNZ,ZZ,REP,"","",99026093,"",,"",0,0,0,,0,,0,,-0.109132,,-2.680573,
2025,03,BSNZ,ZZ,REP,"","",99026103,"",,"",0,0,0,,0,,0,,-0.0455,,-1.117597,
2025,03,BSNZ,ZZ,REP,"","",99026125,"",,"",0,0,766.661827,,0,,766.661827,,632.498041,,304.993285,
2025,03,BSNZ,ZZ,REP,"","",99026134,"",,"",0,0,227.326776,,0,,227.326776,,166.01732500000003,,89.61813599999999,
2025,03,BSNZ,ZZ,REP,"","",99026139,"",,"",0,0,0,,0,,0,,-0.08528,,-2.094697,
2025,03,BSNZ,ZZ,REP,"","",99026145,"",,"",0,0,91.29253,,0,,91.29253,,63.357808,,29.553607999999993,
2025,03,BSNZ,ZZ,REP,"","",99026146,"",,"",0,0,0,,0,,0,,-0.27585899999999997,,-6.775834000000001,
2025,03,BSNZ,ZZ,REP,"","",99026153,"",,"",0,0,0,,0,,0,,-0.811196,,-19.925165,
2025,03,BSNZ,ZZ,REP,"","",99026154,"",,"",0,0,862.644616,,0,,862.644616,,544.50678,,328.606428,
2025,03,BSNZ,ZZ,REP,"","",99026158,"",,"",0,0,0,,0,,0,,-0.106566,,-2.61754,
2025,03,BSNZ,ZZ,REP,"","",99026160,"",,"",0,0,0,,0,,0,,-0.154959,,-3.806217,
2025,03,BSNZ,ZZ,REP,"","",99026161,"",,"",0,0,1391.722519,,0,,1391.722519,,1131.88579,,555.884743,
2025,03,BSNZ,ZZ,REP,"","",99026167,"",,"",0,0,0,,0,,0,,-0.031395,,-0.771142,
2025,03,BSNZ,ZZ,REP,"","",99026174,"",,"",0,0,0,,0,,0,,-0.111846,,-2.747246,
2025,03,BSNZ,ZZ,REP,"","",99026180,"",,"",0,0,206.203862,,0,,206.203862,,116.648471,,82.362381,
2025,03,BSNZ,ZZ,REP,"","",99026181,"",,"",0,0,0,,0,,0,,-0.805997,,-19.797439,
2025,03,BSNZ,ZZ,REP,"","",99026260,"",,"",0,0,0,,0,,0,,-0.411318,,-10.10308,
2025,03,BSNZ,ZZ,REP,"","",99026274,"",,"",0,0,629.834705,,0,,629.834705,,541.759231,,241.433234,
2025,03,BSNZ,ZZ,REP,"","",99026286,"",,"",0,0,0,,0,,0,,-0.066929,,-1.643954,
2025,03,BSNZ,ZZ,REP,"","",99026288,"",,"",0,0,0,,0,,0,,-0.0273,,-0.670558,
2025,03,BSNZ,ZZ,REP,"","",99026305,"",,"",0,0,0,,0,,0,,-0.253499,,-6.226614,
2025,03,BSNZ,ZZ,REP,"","",99026309,"",,"",0,0,73.983243,,0,,73.983243,,60.170459,,29.550543,
2025,03,BSNZ,ZZ,REP,"","",99026312,"",,"",0,0,0,,0,,0,,-0.189794,,-4.66185,
2025,03,BSNZ,ZZ,REP,"","",99026314,"",,"",0,0,247.640062,,0,,247.640062,,197.88312200000001,,98.912916,
2025,03,BSNZ,ZZ,REP,"","",99026329,"",,"",0,0,103.7608,,0,,103.7608,,68.16020499999999,,41.444357999999994,
2025,03,BSNZ,ZZ,REP,"","",99026340,"",,"",0,0,0,,0,,0,,-0.389998,,-9.579406,
2025,03,BSNZ,ZZ,REP,"","",99026344,"",,"",0,0,0,,0,,0,,-0.052608,,-1.292198,
2025,03,BSNZ,ZZ,REP,"","",99026353,"",,"",0,0,0,,0,,0,,-0.052613,,-1.292326,
2025,03,BSNZ,ZZ,REP,"","",99026355,"",,"",0,0,139.216921,,0,,139.216921,,96.214905,,55.606316,
2025,03,BSNZ,ZZ,REP,"","",99026356,"",,"",0,0,0,,0,,0,,-0.110861,,-2.723042,
2025,03,BSNZ,ZZ,REP,"","",99026363,"",,"",0,0,674.570836,,0,,674.570836,,371.475441,,258.827844,
2025,03,BSNZ,ZZ,REP,"","",99026365,"",,"",0,0,679.6463660000001,,0,,679.6463660000001,,554.894999,,271.465785,
2025,03,BSNZ,ZZ,REP,"","",99026381,"",,"",0,0,359.307298,,0,,359.307298,,281.168466,,143.515279,
2025,03,BSNZ,ZZ,REP,"","",99026389,"",,"",0,0,0,,0,,0,,-0.320808,,-7.879892,
2025,03,BSNZ,ZZ,REP,"","",99026421,"",,"",0,0,944.361202,,0,,944.361202,,719.447506,,377.19874300000004,
2025,03,BSNZ,ZZ,REP,"","",99026424,"",,"",0,0,1571.5939300000002,,0,,1571.5939300000002,,1236.211002,,607.936839,
2025,03,BSNZ,ZZ,REP,"","",99026430,"",,"",0,0,0,,0,,0,,-0.18877,,-4.636688,
2025,03,BSNZ,ZZ,REP,"","",99026442,"",,"",0,0,121.265515,,0,,121.265515,,91.845466,,47.093669999999996,
2025,03,BSNZ,ZZ,REP,"","",99026447,"",,"",0,0,0,,0,,0,,-0.02743,,-0.673752,
2025,03,BSNZ,ZZ,REP,"","",99026456,"",,"",0,0,0,,0,,0,,-1.288554,,-31.650358,
2025,03,BSNZ,ZZ,REP,"","",99026468,"",,"",0,0,82.760727,,0,,82.760727,,75.586362,,33.056464,
2025,03,BSNZ,ZZ,REP,"","",99026472,"",,"",0,0,14206.078108999998,,0,,14206.078108999998,,12254.023093999998,,5653.798379,
2025,03,BSNZ,ZZ,REP,"","",99026474,"",,"",0,0,0,,0,,0,,-0.013855,,-0.340324,
2025,03,BSNZ,ZZ,REP,"","",99026486,"",,"",0,0,136.240841,,0,,136.240841,,80.827817,,53.778977,
2025,03,BSNZ,ZZ,REP,"","",99026489,"",,"",0,0,15.466686,,0,,15.466686,,15.825803,,5.420579,
2025,03,BSNZ,ZZ,REP,"","",99026493,"",,"",0,0,0,,0,,0,,-0.0975,,-2.394852,
2025,03,BSNZ,ZZ,REP,"","",99026494,"",,"",0,0,0,,0,,0,,-0.103477,,-2.541672,
2025,03,BSNZ,ZZ,REP,"","",99026498,"",,"",0,0,0,,0,,0,,-0.119599,,-2.937685,
2025,03,BSNZ,ZZ,REP,"","",99026502,"",,"",0,0,0,,0,,0,,-0.121991,,-2.996438,
2025,03,BSNZ,ZZ,REP,"","",99026524,"",,"",0,0,138.379375,,0,,138.379375,,118.53833,,55.271782,
2025,03,BSNZ,ZZ,REP,"","",99026526,"",,"",0,0,0,,0,,0,,-0.138016,,-3.3900240000000004,
2025,03,BSNZ,ZZ,REP,"","",99026554,"",,"",0,0,0,,0,,0,,-0.571998,,-14.049796,
2025,03,BSNZ,ZZ,REP,"","",99026557,"",,"",0,0,1885.037202,,0,,1885.037202,,1989.333085,,691.3823189999999,
2025,03,BSNZ,ZZ,REP,"","",99026587,"",,"",0,0,230.503868,,0,,230.503868,,190.637625,,91.133455,
2025,03,BSNZ,ZZ,REP,"","",99026592,"",,"",0,0,0,,0,,0,,-0.124799,,-3.06541,
2025,03,BSNZ,ZZ,REP,"","",99026598,"",,"",0,0,0,,0,,0,,-0.07522,,-1.847612,
2025,03,BSNZ,ZZ,REP,"","",99026600,"",,"",0,0,0,,0,,0,,-0.277554,,-6.817472,
2025,03,BSNZ,ZZ,REP,"","",99026602,"",,"",0,0,238.080869,,0,,238.080869,,221.653982,,95.094763,
2025,03,BSNZ,ZZ,REP,"","",99026608,"",,"",0,0,0,,0,,0,,-0.588273,,-14.449576,
2025,03,BSNZ,ZZ,REP,"","",99026712,"",,"",0,0,245.680204,,0,,245.680204,,252.319043,,90.977482,
2025,03,BSNZ,ZZ,REP,"","",99026799,"",,"",0,0,0,,0,,0,,-0.175148,,-4.302111,
2025,03,BSNZ,ZZ,REP,"","",99026801,"",,"",0,0,0,,0,,0,,-0.156605,,-3.846642,
2025,03,BSNZ,ZZ,REP,"","",99026820,"",,"",0,0,0,,0,,0,,-0.488663,,-12.002868,
2025,03,BSNZ,ZZ,REP,"","",99027063,"",,"",0,0,418.28171499999996,,0,,418.28171499999996,,5.0817630000000005,,155.262686,
2025,03,BSNZ,ZZ,REP,"","",99027077,"",,"",0,0,195.427435,,0,,195.427435,,171.224843,,78.058038,
2025,03,BSNZ,ZZ,REP,"","",99027111,"",,"",0,0,0,,0,,0,,-0.496128,,-12.186218,
2025,03,BSNZ,ZZ,REP,"","",99027114,"",,"",0,0,0,,0,,0,,-0.132872,,-3.263704,
2025,03,BSNZ,ZZ,REP,"","",99027129,"",,"",0,0,245.657869,,0,,245.657869,,219.912144,,98.121184,
2025,03,BSNZ,ZZ,REP,"","",99027132,"",,"",0,0,692.371484,,0,,692.371484,,495.654283,,276.548478,
2025,03,BSNZ,ZZ,REP,"","",99027336,"",,"",0,0,0,,0,,0,,-0.325303,,-7.990311,
2025,03,BSNZ,ZZ,REP,"","",99027356,"",,"",0,0,944.216028,,0,,944.216028,,516.759407,,377.140757,
2025,03,BSNZ,ZZ,REP,"","",99027359,"",,"",0,0,0,,0,,0,,-0.081697,,-2.006694,
2025,03,BSNZ,ZZ,REP,"","",99027374,"",,"",0,0,0,,0,,0,,-0.204887,,-5.032573,
2025,03,BSNZ,ZZ,REP,"","",99027408,"",,"",0,0,0,,0,,0,,-0.228149,,-5.603953,
2025,03,BSNZ,ZZ,REP,"","",99027491,"",,"",0,0,0,,0,,0,,-0.187064,,-4.594794,
2025,03,BSNZ,ZZ,REP,"","",99027500,"",,"",0,0,932.468047,,0,,932.468047,,944.868442,,372.448353,
2025,03,BSNZ,ZZ,REP,"","",99027508,"",,"",0,0,2622.602675,,0,,2622.602675,,2161.774778,,1036.004658,
2025,03,BSNZ,ZZ,REP,"","",99027510,"",,"",0,0,0,,0,,0,,-0.0208,,-0.510902,
2025,03,BSNZ,ZZ,REP,"","",99027515,"",,"",0,0,345.437534,,0,,345.437534,,263.599331,,136.123369,
2025,03,BSNZ,ZZ,REP,"","",99027527,"",,"",0,0,0,,0,,0,,-2.483946,,-61.012387000000004,
2025,03,BSNZ,ZZ,REP,"","",99027586,"",,"",0,0,241.771655,,0,,241.771655,,177.627945,,87.844021,
2025,03,BSNZ,ZZ,REP,"","",99027593,"",,"",0,0,0,,0,,0,,-0.158568,,-3.894859,
2025,03,BSNZ,ZZ,REP,"","",99027594,"",,"",0,0,0,,0,,0,,-0.379078,,-9.311183,
2025,03,BSNZ,ZZ,REP,"","",99027595,"",,"",0,0,0,,0,,0,,-0.165359,,-4.061668,
2025,03,BSNZ,ZZ,REP,"","",99027944,"",,"",0,0,0,,0,,0,,0,,0,
2025,03,BSNZ,ZZ,REP,"","",99027951,"",,"",0,0,0,,0,,0,,-0.200168,,-4.916662,
2025,03,BSNZ,ZZ,REP,"","",99027953,"",,"",0,0,934.768507,,0,,934.768507,,760.281529,,373.367208,
2025,03,BSNZ,ZZ,REP,"","",99027954,"",,"",0,0,18.090997,,0,,18.090997,,15.003445,,6.396048,
2025,03,BSNZ,ZZ,REP,"","",99027958,"",,"",0,0,0,,0,,0,,-0.140397,,-3.448522,
2025,03,BSNZ,ZZ,REP,"","",99027960,"",,"",0,0,0,,0,,0,,-0.069487,,-1.706795,
2025,03,BSNZ,ZZ,REP,"","",99027961,"",,"",0,0,788.410109,,0,,788.410109,,668.340003,,305.90429700000004,
2025,03,BSNZ,ZZ,REP,"","",99027966,"",,"",0,0,0,,0,,0,,-0.133899,,-3.288929,
2025,03,BSNZ,ZZ,REP,"","",99027968,"",,"",0,0,248.304515,,0,,248.304515,,143.33978499999998,,99.178313,
2025,03,BSNZ,ZZ,REP,"","",99027973,"",,"",0,0,0,,0,,0,,-0.15496,,-3.806217,
2025,03,BSNZ,ZZ,REP,"","",99027975,"",,"",0,0,0,,0,,0,,-0.039,,-0.957941,
2025,03,BSNZ,ZZ,REP,"","",99027980,"",,"",0,0,1695.171073,,0,,1695.171073,,1591.971447,,660.101771,
2025,03,BSNZ,ZZ,REP,"","",99027990,"",,"",0,0,101.694853,,0,,101.694853,,76.366933,,38.246674,
2025,03,BSNZ,ZZ,REP,"","",99028015,"",,"",0,0,0,,0,,0,,-0.010397,,-0.255387,
2025,03,BSNZ,ZZ,REP,"","",99028021,"",,"",0,0,42.435672,,0,,42.435672,,44.066201,,15.708638,
2025,03,BSNZ,ZZ,REP,"","",99028026,"",,"",0,0,0,,0,,0,,-0.103451,,-2.541033,
2025,03,BSNZ,ZZ,REP,"","",99028027,"",,"",0,0,0,,0,,0,,-0.598517,,-14.701195,
2025,03,BSNZ,ZZ,REP,"","",99028028,"",,"",0,0,0,,0,,0,,-0.003957,,-0.097199,
2025,03,BSNZ,ZZ,REP,"","",99028029,"",,"",0,0,0,,0,,0,,-5.126138,,-125.91171399999999,
2025,03,BSNZ,ZZ,REP,"","",99028034,"",,"",0,0,0,,0,,0,,-0.14664,,-3.601857,
2025,03,BSNZ,ZZ,REP,"","",99028054,"",,"",0,0,0,,0,,0,,-0.198327,,-4.871447,
2025,03,BSNZ,ZZ,REP,"","",99028055,"",,"",0,0,0,,0,,0,,-0.165718,,-4.070481,
2025,03,BSNZ,ZZ,REP,"","",99028101,"",,"",0,0,159.133769,,0,,159.133769,,129.42325,,63.561545,
2025,03,BSNZ,ZZ,REP,"","",99028104,"",,"",0,0,0,,0,,0,,-0.07644,,-1.877564,
2025,03,BSNZ,ZZ,REP,"","",99028111,"",,"",0,0,971.9611400000001,,0,,971.9611400000001,,702.5052559999999,,388.222767,
2025,03,BSNZ,ZZ,REP,"","",99028118,"",,"",0,0,0,,0,,0,,-0.048914,,-1.201449,
2025,03,BSNZ,ZZ,REP,"","",99028146,"",,"",0,0,164.940755,,0,,164.940755,,137.094226,,65.880984,
2025,03,BSNZ,ZZ,REP,"","",99028153,"",,"",0,0,29.593297,,0,,29.593297,,29.226811,,11.666947,
2025,03,BSNZ,ZZ,REP,"","",99028164,"",,"",0,0,792.731847,,0,,792.731847,,663.8281149999999,,316.634626,
2025,03,BSNZ,ZZ,REP,"","",99028179,"",,"",0,0,0,,0,,0,,-0.200371,,-4.921643,
2025,03,BSNZ,ZZ,REP,"","",99028182,"",,"",0,0,1591.337685,,0,,1591.337685,,1294.232499,,635.615453,
2025,03,BSNZ,ZZ,REP,"","",99028184,"",,"",0,0,0,,0,,0,,-0.919356,,-22.581853,
2025,03,BSNZ,ZZ,REP,"","",99028193,"",,"",0,0,266.730531,,0,,266.730531,,189.294895,,101.933633,
2025,03,BSNZ,ZZ,REP,"","",99028200,"",,"",0,0,586.282305,,0,,586.282305,,366.824772,,234.174114,
2025,03,BSNZ,ZZ,REP,"","",99028202,"",,"",0,0,0,,0,,0,,-0.686865,,-16.87125,
2025,03,BSNZ,ZZ,REP,"","",99028212,"",,"",0,0,16.750923,,0,,16.750923,,0.1484959999999944,,4.866514999999993,
2025,03,BSNZ,ZZ,REP,"","",99028223,"",,"",0,0,0,,0,,0,,-0.0364,,-0.894078,
2025,03,BSNZ,ZZ,REP,"","",99028226,"",,"",0,0,0,,0,,0,,0,,0,
2025,03,BSNZ,ZZ,REP,"","",99028268,"",,"",0,0,376.460244,,0,,376.460244,,264.469684,,146.044316,
2025,03,BSNZ,ZZ,REP,"","",99028280,"",,"",0,0,0,,0,,0,,-0.506103,,-12.431259,
2025,03,BSNZ,ZZ,REP,"","",99028289,"",,"",0,0,139.591025,,0,,139.591025,,109.062254,,55.755742,
2025,03,BSNZ,ZZ,REP,"","",99028297,"",,"",0,0,636.535074,,0,,636.535074,,528.726274,,254.246181,
2025,03,BSNZ,ZZ,REP,"","",99028302,"",,"",0,0,547.196818,,0,,547.196818,,398.131749,,218.562507,
2025,03,BSNZ,ZZ,REP,"","",99028323,"",,"",0,0,111.67282,,0,,111.67282,,78.43636300000001,,42.075630000000004,
2025,03,BSNZ,ZZ,REP,"","",99028324,"",,"",0,0,0,,0,,0,,-0.050154,,-1.231912,
2025,03,BSNZ,ZZ,REP,"","",99028327,"",,"",0,0,290.349332,,0,,290.349332,,146.667212,,112.651081,
2025,03,BSNZ,ZZ,REP,"","",99028329,"",,"",0,0,0,,0,,0,,-0.28229099999999996,,-6.93383,
2025,03,BSNZ,ZZ,REP,"","",99028332,"",,"",0,0,0,,0,,0,,-0.160378,,-3.939307,
2025,03,BSNZ,ZZ,REP,"","",99028335,"",,"",0,0,0,,0,,0,,-0.0988,,-2.426783,
2025,03,BSNZ,ZZ,REP,"","",99028391,"",,"",0,0,0,,0,,0,,-0.271512,,-6.669055,
2025,03,BSNZ,ZZ,REP,"","",99028392,"",,"",0,0,0,,0,,0,,0,,0,
2025,03,BSNZ,ZZ,REP,"","",99028395,"",,"",0,0,0,,0,,0,,0,,0,
2025,03,BSNZ,ZZ,REP,"","",99028396,"",,"",0,0,0,,0,,0,,0,,0,
2025,03,BSNZ,ZZ,REP,"","",99028400,"",,"",0,0,39.74994,,0,,39.74994,,35.873061,,15.877005,
2025,03,BSNZ,ZZ,REP,"","",99028403,"",,"",0,0,0,,0,,0,,-0.077997,,-1.915817,
2025,03,BSNZ,ZZ,REP,"","",99028404,"",,"",0,0,0,,0,,0,,0,,0,
2025,03,BSNZ,ZZ,REP,"","",99028405,"",,"",0,0,0,,0,,0,,-0.164163,,-4.032291,
2025,03,BSNZ,ZZ,REP,"","",99028407,"",,"",0,0,199.615166,,0,,199.615166,,156.204704,,79.73071,
2025,03,BSNZ,ZZ,REP,"","",99028413,"",,"",0,0,265.33462,,0,,265.33462,,243.887479,,84.995228,
2025,03,BSNZ,ZZ,REP,"","",99028419,"",,"",0,0,0,,0,,0,,-0.172182,,-4.229244,
2025,03,BSNZ,ZZ,REP,"","",99028454,"",,"",0,0,1185.406985,,0,,1185.406985,,937.06486,,473.477757,
2025,03,BSNZ,ZZ,REP,"","",99028456,"",,"",0,0,0,,0,,0,,-0.09204000000000001,,-2.26074,
2025,03,BSNZ,ZZ,REP,"","",99028461,"",,"",0,0,0,,0,,0,,0,,0,
2025,03,BSNZ,ZZ,REP,"","",99028474,"",,"",0,0,8583.172945,,0,,8583.172945,,7132.779775,,3428.309035,
2025,03,BSNZ,ZZ,REP,"","",99028477,"",,"",0,0,0,,0,,0,,0,,0,
2025,03,BSNZ,ZZ,REP,"","",99028478,"",,"",0,0,3563.507605,,0,,3563.507605,,3090.6790410000003,,1414.676656,
2025,03,BSNZ,ZZ,REP,"","",99028485,"",,"",0,0,0,,0,,0,,-0.699376,,-17.178557,
2025,03,BSNZ,ZZ,REP,"","",99028487,"",,"",0,0,233.92664,,0,,233.92664,,212.364369,,62.73794600000001,
2025,03,BSNZ,ZZ,REP,"","",99028580,"",,"",0,0,0,,0,,0,,-0.916545,,-22.512818000000003,
2025,03,BSNZ,ZZ,REP,"","",99028592,"",,"",0,0,487.959971,,0,,487.959971,,324.013433,,190.361361,
2025,03,BSNZ,ZZ,REP,"","",99028610,"",,"",0,0,0,,0,,0,,-0.436798,,-10.728935,
2025,03,BSNZ,ZZ,REP,"","",99028635,"",,"",0,0,0,,0,,0,,-2.33609,,-57.380643,
2025,03,BSNZ,ZZ,REP,"","",99028665,"",,"",0,0,133.046998,,0,,133.046998,,124.609423,,53.141912,
2025,03,BSNZ,ZZ,REP,"","",99028667,"",,"",0,0,0,,0,,0,,-0.221992,,-5.452726,
2025,03,BSNZ,ZZ,REP,"","",99028668,"",,"",0,0,0,,0,,0,,-0.11206,,-2.752483,
2025,03,BSNZ,ZZ,REP,"","",99028683,"",,"",0,0,0,,0,,0,,-0.052057,,-1.278659,
2025,03,BSNZ,ZZ,REP,"","",99028690,"",,"",0,0,0,,0,,0,,-0.677848,,-16.649774,
2025,03,BSNZ,ZZ,REP,"","",99028711,"",,"",0,0,1228.40102,,0,,1228.40102,,941.388822,,490.650525,
2025,03,BSNZ,ZZ,REP,"","",99028718,"",,"",0,0,0,,0,,0,,-0.124799,,-3.06541,
2025,03,BSNZ,ZZ,REP,"","",99028720,"",,"",0,0,298.724794,,0,,298.724794,,240.96602099999998,,111.670814,
2025,03,BSNZ,ZZ,REP,"","",99028723,"",,"",0,0,389.129525,,0,,389.129525,,354.51871800000004,,150.71003499999998,
2025,03,BSNZ,ZZ,REP,"","",99028741,"",,"",0,0,0,,0,,0,,-0.363686,,-8.933116,
2025,03,BSNZ,ZZ,REP,"","",99028786,"",,"",0,0,216.232081,,0,,216.232081,,163.126052,,86.367874,
2025,03,BSNZ,ZZ,REP,"","",99028805,"",,"",0,0,806.836125,,0,,806.836125,,656.0032199999999,,317.469542,
2025,03,BSNZ,ZZ,REP,"","",99028815,"",,"",0,0,0,,0,,0,,-0.266889,,-6.555507,
2025,03,BSNZ,ZZ,REP,"","",99028816,"",,"",0,0,69.795513,,0,,69.795513,,49.064742,,27.877871,
2025,03,BSNZ,ZZ,REP,"","",99028817,"",,"",0,0,88.779892,,0,,88.779892,,62.410843,,35.460652,
2025,03,BSNZ,ZZ,REP,"","",99028834,"",,"",0,0,0,,0,,0,,-0.507653,,-12.469321,
2025,03,BSNZ,ZZ,REP,"","",99028842,"",,"",0,0,0,,0,,0,,-0.272364,,-6.690002,
2025,03,BSNZ,ZZ,REP,"","",99028848,"",,"",0,0,43.5524,,0,,43.5524,,26.263929,,17.395791,
2025,03,BSNZ,ZZ,REP,"","",99028856,"",,"",0,0,114.75499,,0,,114.75499,,60.600987,,45.83568,
2025,03,BSNZ,ZZ,REP,"","",99028857,"",,"",0,0,0,,0,,0,,-4.55726,,-111.93855500000001,
2025,03,BSNZ,ZZ,REP,"","",99028865,"",,"",0,0,128.524249,,0,,128.524249,,91.46126100000001,,50.528265,
2025,03,BSNZ,ZZ,REP,"","",99028889,"",,"",0,0,1105.560918,,0,,1105.560918,,996.44036,,441.585473,
2025,03,BSNZ,ZZ,REP,"","",99028891,"",,"",0,0,213.998625,,0,,213.998625,,159.187802,,85.475782,
2025,03,BSNZ,ZZ,REP,"","",99028892,"",,"",0,0,0,,0,,0,,-1.325994,,-32.569981,
2025,03,BSNZ,ZZ,REP,"","",99028895,"",,"",0,0,41.877308,,0,,41.877308,,31.713621,,16.726722,
2025,03,BSNZ,ZZ,REP,"","",99028897,"",,"",0,0,0,,0,,0,,-0.202123,,-4.964687,
2025,03,BSNZ,ZZ,REP,"","",99028898,"",,"",0,0,341.17163300000004,,0,,341.17163300000004,,200.838621,,130.31252699999996,
2025,03,BSNZ,ZZ,REP,"","",99028899,"",,"",0,0,0,,0,,0,,-0.113123,,-2.778603,
2025,03,BSNZ,ZZ,REP,"","",99028902,"",,"",0,0,0,,0,,0,,-0.408718,,-10.039218,
2025,03,BSNZ,ZZ,REP,"","",99028907,"",,"",0,0,0,,0,,0,,-0.313475,,-7.699799,
2025,03,BSNZ,ZZ,REP,"","",99028911,"",,"",0,0,375.61153,,0,,375.61153,,297.526055,,148.755404,
2025,03,BSNZ,ZZ,REP,"","",99028918,"",,"",0,0,195.427435,,0,,195.427435,,337.617345,,78.058038,
2025,03,BSNZ,ZZ,REP,"","",99028925,"",,"",0,0,0,,0,,0,,-0.021785,,-0.535106,
2025,03,BSNZ,ZZ,REP,"","",99028939,"",,"",0,0,1072.059072,,0,,1072.059072,,1240.930163,,415.942455,
2025,03,BSNZ,ZZ,REP,"","",99028940,"",,"",0,0,243.100562,,0,,243.100562,,190.48944600000002,,88.410515,
2025,03,BSNZ,ZZ,REP,"","",99028955,"",,"",0,0,0,,0,,0,,-0.236565,,-5.810676,
2025,03,BSNZ,ZZ,REP,"","",99028958,"",,"",0,0,3795.84849,,0,,3795.84849,,3389.510499,,1452.5835110000003,
2025,03,BSNZ,ZZ,REP,"","",99028968,"",,"",0,0,0,,0,,0,,-0.191619,,-4.706682,
2025,03,BSNZ,ZZ,REP,"","",99028973,"",,"",0,0,0,,0,,0,,-0.0299,,-0.734421,
2025,03,BSNZ,ZZ,REP,"","",99029169,"",,"",0,0,176.387219,,0,,176.387219,,138.028156,,70.452955,
2025,03,BSNZ,ZZ,REP,"","",99029233,"",,"",0,0,0,,0,,0,,-0.250379,,-6.149979,
2025,03,BSNZ,ZZ,REP,"","",99029668,"",,"",0,0,1331.698379,,0,,1331.698379,,1083.068249,,531.909774,
2025,03,BSNZ,ZZ,REP,"","",99029674,"",,"",0,0,0,,0,,0,,-0.361898,,-8.889178,
2025,03,BSNZ,ZZ,REP,"","",99029675,"",,"",0,0,0,,0,,0,,-0.899076,,-22.083724,
2025,03,BSNZ,ZZ,REP,"","",99029676,"",,"",0,0,508.904208,,0,,508.904208,,362.52676099999996,,191.546742,
2025,03,BSNZ,ZZ,REP,"","",99029677,"",,"",0,0,16.750923,,0,,16.750923,,0.12656200000000561,,4.327768000000006,
2025,03,BSNZ,ZZ,REP,"","",99029681,"",,"",0,0,262.526049,,0,,262.526049,,235.379805,,104.858708,
2025,03,BSNZ,ZZ,REP,"","",99029683,"",,"",0,0,627.651501,,0,,627.651501,,496.93445399999996,,237.45122800000001,
2025,03,BSNZ,ZZ,REP,"","",99029701,"",,"",0,0,0,,0,,0,,-0.07150000000000001,,-1.756224,
2025,03,BSNZ,ZZ,REP,"","",99029727,"",,"",0,0,422.2461,,0,,422.2461,,343.414339,,168.654427,
2025,03,BSNZ,ZZ,REP,"","",99029734,"",,"",0,0,53.441028,,0,,53.441028,,38.121079,,21.345528,
2025,03,BSNZ,ZZ,REP,"","",99029737,"",,"",0,0,0,,0,,0,,-0.145969,,-3.58538,
2025,03,BSNZ,ZZ,REP,"","",99029748,"",,"",0,0,0,,0,,0,,-0.04524,,-1.111211,
2025,03,BSNZ,ZZ,REP,"","",99029768,"",,"",0,0,0,,0,,0,,-0.053131,,-1.305034,
2025,03,BSNZ,ZZ,REP,"","",99029771,"",,"",0,0,176.582647,,0,,176.582647,,143.614395,,70.531013,
2025,03,BSNZ,ZZ,REP,"","",99029772,"",,"",0,0,493.67203600000005,,0,,493.67203600000005,,368.160043,,195.77203100000003,
2025,03,BSNZ,ZZ,REP,"","",99029773,"",,"",0,0,0,,0,,0,,-0.01976,,-0.485357,
2025,03,BSNZ,ZZ,REP,"","",99029776,"",,"",0,0,0,,0,,0,,-2.40239,,-59.009142,
2025,03,BSNZ,ZZ,REP,"","",99029779,"",,"",0,0,79.097858,,0,,79.097858,,69.01601099999999,,30.497549,
2025,03,BSNZ,ZZ,REP,"","",99029784,"",,"",0,0,0,,0,,0,,-0.110939,,-2.724958,
2025,03,BSNZ,ZZ,REP,"","",99029788,"",,"",0,0,0,,0,,0,,-0.0286,,-0.70249,
2025,03,BSNZ,ZZ,REP,"","",99029793,"",,"",0,0,247.963913,,0,,247.963913,,161.48209,,99.042269,
2025,03,BSNZ,ZZ,REP,"","",99029801,"",,"",0,0,115.408276,,0,,115.408276,,90.259525,,44.742728,
2025,03,BSNZ,ZZ,REP,"","",99029813,"",,"",0,0,0,,0,,0,,-0.130727,,-3.211017,
2025,03,BSNZ,ZZ,REP,"","",99029823,"",,"",0,0,838.662878,,0,,838.662878,,682.306578,,334.980495,
2025,03,BSNZ,ZZ,REP,"","",99029834,"",,"",0,0,97.897978,,0,,97.897978,,85.673006,,37.787556,
2025,03,BSNZ,ZZ,REP,"","",99029843,"",,"",0,0,513.694972,,0,,513.694972,,411.75699999999995,,205.181129,
2025,03,BSNZ,ZZ,REP,"","",99029854,"",,"",0,0,105.458228,,0,,105.458228,,81.248499,,42.122348,
2025,03,BSNZ,ZZ,REP,"","",99029855,"",,"",0,0,0,,0,,0,,-0.35239700000000007,,-8.655824,
2025,03,BSNZ,ZZ,REP,"","",99029862,"",,"",0,0,1284.058753,,0,,1284.058753,,1048.932869,,512.881455,
2025,03,BSNZ,ZZ,REP,"","",99029863,"",,"",0,0,119.646259,,0,,119.646259,,85.345727,,47.789361,
2025,03,BSNZ,ZZ,REP,"","",99029866,"",,"",0,0,0,,0,,0,,-0.0455,,-1.117597,
2025,03,BSNZ,ZZ,REP,"","",99029867,"",,"",0,0,285.497148,,0,,285.497148,,198.040234,,112.384555,
2025,03,BSNZ,ZZ,REP,"","",99029917,"",,"",0,0,410.40319700000003,,0,,410.40319700000003,,317.727143,,159.22917999999999,
2025,03,BSNZ,ZZ,REP,"","",99029989,"",,"",0,0,0,,0,,0,,-0.079742,,-1.958669,
2025,03,BSNZ,ZZ,REP,"","",99030040,"",,"",0,0,0,,0,,0,,-0.662763,,-16.279243,
2025,03,BSNZ,ZZ,REP,"","",99030090,"",,"",0,0,423.725765,,0,,423.725765,,364.10465500000004,,169.245438,
2025,03,BSNZ,ZZ,REP,"","",99030092,"",,"",0,0,0,,0,,0,,0,,0,
2025,03,BSNZ,ZZ,REP,"","",99030103,"",,"",0,0,0,,0,,0,,-0.558348,,-13.714516,
2025,03,BSNZ,ZZ,REP,"","",99030113,"",,"",0,0,0,,0,,0,,-0.059277,,-1.456006,
2025,03,BSNZ,ZZ,REP,"","",99030123,"",,"",0,0,0,,0,,0,,-0.139099,,-3.416655,
2025,03,BSNZ,ZZ,REP,"","",99030133,"",,"",0,0,33.501846,,0,,33.501846,,0.4455230000000938,,13.381377999999984,
2025,03,BSNZ,ZZ,REP,"","",99030134,"",,"",0,0,301.516614,,0,,301.516614,,266.369336,,118.676178,
2025,03,BSNZ,ZZ,REP,"","",99030138,"",,"",0,0,891.886144,,0,,891.886144,,709.815843,,356.239044,
2025,03,BSNZ,ZZ,REP,"","",99030250,"",,"",0,0,0,,0,,0,,-0.1131,,-2.778028,
2025,03,BSNZ,ZZ,REP,"","",99031585,"",,"",0,0,81.912013,,0,,81.912013,,71.29394699999999,,29.051877,
2025,03,BSNZ,ZZ,REP,"","",99033630,"",,"",0,0,770.464286,,0,,770.464286,,557.702397,,306.299089,
2025,03,BSNZ,ZZ,REP,"","",99035200,"",,"",0,0,791.268933,,0,,791.268933,,421.813659,,316.050306,
2025,03,BSNZ,ZZ,REP,"","",99035770,"",,"",0,0,79.31562,,0,,79.31562,,63.302032,,30.054915,
2025,03,BSNZ,ZZ,REP,"","",99035771,"",,"",0,0,0,,0,,0,,-0.026307,,-0.646163,
2025,03,BSNZ,ZZ,REP,"","",99035772,"",,"",0,0,0,,0,,0,,-0.582579,,-14.309718,
2025,03,BSNZ,ZZ,REP,"","",99035787,"",,"",0,0,0,,0,,0,,-0.034218,,-0.840497,
2025,03,BSNZ,ZZ,REP,"","",99035799,"",,"",0,0,238.231627,,0,,238.231627,,217.579929,,95.154979,
2025,03,BSNZ,ZZ,REP,"","",99035805,"",,"",0,0,918.972387,,0,,918.972387,,493.419104,,367.057888,
2025,03,BSNZ,ZZ,REP,"","",99035806,"",,"",0,0,949.21897,,0,,949.21897,,565.403616,,379.139042,
2025,03,BSNZ,ZZ,REP,"","",99035813,"",,"",0,0,120.952831,,0,,120.952831,,99.818429,,46.784916,
2025,03,BSNZ,ZZ,REP,"","",99035833,"",,"",0,0,0,,0,,0,,-0.152089,,-3.735713,
2025,03,BSNZ,ZZ,REP,"","",99035844,"",,"",0,0,0,,0,,0,,-0.204731,,-5.028741,
2025,03,BSNZ,ZZ,REP,"","",99035847,"",,"",0,0,1630.423172,,0,,1630.423172,,822.599593,,651.227061,
2025,03,BSNZ,ZZ,REP,"","",99035848,"",,"",0,0,0,,0,,0,,-0.55567,,-13.648738,
2025,03,BSNZ,ZZ,REP,"","",99035852,"",,"",0,0,0,,0,,0,,-0.078291,,-1.923034,
2025,03,BSNZ,ZZ,REP,"","",99035853,"",,"",0,0,0,,0,,0,,-1.145712,,-28.141741,
2025,03,BSNZ,ZZ,REP,"","",99035861,"",,"",0,0,0,,0,,0,,-0.686217,,-16.855348,
2025,03,BSNZ,ZZ,REP,"","",99035888,"",,"",0,0,467.350752,,0,,467.350752,,590.9233,,183.940348,
2025,03,BSNZ,ZZ,REP,"","",99035889,"",,"",0,0,0,,0,,0,,-0.174574,,-4.287998,
2025,03,BSNZ,ZZ,REP,"","",99035908,"",,"",0,0,0,,0,,0,,-0.04264,,-1.047348,
2025,03,BSNZ,ZZ,REP,"","",99035918,"",,"",0,0,0,,0,,0,,-0.126983,,-3.119055,
2025,03,BSNZ,ZZ,REP,"","",99035920,"",,"",0,0,0,,0,,0,,-0.286093,,-7.027196999999999,
2025,03,BSNZ,ZZ,REP,"","",99035924,"",,"",0,0,0,,0,,0,,-0.214499,,-5.268673,
2025,03,BSNZ,ZZ,REP,"","",99035928,"",,"",0,0,0,,0,,0,,-0.497183,,-12.212146,
2025,03,BSNZ,ZZ,REP,"","",99035941,"",,"",0,0,263.50877,,0,,263.50877,,170.455129,,105.251228,
2025,03,BSNZ,ZZ,REP,"","",99035944,"",,"",0,0,1010.248166,,0,,1010.248166,,654.157556,,403.515453,
2025,03,BSNZ,ZZ,REP,"","",99035948,"",,"",0,0,0,,0,,0,,-0.409714,,-10.063677,
2025,03,BSNZ,ZZ,REP,"","",99035952,"",,"",0,0,0,,0,,0,,-0.07384,,-1.813701,
2025,03,BSNZ,ZZ,REP,"","",99035954,"",,"",0,0,0,,0,,0,,-0.186549,,-4.582149,
2025,03,BSNZ,ZZ,REP,"","",99035955,"",,"",0,0,0,,0,,0,,-0.298349,,-7.328246,
2025,03,BSNZ,ZZ,REP,"","",99035956,"",,"",0,0,0,,0,,0,,-0.319973,,-7.859392,
2025,03,BSNZ,ZZ,REP,"","",99035964,"",,"",0,0,0,,0,,0,,-0.148043,,-3.636343,
2025,03,BSNZ,ZZ,REP,"","",99035971,"",,"",0,0,0,,0,,0,,-0.836676,,-20.551019,
2025,03,BSNZ,ZZ,REP,"","",99035973,"",,"",0,0,0,,0,,0,,-0.158646,,-3.8967739999999997,
2025,03,BSNZ,ZZ,REP,"","",99035982,"",,"",0,0,0,,0,,0,,0,,0,
2025,03,BSNZ,ZZ,REP,"","",99035986,"",,"",0,0,0,,0,,0,,-0.277288,,-6.810958,
2025,03,BSNZ,ZZ,REP,"","",99035989,"",,"",0,0,0,,0,,0,,-0.09776,,-2.401238,
2025,03,BSNZ,ZZ,REP,"","",99035997,"",,"",0,0,509.496074,,0,,509.496074,,433.839408,,199.367673,
2025,03,BSNZ,ZZ,REP,"","",99036018,"",,"",0,0,0,,0,,0,,-0.03172,,-0.779125,
2025,03,BSNZ,ZZ,REP,"","",99036026,"",,"",0,0,274.542044,,0,,274.542044,,213.56755000000004,,108.962058,
2025,03,BSNZ,ZZ,REP,"","",99036027,"",,"",0,0,0,,0,,0,,-0.493187,,-12.113989,
2025,03,BSNZ,ZZ,REP,"","",99036030,"",,"",0,0,0,,0,,0,,-0.179847,,-4.417511,
2025,03,BSNZ,ZZ,REP,"","",99036033,"",,"",0,0,0,,0,,0,,-1.324434,,-32.531663,
2025,03,BSNZ,ZZ,REP,"","",99036044,"",,"",0,0,0,,0,,0,,-0.0962,,-2.36292,
2025,03,BSNZ,ZZ,REP,"","",99036054,"",,"",0,0,483.286463,,0,,483.286463,,389.791036,,162.922498,
2025,03,BSNZ,ZZ,REP,"","",99036067,"",,"",0,0,0,,0,,0,,-0.571998,,-14.049796,
2025,03,BSNZ,ZZ,REP,"","",99036073,"",,"",0,0,666.647649,,0,,666.647649,,520.481471,,257.726937,
2025,03,BSNZ,ZZ,REP,"","",99036076,"",,"",0,0,159.122602,,0,,159.122602,,122.947511,,60.849306000000006,
2025,03,BSNZ,ZZ,REP,"","",99036082,"",,"",0,0,143.890429,,0,,143.890429,,69.363905,,57.473018,
2025,03,BSNZ,ZZ,REP,"","",99036083,"",,"",0,0,244.563476,,0,,244.563476,,200.6126,,90.300253,
2025,03,BSNZ,ZZ,REP,"","",99036106,"",,"",0,0,307.457608,,0,,307.457608,,281.037309,,122.805366,
2025,03,BSNZ,ZZ,REP,"","",99036110,"",,"",0,0,0,,0,,0,,-1.039998,,-25.545147,
2025,03,BSNZ,ZZ,REP,"","",99036112,"",,"",0,0,0,,0,,0,,-0.421198,,-10.345759,
2025,03,BSNZ,ZZ,REP,"","",99036127,"",,"",0,0,80.700363,,0,,80.700363,,63.152112,,32.233509,
2025,03,BSNZ,ZZ,REP,"","",99036129,"",,"",0,0,398.141522,,0,,398.141522,,248.74659400000002,,156.41064599999999,
2025,03,BSNZ,ZZ,REP,"","",99036137,"",,"",0,0,0,,0,,0,,-0.268004,,-6.582904,
2025,03,BSNZ,ZZ,REP,"","",99036141,"",,"",0,0,0,,0,,0,,-0.313811,,-7.708037,
2025,03,BSNZ,ZZ,REP,"","",99036154,"",,"",0,0,0,,0,,0,,-0.426253,,-10.469908,
2025,03,BSNZ,ZZ,REP,"","",99036159,"",,"",0,0,132.404879,,0,,132.404879,,88.994352,,50.56243,
2025,03,BSNZ,ZZ,REP,"","",99036171,"",,"",0,0,206.594717,,0,,206.594717,,90.968921,,82.518497,
2025,03,BSNZ,ZZ,REP,"","",99036174,"",,"",0,0,2801.4355299999997,,0,,2801.4355299999997,,2189.7276150000002,,1082.785875,
2025,03,BSNZ,ZZ,REP,"","",99036175,"",,"",0,0,0,,0,,0,,-0.27826599999999996,,-6.834971,
2025,03,BSNZ,ZZ,REP,"","",99036178,"",,"",0,0,1765.290437,,0,,1765.290437,,1386.753742,,699.027922,
2025,03,BSNZ,ZZ,REP,"","",99036182,"",,"",0,0,16.750923,,0,,16.750923,,-0.024798000000004095,,0.6099370000000022,
2025,03,BSNZ,ZZ,REP,"","",99036185,"",,"",0,0,573.774949,,0,,573.774949,,417.36916,,219.854445,
2025,03,BSNZ,ZZ,REP,"","",99036188,"",,"",0,0,1253.527405,,0,,1253.527405,,770.461527,,500.686559,
2025,03,BSNZ,ZZ,REP,"","",99036189,"",,"",0,0,0,,0,,0,,-0.151839,,-3.729582,
2025,03,BSNZ,ZZ,REP,"","",99036197,"",,"",0,0,0,,0,,0,,-0.337999,,-8.302152,
2025,03,BSNZ,ZZ,REP,"","",99036200,"",,"",0,0,570.201419,,0,,570.201419,,525.744689,,227.751053,
2025,03,BSNZ,ZZ,REP,"","",99036205,"",,"",0,0,3094.911701,,0,,3094.911701,,2157.040353,,1200.9558729999999,
2025,03,BSNZ,ZZ,REP,"","",99036206,"",,"",0,0,0,,0,,0,,-0.259999,,-6.386271,
2025,03,BSNZ,ZZ,REP,"","",99036209,"",,"",0,0,0,,0,,0,,-0.472418,,-11.603854,
2025,03,BSNZ,ZZ,REP,"","",99036216,"",,"",0,0,0,,0,,0,,-0.151839,,-3.729582,
2025,03,BSNZ,ZZ,REP,"","",99036232,"",,"",0,0,202.127804,,0,,202.127804,,164.211454,,70.857052,
2025,03,BSNZ,ZZ,REP,"","",99036233,"",,"",0,0,109.160182,,0,,109.160182,,101.894021,,42.049126,
2025,03,BSNZ,ZZ,REP,"","",99036239,"",,"",0,0,539.111706,,0,,539.111706,,441.018265,,215.333134,
2025,03,BSNZ,ZZ,REP,"","",99036245,"",,"",0,0,192.618864,,0,,192.618864,,164.37314,,74.136492,
2025,03,BSNZ,ZZ,REP,"","",99036248,"",,"",0,0,0,,0,,0,,-0.1144,,-2.809959,
2025,03,BSNZ,ZZ,REP,"","",99036254,"",,"",0,0,0,,0,,0,,-0.777397,,-19.09495,
2025,03,BSNZ,ZZ,REP,"","",99036255,"",,"",0,0,410.20777,,0,,410.20777,,312.942817,,159.64739799999998,
2025,03,BSNZ,ZZ,REP,"","",99036270,"",,"",0,0,0,,0,,0,,0,,0,
2025,03,BSNZ,ZZ,REP,"","",99036273,"",,"",0,0,0,,0,,0,,-1.221995,,-30.015473,
2025,03,BSNZ,ZZ,REP,"","",99036278,"",,"",0,0,0,,0,,0,,-0.33492,,-8.226539,
2025,03,BSNZ,ZZ,REP,"","",99036287,"",,"",0,0,0,,0,,0,,0,,0,
2025,03,BSNZ,ZZ,REP,"","",99036290,"",,"",0,0,46.785328,,0,,46.785328,,40.76658,,17.26717,
2025,03,BSNZ,ZZ,REP,"","",99036297,"",,"",0,0,0,,0,,0,,-0.07384,,-1.813701,
2025,03,BSNZ,ZZ,REP,"","",99036308,"",,"",0,0,0,,0,,0,,-1.013996,,-24.906456,
2025,03,BSNZ,ZZ,REP,"","",99036317,"",,"",0,0,2068.738991,,0,,2068.738991,,1326.491534,,818.126046,
2025,03,BSNZ,ZZ,REP,"","",99036319,"",,"",0,0,0,,0,,0,,-0.159964,,-3.929153,
2025,03,BSNZ,ZZ,REP,"","",99036520,"",,"",0,0,0,,0,,0,,-0.059147,,-1.452813,
2025,03,BSNZ,ZZ,REP,"","",99036552,"",,"",0,0,0,,0,,0,,-0.382331,,-9.391075,
2025,03,BSNZ,ZZ,REP,"","",99036603,"",,"",0,0,0,,0,,0,,-0.251981,,-6.189318,
2025,03,BSNZ,ZZ,REP,"","",99036918,"",,"",0,0,0,,0,,0,,0,,0,
2025,03,BSNZ,ZZ,REP,"","",99036923,"",,"",0,0,41.921977,,0,,41.921977,,28.947747,,14.624322,
2025,03,BSNZ,ZZ,REP,"","",99036938,"",,"",0,0,697.329757,,0,,697.329757,,636.5711050000001,,271.072695,
2025,03,BSNZ,ZZ,REP,"","",99037002,"",,"",0,0,0,,0,,0,,-0.15661,,-3.84677,
2025,03,BSNZ,ZZ,REP,"","",99037050,"",,"",0,0,0,,0,,0,,-0.131182,,-3.222193,
2025,03,BSNZ,ZZ,REP,"","",99037055,"",,"",0,0,5085.200536,,0,,5085.200536,,3351.0538579999998,,2018.0218839999995,
2025,03,BSNZ,ZZ,REP,"","",99037067,"",,"",0,0,0,,0,,0,,-0.224439,,-5.512821,
2025,03,BSNZ,ZZ,REP,"","",99037102,"",,"",0,0,195.427435,,0,,195.427435,,158.187041,,78.058038,
2025,03,BSNZ,ZZ,REP,"","",99037123,"",,"",0,0,474.609485,,0,,474.609485,,301.42636300000004,,180.44456200000002,
2025,03,BSNZ,ZZ,REP,"","",99037212,"",,"",0,0,1020.443895,,0,,1020.443895,,580.421573,,407.587852,
2025,03,BSNZ,ZZ,REP,"","",99037215,"",,"",0,0,472.376029,,0,,472.376029,,408.304029,,188.677429,
2025,03,BSNZ,ZZ,REP,"","",99037222,"",,"",0,0,0,,0,,0,,-0.151,,-3.708954,
2025,03,BSNZ,ZZ,REP,"","",99037226,"",,"",0,0,0,,0,,0,,-0.322108,,-7.911823,
2025,03,BSNZ,ZZ,REP,"","",99037239,"",,"",0,0,0,,0,,0,,-1.031426,,-25.334591000000003,
2025,03,BSNZ,ZZ,REP,"","",99037241,"",,"",0,0,3113.996586,,0,,3113.996586,,2490.954686,,1243.799082,
2025,03,BSNZ,ZZ,REP,"","",99037267,"",,"",0,0,0,,0,,0,,-0.620566,,-15.242752,
2025,03,BSNZ,ZZ,REP,"","",99037271,"",,"",0,0,0,,0,,0,,-0.035074,,-0.861508,
2025,03,BSNZ,ZZ,REP,"","",99037287,"",,"",0,0,0,,0,,0,,-0.105625,,-2.594422,
2025,03,BSNZ,ZZ,REP,"","",99037292,"",,"",0,0,0,,0,,0,,-1.699352,,-41.740666,
2025,03,BSNZ,ZZ,REP,"","",99037674,"",,"",0,0,0,,0,,0,,-0.074763,,-1.836372,
2025,03,BSNZ,ZZ,REP,"","",99037784,"",,"",0,0,112.789548,,0,,112.789548,,85.92457999999999,,45.050639,
2025,03,BSNZ,ZZ,REP,"","",99037804,"",,"",0,0,106.033343,,0,,106.033343,,71.314841,,39.54951,
2025,03,BSNZ,ZZ,REP,"","",99037810,"",,"",0,0,0,,0,,0,,-0.185639,,-4.559797,
2025,03,BSNZ,ZZ,REP,"","",99037814,"",,"",0,0,106.089179,,0,,106.089179,,73.01831999999999,,37.233543,
2025,03,BSNZ,ZZ,REP,"","",99037815,"",,"",0,0,424.334381,,0,,424.334381,,487.846234,,169.488533,
2025,03,BSNZ,ZZ,REP,"","",99037817,"",,"",0,0,0,,0,,0,,-0.109142,,-2.680829,
2025,03,BSNZ,ZZ,REP,"","",99037819,"",,"",0,0,0,,0,,0,,-0.076512,,-1.879352,
2025,03,BSNZ,ZZ,REP,"","",99037820,"",,"",0,0,1580.148068,,0,,1580.148068,,1040.2134139999998,,593.594801,
2025,03,BSNZ,ZZ,REP,"","",99037825,"",,"",0,0,108.127208,,0,,108.127208,,99.210666,,40.523662,
2025,03,BSNZ,ZZ,REP,"","",99037830,"",,"",0,0,0,,0,,0,,-0.233404,,-5.7330190000000005,
2025,03,BSNZ,ZZ,REP,"","",99037832,"",,"",0,0,-44.669128,,0,,-44.669128,,-0.8092379999999999,,-23.127880999999995,
2025,03,BSNZ,ZZ,REP,"","",99037854,"",,"",0,0,0,,0,,0,,-0.03738,,-0.918154,
2025,03,BSNZ,ZZ,REP,"","",99037861,"",,"",0,0,348.419198,,0,,348.419198,,270.414753,,139.166331,
2025,03,BSNZ,ZZ,REP,"","",99038092,"",,"",0,0,0,,0,,0,,-0.08158199999999999,,-2.003884,
2025,03,BSNZ,ZZ,REP,"","",99038114,"",,"",0,0,657.350888,,0,,657.350888,,477.767603,,262.560478,
2025,03,BSNZ,ZZ,REP,"","",99038128,"",,"",0,0,1228.40102,,0,,1228.40102,,831.547436,,490.650525,
2025,03,BSNZ,ZZ,REP,"","",99038133,"",,"",0,0,186.962635,,0,,186.962635,,144.21645900000001,,72.359816,
2025,03,BSNZ,ZZ,REP,"","",99038138,"",,"",0,0,1831.434248,,0,,1831.434248,,1431.432799,,731.515329,
2025,03,BSNZ,ZZ,REP,"","",99038154,"",,"",0,0,497.524748,,0,,497.524748,,399.87215199999997,,198.722384,
2025,03,BSNZ,ZZ,REP,"","",99038159,"",,"",0,0,0,,0,,0,,-0.051852,,-1.273614,
2025,03,BSNZ,ZZ,REP,"","",99038163,"",,"",0,0,190.670173,,0,,190.670173,,174.511764,,76.157882,
2025,03,BSNZ,ZZ,REP,"","",99038173,"",,"",0,0,1227.569057,,0,,1227.569057,,988.108365,,441.109067,
2025,03,BSNZ,ZZ,REP,"","",99038180,"",,"",0,0,1217.222571,,0,,1217.222571,,670.0985579999999,,486.185606,
2025,03,BSNZ,ZZ,REP,"","",99038192,"",,"",0,0,0,,0,,0,,-0.19009,,-4.66913,
2025,03,BSNZ,ZZ,REP,"","",99038207,"",,"",0,0,209.481459,,0,,209.481459,,170.85337600000003,,83.671526,
2025,03,BSNZ,ZZ,REP,"","",99038210,"",,"",0,0,194.305123,,0,,194.305123,,147.565324,,72.861762,
2025,03,BSNZ,ZZ,REP,"","",99038345,"",,"",0,0,0,,0,,0,,-0.0338,,-0.830215,
2025,03,BSNZ,ZZ,REP,"","",99038356,"",,"",0,0,3341.049763,,0,,3341.049763,,2441.407112,,1318.789389,
2025,03,BSNZ,ZZ,REP,"","",99038357,"",,"",0,0,1916.7299469999998,,0,,1916.7299469999998,,1651.178851,,704.1669119999999,
2025,03,BSNZ,ZZ,REP,"","",99038358,"",,"",0,0,0,,0,,0,,-0.02652,,-0.6514,
2025,03,BSNZ,ZZ,REP,"","",99038491,"",,"",0,0,830.896034,,0,,830.896034,,655.5662830000001,,322.20311,
2025,03,BSNZ,ZZ,REP,"","",99038516,"",,"",0,0,0,,0,,0,,-0.244399,,-6.003095,
2025,03,BSNZ,ZZ,REP,"","",99038520,"",,"",0,0,0,,0,,0,,-0.05409,,-1.3286,
2025,03,BSNZ,ZZ,REP,"","",99038521,"",,"",0,0,351.43436499999996,,0,,351.43436499999996,,273.358342,,140.370655,
2025,03,BSNZ,ZZ,REP,"","",99038531,"",,"",0,0,0,,0,,0,,-0.052608,,-1.292198,
2025,03,BSNZ,ZZ,REP,"","",99038538,"",,"",0,0,586.282305,,0,,586.282305,,535.450731,,234.174114,
2025,03,BSNZ,ZZ,REP,"","",99038543,"",,"",0,0,437.120919,,0,,437.120919,,311.796565,,174.595759,
2025,03,BSNZ,ZZ,REP,"","",99038544,"",,"",0,0,0,,0,,0,,-0.206278,,-5.06674,
2025,03,BSNZ,ZZ,REP,"","",99038545,"",,"",0,0,0,,0,,0,,-0.294449,,-7.232452,
2025,03,BSNZ,ZZ,REP,"","",99038548,"",,"",0,0,0,,0,,0,,-0.031062,,-0.762968,
2025,03,BSNZ,ZZ,REP,"","",99038549,"",,"",0,0,667.803464,,0,,667.803464,,522.575734,,266.735467,
2025,03,BSNZ,ZZ,REP,"","",99038574,"",,"",0,0,0,,0,,0,,-0.757689,,-18.61087,
2025,03,BSNZ,ZZ,REP,"","",99038640,"",,"",0,0,0,,0,,0,,-0.124508,,-3.058257,
2025,03,BSNZ,ZZ,REP,"","",99038650,"",,"",0,0,0,,0,,0,,-0.469966,,-11.543631,
2025,03,BSNZ,ZZ,REP,"","",99038776,"",,"",0,0,0,,0,,0,,-0.15237,,-3.74261,
2025,03,BSNZ,ZZ,REP,"","",99038778,"",,"",0,0,0,,0,,0,,-0.087523,,-2.14981,
2025,03,BSNZ,ZZ,REP,"","",99038785,"",,"",0,0,1005.155886,,0,,1005.155886,,850.604387,,389.507864,
2025,03,BSNZ,ZZ,REP,"","",99038791,"",,"",0,0,0,,0,,0,,-0.385693,,-9.47365,
2025,03,BSNZ,ZZ,REP,"","",99038802,"",,"",0,0,0,,0,,0,,-0.039759,,-0.976589,
2025,03,BSNZ,ZZ,REP,"","",99038803,"",,"",0,0,0,,0,,0,,-0.967159,,-23.756033,
2025,03,BSNZ,ZZ,REP,"","",99038804,"",,"",0,0,494.152229,,0,,494.152229,,401.89325,,197.375325,
2025,03,BSNZ,ZZ,REP,"","",99038807,"",,"",0,0,0,,0,,0,,-0.380638,,-9.3495,
2025,03,BSNZ,ZZ,REP,"","",99038810,"",,"",0,0,0,,0,,0,,-0.91244,,-22.411979,
2025,03,BSNZ,ZZ,REP,"","",99038811,"",,"",0,0,936.599941,,0,,936.599941,,806.4596230000001,,353.510664,
2025,03,BSNZ,ZZ,REP,"","",99038812,"",,"",0,0,0,,0,,0,,-0.134149,,-3.29506,
2025,03,BSNZ,ZZ,REP,"","",99038814,"",,"",0,0,577.716999,,0,,577.716999,,498.484794,,230.75294200000002,
2025,03,BSNZ,ZZ,REP,"","",99038816,"",,"",0,0,0,,0,,0,,-0.215799,,-5.300605,
2025,03,BSNZ,ZZ,REP,"","",99038904,"",,"",0,0,0,,0,,0,,-0.010052,,-0.246893,
2025,03,BSNZ,ZZ,REP,"","",99038911,"",,"",0,0,0,,0,,0,,-8.429969,,-207.062696,
2025,03,BSNZ,ZZ,REP,"","",99038914,"",,"",0,0,0,,0,,0,,-1.048035,,-25.742547,
2025,03,BSNZ,ZZ,REP,"","",99038921,"",,"",0,0,141.824481,,0,,141.824481,,81.038974,,53.337382,
2025,03,BSNZ,ZZ,REP,"","",99038922,"",,"",0,0,0,,0,,0,,-0.025813,,-0.634029,
2025,03,BSNZ,ZZ,REP,"","",99038934,"",,"",0,0,0,,0,,0,,-0.192264,,-4.72252,
2025,03,BSNZ,ZZ,REP,"","",99038935,"",,"",0,0,0,,0,,0,,-0.115928,,-2.84751,
2025,03,BSNZ,ZZ,REP,"","",99038938,"",,"",0,0,0,,0,,0,,-0.526238,,-12.925812,
2025,03,BSNZ,ZZ,REP,"","",99038975,"",,"",0,0,0,,0,,0,,-2.868162,,-70.449763,
2025,03,BSNZ,ZZ,REP,"","",99038976,"",,"",0,0,42.000147999999996,,0,,42.000147999999996,,77.634467,,11.136712000000003,
2025,03,BSNZ,ZZ,REP,"","",99038978,"",,"",0,0,0,,0,,0,,-0.126762,,-3.113626,
2025,03,BSNZ,ZZ,REP,"","",99038980,"",,"",0,0,0,,0,,0,,-0.262113,,-6.438191,
2025,03,BSNZ,ZZ,REP,"","",99038981,"",,"",0,0,0,,0,,0,,-0.439268,,-10.789604,
2025,03,BSNZ,ZZ,REP,"","",99038983,"",,"",0,0,0,,0,,0,,-0.180481,,-4.433094,
2025,03,BSNZ,ZZ,REP,"","",99038984,"",,"",0,0,942.518601,,0,,942.518601,,797.613897,,349.522221,
2025,03,BSNZ,ZZ,REP,"","",99038985,"",,"",0,0,51.369497,,0,,51.369497,,35.30171,,20.518113,
2025,03,BSNZ,ZZ,REP,"","",99038988,"",,"",0,0,0,,0,,0,,-0.038462,,-0.944721,
2025,03,BSNZ,ZZ,REP,"","",99038993,"",,"",0,0,0,,0,,0,,0,,0,
2025,03,BSNZ,ZZ,REP,"","",99038996,"",,"",0,0,0,,0,,0,,-0.201192,,-4.941824,
2025,03,BSNZ,ZZ,REP,"","",99038997,"",,"",0,0,0,,0,,0,,-0.147825,,-3.630978,
2025,03,BSNZ,ZZ,REP,"","",99038998,"",,"",0,0,5527.80459,,0,,5527.80459,,4495.754996,,2207.927365,
2025,03,BSNZ,ZZ,REP,"","",99038999,"",,"",0,0,491.851768,,0,,491.851768,,346.026247,,196.45647,
2025,03,BSNZ,ZZ,REP,"","",99039003,"",,"",0,0,0,,0,,0,,-0.164759,,-4.046916,
2025,03,BSNZ,ZZ,REP,"","",99039004,"",,"",0,0,0,,0,,0,,-0.060666,,-1.490109,
2025,03,BSNZ,ZZ,REP,"","",99039008,"",,"",0,0,0,,0,,0,,-0.330407,,-8.115673,
2025,03,BSNZ,ZZ,REP,"","",99039009,"",,"",0,0,169.938114,,0,,169.938114,,141.38968699999998,,66.285007,
2025,03,BSNZ,ZZ,REP,"","",99039010,"",,"",0,0,0,,0,,0,,-0.974996,,-23.948515,
2025,03,BSNZ,ZZ,REP,"","",99039014,"",,"",0,0,28398.956489000004,,0,,28398.956489000004,,21293.580866000004,,11252.268901,
2025,03,BSNZ,ZZ,REP,"","",99039015,"",,"",0,0,0,,0,,0,,-0.318941,,-7.834038,
2025,03,BSNZ,ZZ,REP,"","",99039016,"",,"",0,0,952.323474,,0,,952.323474,,845.377732,,370.841793,
2025,03,BSNZ,ZZ,REP,"","",99039018,"",,"",0,0,0,,0,,0,,-0.105219,,-2.58446,
2025,03,BSNZ,ZZ,REP,"","",99039063,"",,"",0,0,2471.8890380000003,,0,,2471.8890380000003,,378.992443,,972.000081,
2025,03,BSNZ,ZZ,REP,"","",99039070,"",,"",0,0,0,,0,,0,,-0.0832,,-2.043607,
2025,03,BSNZ,ZZ,REP,"","",99039071,"",,"",0,0,0,,0,,0,,-0.080711,,-1.98249,
2025,03,BSNZ,ZZ,REP,"","",99039073,"",,"",0,0,0,,0,,0,,-0.234342,,-5.756074,
2025,03,BSNZ,ZZ,REP,"","",99039074,"",,"",0,0,0,,0,,0,,-0.042726,,-1.049456,
2025,03,BSNZ,ZZ,REP,"","",99039079,"",,"",0,0,339.206191,,0,,339.206191,,275.727218,,131.835038,
2025,03,BSNZ,ZZ,REP,"","",99039083,"",,"",0,0,0,,0,,0,,-0.097661,,-2.398811,
2025,03,BSNZ,ZZ,REP,"","",99039086,"",,"",0,0,0,,0,,0,,-0.141283,,-3.4703,
2025,03,BSNZ,ZZ,REP,"","",99039088,"",,"",0,0,0,,0,,0,,-0.072503,,-1.780875,
2025,03,BSNZ,ZZ,REP,"","",99039089,"",,"",0,0,875.738254,,0,,875.738254,,554.375881,,349.78922,
2025,03,BSNZ,ZZ,REP,"","",99039090,"",,"",0,0,0,,0,,0,,-0.543741,,-13.355736,
2025,03,BSNZ,ZZ,REP,"","",99039091,"",,"",0,0,543.511614,,0,,543.511614,,400.874562,,217.09055500000002,
2025,03,BSNZ,ZZ,REP,"","",99039130,"",,"",0,0,0,,0,,0,,-1.732287,,-42.549615,
2025,03,BSNZ,ZZ,REP,"","",99039131,"",,"",0,0,0,,0,,0,,-0.285843,,-7.021066,
2025,03,BSNZ,ZZ,REP,"","",99039132,"",,"",0,0,0,,0,,0,,-0.07228,,-1.775383,
2025,03,BSNZ,ZZ,REP,"","",99039133,"",,"",0,0,0,,0,,0,,-2.079991,,-51.090166,
2025,03,BSNZ,ZZ,REP,"","",99039135,"",,"",0,0,0,,0,,0,,-0.08372,,-2.056379,
2025,03,BSNZ,ZZ,REP,"","",99039140,"",,"",0,0,0,,0,,0,,-0.085904,,-2.110024,
2025,03,BSNZ,ZZ,REP,"","",99039141,"",,"",0,0,525.063265,,0,,525.063265,,426.516174,,203.716483,
2025,03,BSNZ,ZZ,REP,"","",99039142,"",,"",0,0,235.01545,,0,,235.01545,,231.94594600000002,,91.200905,
2025,03,BSNZ,ZZ,REP,"","",99039144,"",,"",0,0,0,,0,,0,,-0.259999,,-6.386271,
2025,03,BSNZ,ZZ,REP,"","",99039145,"",,"",0,0,0,,0,,0,,-0.145674,,-3.578163,
2025,03,BSNZ,ZZ,REP,"","",99039146,"",,"",0,0,1935.289971,,0,,1935.289971,,1709.114812,,772.997601,
2025,03,BSNZ,ZZ,REP,"","",99039148,"",,"",0,0,136.039829,,0,,136.039829,,97.038118,,54.337315,
2025,03,BSNZ,ZZ,REP,"","",99039153,"",,"",0,0,2336.753759,,0,,2336.753759,,1766.470865,,933.351113,
2025,03,BSNZ,ZZ,REP,"","",99039155,"",,"",0,0,177.928304,,0,,177.928304,,135.826361,,71.068498,
2025,03,BSNZ,ZZ,REP,"","",99039156,"",,"",0,0,1061.092801,,0,,1061.092801,,822.000365,,419.52379199999996,
2025,03,BSNZ,ZZ,REP,"","",99039157,"",,"",0,0,128.423743,,0,,128.423743,,62.671243,,50.364994,
2025,03,BSNZ,ZZ,REP,"","",99039159,"",,"",0,0,225.579096,,0,,225.579096,,172.184178,,90.101278,
2025,03,BSNZ,ZZ,REP,"","",99039163,"",,"",0,0,255.730758,,0,,255.730758,,184.310795,,102.144518,
2025,03,BSNZ,ZZ,REP,"","",99039164,"",,"",0,0,208.828173,,0,,208.828173,,170.286324,,83.410589,
2025,03,BSNZ,ZZ,REP,"","",99039165,"",,"",0,0,313.566111,,0,,313.566111,,209.34642,,125.245237,
2025,03,BSNZ,ZZ,REP,"","",99039168,"",,"",0,0,896.554068,,0,,896.554068,,640.082407,,358.103516,
2025,03,BSNZ,ZZ,REP,"","",99039783,"",,"",0,0,238.3433,,0,,238.3433,,170.008793,,95.199583,
2025,03,BSNZ,ZZ,REP,"","",99039786,"",,"",0,0,160.228162,,0,,160.228162,,131.749431,,63.99867,
2025,03,BSNZ,ZZ,REP,"","",99039788,"",,"",0,0,97.278194,,0,,97.278194,,78.906261,,38.855061,
2025,03,BSNZ,ZZ,REP,"","",99039790,"",,"",0,0,2242.390226,,0,,2242.390226,,1755.221256,,895.660232,
2025,03,BSNZ,ZZ,REP,"","",99039791,"",,"",0,0,187.945356,,0,,187.945356,,173.3588,,75.06953,
2025,03,BSNZ,ZZ,REP,"","",99039792,"",,"",0,0,244.786821,,0,,244.786821,,202.256254,,97.773268,
2025,03,BSNZ,ZZ,REP,"","",99039793,"",,"",0,0,132.890656,,0,,132.890656,,107.800585,,53.079466,
2025,03,BSNZ,ZZ,REP,"","",99039794,"",,"",0,0,1870.240553,,0,,1870.240553,,1521.063773,,747.015425,
2025,03,BSNZ,ZZ,REP,"","",99039795,"",,"",0,0,83.380511,,0,,83.380511,,63.645612,,33.30402,
2025,03,BSNZ,ZZ,REP,"","",99039796,"",,"",0,0,89.332672,,0,,89.332672,,81.59241800000001,,35.681444,
2025,03,BSNZ,ZZ,REP,"","",99039798,"",,"",0,0,237.913359,,0,,237.913359,,196.597958,,95.027856,
2025,03,BSNZ,ZZ,REP,"","",99039801,"",,"",0,0,722.433807,,0,,722.433807,,565.335883,,288.556034,
2025,03,BSNZ,ZZ,REP,"","",99039802,"",,"",0,0,482.644344,,0,,482.644344,,369.913459,,192.778822,
2025,03,BSNZ,ZZ,REP,"","",99039803,"",,"",0,0,241.213291,,0,,241.213291,,123.814413,,96.345921,
2025,03,BSNZ,ZZ,REP,"","",99039804,"",,"",0,0,767.817641,,0,,767.817641,,581.1939259999999,,306.683341,
2025,03,BSNZ,ZZ,REP,"","",99039810,"",,"",0,0,930.290427,,0,,930.290427,,663.574735,,371.578564,
2025,03,BSNZ,ZZ,REP,"","",99039812,"",,"",0,0,140.975768,,0,,140.975768,,119.80126,,56.308838,
2025,03,BSNZ,ZZ,REP,"","",99039815,"",,"",0,0,227.254189,,0,,227.254189,,209.890447,,90.770347,
2025,03,BSNZ,ZZ,REP,"","",99039823,"",,"",0,0,361.39558,,0,,361.39558,,275.054231,,144.349385,
2025,03,BSNZ,ZZ,REP,"","",99039825,"",,"",0,0,462.638159,,0,,462.638159,,330.003556,,184.787909,
2025,03,BSNZ,ZZ,REP,"","",99039826,"",,"",0,0,75.379154,,0,,75.379154,,56.280473,,30.1081,
2025,03,BSNZ,ZZ,REP,"","",99039845,"",,"",0,0,211.737251,,0,,211.737251,,160.83282,,84.572539,
2025,03,BSNZ,ZZ,REP,"","",99039846,"",,"",0,0,66.825015,,0,,66.825015,,51.007432,,26.691389,
2025,03,BSNZ,ZZ,REP,"","",99039847,"",,"",0,0,305.235319,,0,,305.235319,,232.988443,,121.917735,
2025,03,BSNZ,ZZ,REP,"","",99039848,"",,"",0,0,228.856694,,0,,228.856694,,142.076104,,91.410423,
2025,03,BSNZ,ZZ,REP,OTHR,"",88000002,6,,24,0,0,0,,0,,0,,-0.168804,,-4.146287,
2025,03,BSNZ,ZZ,REP,OTHR,"",88000139,"",,34,0,0,0,,0,,0,,48.929446,,0,
2025,03,BSNZ,ZZ,REP,OTHR,"",88000140,"",,30,0,0,0,,0,,0,,0,,0,
2025,03,BSNZ,ZZ,REP,OTHR,"",88000142,"",,16,0,0,0,,0,,0,,0,,0,
2025,03,BSNZ,ZZ,REP,OTHR,"",88000143,6,,24,0,0,0,,0,,0,,-0.039026,,-0.958579,
2025,03,BSNZ,ZZ,REP,OTHR,"",88000144,"",,28,0,0,0,,0,,0,,0,,0,
2025,03,BSNZ,ZZ,REP,OTHR,"",88000192,"",,24,0,0,0,,0,,0,,0,,0,
2025,03,BSNZ,ZZ,REP,OTHR,"",88000196,"",,26,0,0,0,,0,,0,,108.512479,,0,
2025,03,BSNZ,ZZ,REP,OTHR,"",88000200,"",,32,0,0,0,,0,,0,,654.944339,,0,
2025,03,BSNZ,ZZ,REP,OTHR,"",88000203,"",,38,0,0,0,,0,,0,,0,,0,
2025,03,BSNZ,ZZ,REP,OTHR,"",88000205,"",,32,0,0,0,,0,,0,,664.961389,,0,
2025,03,BSNZ,ZZ,REP,OTHR,"",88000205,6,,32,0,0,0,,0,,0,,-1.082624,,-26.592176999999996,
2025,03,BSNZ,ZZ,REP,OTHR,"",88000207,"",,42,0,0,0,,0,,0,,88.070769,,0,
2025,03,BSNZ,ZZ,REP,OTHR,"",88000222,"",,32,0,0,0,,0,,0,,180.837381,,0,
2025,03,BSNZ,ZZ,REP,OTHR,"",88000222,6,,32,0,0,0,,0,,0,,-0.11396,,-2.799166,
2025,03,BSNZ,ZZ,REP,OTHR,"",88000233,9,,"",0,0,32.385118,,0,,32.385118,,0.418806,,12.643863000000001,
2025,03,BSNZ,ZZ,REP,OTHR,BSIN,T10CN026,"",             16,16,0,0,0,,0,,0,,150.395372,,0,
2025,03,BSNZ,ZZ,REP,OTHR,BSIN,T10CN026,6,             16,16,0,0,0,,0,,0,,26.065646236,,-3.064515,
2025,03,BSNZ,ZZ,REP,OTHR,TBSC,TBRCL005,"",   1000/111-R20,20,0,0,0,,0,,0,,259.21494900000005,,0,
2025,03,BSNZ,ZZ,REP,OTHR,TBSC,TBRCL005,6,   1000/111-R20,20,0,0,0,,0,,0,,-0.200871048,,-4.7579,
2025,03,BSNZ,ZZ,REP,OTHR,TBSC,TBRCL007,"",       1200-R20,20,0,0,0,,0,,0,,138.820482,,0,
2025,03,BSNZ,ZZ,REP,OTHR,TBSC,TBRCL007,6,       1200-R20,20,0,0,0,,0,,0,,-0.022006177,,-0.521247,
2025,03,BSNZ,ZZ,REP,OTHR,TBSC,TBRCL013,"",        900-R20,20,0,0,0,,0,,0,,219.582267,,0,
2025,03,BSNZ,ZZ,REP,OTHR,TBSC,TBRCL013,6,        900-R20,20,0,0,0,,0,,0,,-0.103971694,,-2.462674,
2025,03,BSNZ,ZZ,REP,OTHR,ZDM,1DSC8010,"",A-8/500/600-R 9,9,0,0,0,,0,,0,,35.830224,,0,
2025,03,BSNZ,ZZ,REP,OTHR,ZDM,1DSC8013,"",        700-R12,12,0,0,0,,0,,0,,63.731677999999995,,0,
2025,03,BSNZ,ZZ,REP,OTHR,ZDM,1DSC8013,6,        700-R12,12,0,0,0,,0,,0,,-0.0032572169999999998,,-0.077147,
2025,03,BSNZ,ZZ,REP,OTHR,ZDM,1DSC8014,"",        650-R10,10,0,0,0,,0,,0,,46.299551,,0,
2025,03,BSNZ,ZZ,REP,OTHR,ZDM,1DSC8014,6,        650-R10,10,0,0,0,,0,,0,,-0.006858718,,-0.162467,
2025,03,BSNZ,ZZ,REP,OTHR,ZDM,1DSC8015,"",        500-R 8,8,0,0,0,,0,,0,,5.388214,,0,
2025,03,BSNZ,ZZ,REP,OTHR,ZDM,AGSCK035,"",    112/124- 28,28,0,0,0,,0,,0,,66.316904,,0,
2025,03,BSNZ,ZZ,REP,OTHR,ZDM,AGSCK049,"",95A-R24/112- 24S,24S,0,0,0,,0,,0,,0.111673,,0,
2025,03,BSNZ,ZZ,REP,OTHR,ZDM,T10C8030,"",      LT750 R15,15,0,0,0,,0,,0,,38.929145,,0,
2025,03,BSNZ,ZZ,REP,OTHR,ZDM,T10C8030,6,      LT750 R15,15,0,0,0,,0,,0,,-0.011342706,,-0.26867,
2025,03,BSNZ,ZZ,REP,OTHR,ZDM,T10CK011,"",      LT750 R16,16,0,0,0,,0,,0,,11.826152,,0,
2025,03,BSNZ,ZZ,REP,OTHR,ZDM,T10CK012,"",             16,16,0,0,0,,0,,0,,106.46328299999999,,0,
2025,03,BSNZ,ZZ,REP,OTHR,ZDM,T10CK012,6,             16,16,0,0,0,,0,,0,,-0.045009948,,-1.066124,
2025,03,BSNZ,ZZ,REP,OTHR,ZDM,T10CK015,"",             16,16,0,0,0,,0,,0,,70.817319,,0,
2025,03,BSNZ,ZZ,REP,OTHR,ZDM,T10CK015,6,             16,16,0,0,0,,0,,0,,-0.058517910000000006,,-1.386076,
2025,03,BSNZ,ZZ,REP,OTHR,ZDM,TBRCK013,"",        825-R15,15,0,0,0,,0,,0,,147.374621,,0,
2025,03,BSNZ,ZZ,REP,OTHR,ZDM,TBRCK013,6,        825-R15,15,0,0,0,,0,,0,,10.904076777,,-0.797709,
2025,03,BSNZ,ZZ,REP,OTHR,ZDM,TBRCK021,6,        750-R18,18,0,0,0,,0,,0,,-0.011165379,,-0.264455,
